"buildpermits","faillisementen","dax","cac40","ftse","sp500","fin_stress","GAS_EU","OIL_BRENT","GOLD","Short_interest","Long_interest"
"85","-57","-0.081449126410515","0.0368384113489908","-0.066441366936929","-0.0272552123830891","0.0417","0","-1.7","-18.82","-0.23","8.89"
"-116","48","0.0130316986505408","0.0293784672926174","0.108773049878955","0.0880009787379112","0.0411","0","-0.0500000000000007","-5.19","-0.0899999999999999","8.95"
"220","-34","0.0257877561401019","-0.0347693159274938","0.0125009568199639","-0.0089260849102093","0.0666","0","-1","-16.72","-0.120000000000001","8.96"
"251","-8","0.0200921243517271","-0.0350035735733334","-0.02059302944261","-0.00523684678881509","0.0481","0","1.85","10.2","-0.0899999999999999","8.74"
"-942","-6","-0.170178759891551","-0.150763716386242","-0.0728323128302311","-0.099062815412772","0.1116","0","9.5","32.2","0.27","8.99"
"373","51","-0.200007151428116","-0.119930309814522","-0.0831685894374159","-0.0525407104627691","0.0732","0","7.05","-5.41000000000003","-0.0299999999999994","9.16"
"197","10","0.0771573807998784","0.0929421650968747","0.0297510360573323","-0.00672074600511419","0.0515","0","1.95","-8.57999999999998","0","9.19"
"-256","-28","0.00144193377213409","-0.0246166276353561","0.0472025402687475","0.0582068444450341","0.037","0","-3.05","0.990000000000009","0.31","9.13"
"-425","-92","-0.03342229561345","-0.061676576796267","-0.00274868093482894","0.0245245568490668","0.04","0","-5","-4.78000000000003","0.58","9.06"
"195","113","0.022637468865419","0.0459776672531635","0.0124254222872375","0.0406790242987478","0.0633","0.62","-4.35","6.69","0.0199999999999996","9.15"
"-211","-5","0.0960608297394385","0.107888962011184","0.092613097103059","0.0651144585157759","0.0513","-0.0299999999999998","-4.25","-19.81","-0.32","8.64"
"126","18","-0.0319076910594571","0.031322471129041","0.0312590461803746","0.021959938353918","0.04","-0.0800000000000001","0.0500000000000007","-0.490000000000009","0.0300000000000011","8.66"
"136","-47","0.0586615821484537","-0.0205848714954033","0.0120178481092506","0.000319748237583184","0.0936","0.14","-0.199999999999999","-4.95999999999998","0.0599999999999987","8.57"
"233","53","0.0610114687623184","0.0454923793351707","0.00533529113567166","0.0378784401054393","0.039","-0.1","0.0500000000000007","-1.43000000000001","-0.0599999999999987","8.59"
"42","-28","-0.0505736936116934","-0.0633003836568449","-0.034474223710995","-0.0490774658601492","0.0825","-0.0800000000000001","-1.1","9.77000000000004","0.0199999999999996","8.64"
"315","21","-0.00273815378753195","0.00405446984792768","0.0695779785828385","0.0438822763169613","0.0537","-0.29","1.25","0.96999999999997","0.0199999999999996","8.82"
"-547","-49","0.018714755370616","0.0605877995926507","0.0217411953811215","0.0194582392017226","0.0882","-0.02","0.300000000000001","-11.38","0.17","8.84"
"238","15","-0.0272860304835989","0.00870518829635269","-0.00911271842958694","-0.0193293498695599","0.0584","-0.00999999999999979","0.75","-7.56999999999999","-0.0399999999999991","8.77"
"259","151","-0.016137251059523","-0.0127901700585751","-0.0214746775014216","0.0117647596767396","0.0589","-0.26","1.7","9.94999999999999","0.0299999999999994","8.72"
"-360","-34","-0.00552869114972054","-0.0650880356377881","-0.0584981049868736","-0.0448966478087369","0.0909","-0.00999999999999979","-0.949999999999999","1.48000000000002","0.0899999999999999","8.75"
"-188","-69","0.00393858240509815","0.0148345281729902","0.0296767940154625","0.105789493200655","0.111","0","-2.85","1.56","0.279999999999999","8.72"
"-191","8","0.0664917079982965","0.0602214881773095","0.0308457417886743","-0.0201249060419979","0.1056","-0.13","-0.25","-7.28000000000003","-0.149999999999999","8.39"
"417","-7","0.035581770340543","0.0560438831174297","-0.00354542417594406","0.00954385530957591","0.076","-0.0699999999999998","-0.0499999999999972","-0.539999999999964","0.0499999999999989","8.3"
"295","63","-0.0163981349686884","-0.0208882216314308","-0.0487882107414892","-0.0220737036066376","0.0441","0.0800000000000001","-0.5","-9.57000000000005","0.00999999999999979","8.31"
"-370","27","0.00565221857606968","0.0446531721601557","0.0840665888765253","0.027510797732174","0.0242","-0.11","1.35","-5.71999999999997","-0.109999999999999","8.31"
"-30","-63","0.0442970296902772","0.00108260663386872","0.0199570187499729","0.00096349251741934","0.0307","0.02","0.949999999999999","-1.38","0.0199999999999996","8.32"
"810","-4","-0.0288734238118158","-0.0674904998654284","-0.0713277104299728","-0.0175112642882969","0.0203","0.00999999999999979","1.25","3.56999999999999","0","8.3"
"-383","47","-0.0871444940741943","-0.079871738957535","-0.0494328617961131","0.038618306803877","0.0466","0.0499999999999998","-0.899999999999999","11.91","0.0600000000000005","8.34"
"-556","-106","-0.0500477360739229","-0.0405916451035804","-0.0369296225530604","-0.0242901634758201","0.0965","0.0100000000000002","-0.5","-9.66000000000003","0.24","8.36"
"321","199","-0.0399245081358881","0.0302805034501308","0.0988966633187198","0.00906438788534825","0.2042","0.00999999999999979","0.5","2.37","-0.470000000000001","8.04"
"-74","-8","0.0132377677623028","0.00327675441416186","0.0404177008480593","0.00210406758802506","0.1503","0.0600000000000001","0.0500000000000007","-1.05000000000001","-0.609999999999999","7.65"
"-311","-42","0.0365402059597111","0.0165067209712877","0.0443323583008413","0.0298129521792996","0.1257","0.0100000000000002","-1.1","-9.36000000000001","0.0399999999999991","7.51"
"-249","45","-0.00433912301743078","0.0476228104046141","0.0240709720007528","0.0100570251483205","0.0624","0","-1.05","-0.199999999999989","-0.119999999999999","7.4"
"13","-55","0.0228831364268789","-0.0471713333647505","-0.0139026415160206","0.00702128090816867","0.1056","0.12","-0.75","-5.81","-0.550000000000001","7.128"
"49","7","0.0651601226009078","0.112742078068795","0.0214273948443946","0.0104290554496353","0.0762","-0.0199999999999996","1.05","0.300000000000011","-0.0199999999999996","6.866"
"422","178","-0.00189466046517239","0.023761459287166","0.00372386365309296","0.0185246532428307","0.0374","0.00999999999999979","0.300000000000001","0.769999999999982","-0.49","6.563"
"-282","-132","-0.0302777405998427","-0.0465528460772608","-0.0230516735640993","-0.0257453969876007","0.0262","-0.0699999999999998","-0.100000000000001","12.07","-0.0699999999999994","6.596"
"79","-11","0.000233558906110432","-0.0262836404846229","0.00976337066029398","0.022463263865184","0.0516","0","-0.149999999999999","25.03","-0.46","6.67"
"529","61","0.0443083241989832","0.0431088213506134","0.0206602535057669","0.000754943497597083","0.0822","0","-0.850000000000001","4.70999999999998","-0.34","6.59"
"-43","12","0.069346671532708","0.0562028126823204","0.00909643275671002","-0.00534128500779385","0.0471","-0.02","-0.849999999999998","20.3","-0.180000000000001","6.43"
"-424","-61","0.0579717610646","0.0607290053941449","0.0575949417419617","0.0338524414108168","0.0466","-0.0100000000000002","-0.100000000000001","-13.35","-0.19","6.178"
"61","78","-0.0112699814612229","-0.0470636595422205","-0.0203673028244324","-0.0100381441750983","0.0616","-0.0299999999999998","-0.699999999999999","-23.56","-0.0100000000000007","5.975"
"61","-82","0.0778968882637505","0.0313761717501286","0.043012186889543","0.0192072763372995","0.0329","0","0.600000000000001","8.90000000000003","-0.0499999999999998","5.825"
"-33","92","-0.00585739953269115","-0.0335065012377092","-0.00129383495839086","-0.0129946925677409","0.0592","0","-1.45","9.64999999999998","-0.34","5.806"
"36","-45","0.0940154531648059","0.0722511576228895","0.0764194161820342","0.0100405987830392","0.0524","-0.02","-1.55","9.47000000000003","-0.36","5.682"
"-446","-16","-0.0281904861287643","0.0287683130095155","0.0212447997723366","0.0319837679060369","0.0448","-0.13","0.65","3.57999999999998","-0.38","5.607"
"233","-1","-0.0416090908177171","-0.0421275213744883","-0.0480157766247959","-0.030505597516048","0.0609","-0.11","-0.449999999999999","-4.96999999999997","0.0700000000000003","5.865"
"233","152","0.0186716559208771","-0.0723464442038821","-0.0753962683988956","-0.0468259306764001","0.1146","0","0.149999999999999","2.21999999999997","0.0300000000000002","6.29"
"-93","-189","0.049894490384391","0.0396012573515945","0.0125249626756609","0.0114646718785663","0.0893","0","1.2","-6.86000000000001","-0.0200000000000005","6.544"
"356","-65","-0.0524830480430527","-0.0648956059989709","-0.0508000053905011","0.0123209288658241","0.061","0","1.05","4.16000000000003","-0.17","6.752"
"300","189","-0.0560439032906226","-0.0703520719501416","-0.0174206994001018","-0.0271562390464464","0.0609","0","0.550000000000001","4.20999999999998","-0.0800000000000001","7.113"
"-86","-158","0.0629676978431251","0.092326683052975","0.0544638389967567","0.0310042689528469","0.0895","0.0600000000000001","0.850000000000001","-0.149999999999977","-0.13","6.905"
"-473","139","0.0251890447020209","-0.00284737619585584","0.053281502970691","0.0369091007906359","0.0711","0.04","-0.800000000000001","-5.13","0.0499999999999998","7.121"
"-98","-54","-0.0973784013647938","-0.0962143843328498","-0.0717141640144607","-0.0272453412439972","0.0812","0.02","-0.9","11.22","0.100000000000001","7.488"
"197","-75","0.029176172652746","0.0139499762859003","0.0232222510049329","0.0206197596486764","0.0727","0.0800000000000001","0.499999999999998","-1.81","0.13","7.551"
"-286","149","-0.00208798087360229","0.0361746334641424","-0.00517901089810913","-0.0403060983247592","0.0742","0.00999999999999979","0.800000000000001","-5.38","0.0300000000000002","7.536"
"-17","-171","0.0193661956284021","-0.049114157862447","-0.0051733192527621","0.0122240976788355","0.0575","-0.00999999999999979","-1.24","-5.09999999999997","0.19","7.587"
"-125","63","-0.035270150646145","-0.0452905145425326","-0.0244022942417459","0.0239876927407217","0.0621","0.1","0.669999999999998","-0.740000000000009","-0.24","7.709"
"-126","-61","0.0354322764193755","-0.0117490440234578","0.00589911582229341","0.0354387127748153","0.0641","0","0.449999999999999","-1.91000000000003","-0.0699999999999994","7.539"
"234","112","-0.0913573586504048","0.045437347907427","0.0418462454488946","0.0269624201036427","0.1085","-0.0100000000000002","-0.0699999999999967","5.48000000000002","-0.0100000000000007","7.42"
"-171","-87","0.0525264215167605","0.0312359963218816","0.0248022188937735","0.0275766038428387","0.054","0.0600000000000001","1.66","8.90999999999997","-0.409999999999999","7.173"
"512","-35","0.0398313912527719","0.0152595745154738","0.0314280401408098","0.0356679795657247","0.0697","0","-0.290000000000003","-5.80999999999995","-0.2","6.916"
"135","12","-0.00520886261059239","-0.0468720606305641","-0.0014470321148714","0.0210553163061711","0.0457","0.02","-1.03","2.33999999999997","-0.21","6.831"
"-507","21","0.0619325433551525","0.0323940414499111","0.0438849236866012","0.0312816275925121","0.0402","0.0699999999999998","-1.49","-1.32999999999998","-0.100000000000001","6.851"
"279","30","0.00525944840514381","-0.0192465192029525","0.00417801814941576","-0.000320288764398491","0.0398","0","0.210000000000001","-2.56","-0.0800000000000001","6.744"
"-332","4","-0.0148621651185294","-0.0517572880392327","0.008703147503482","0.0393144326915884","0.0597","-0.02","0.710000000000001","-0.610000000000014","-0.18","6.579"
"90","18","-0.0162631318865278","0.0142129728954394","0.00593983709338808","-0.00499177338571233","0.0488","-0.0299999999999998","-0.66","0.0799999999999841","0.02","6.59"
"111","-13","0.0403564342969691","0.0078522484602308","0.037594425912058","0.0402288613213519","0.042","0","0.759999999999998","2.17000000000002","-0.12","6.352"
"-151","-111","0.00254227229310455","0.0236207779022246","0.00679941688009578","0.0172934755413952","0.0638","-0.02","1.08","2.13","-0.16","6.092"
"-146","90","0.0857100688154526","0.0765850603660843","0.018796031451032","0.0320967312736506","0.0549","0.02","-0.0199999999999996","12.01","-0.38","5.867"
"96","-54","0.00896494503237388","-0.0150558458060015","-0.00846816171831222","0.00690977421523264","0.0563","0.02","0.0299999999999976","5.31","-0.18","6.214"
"-94","37","0.00167660741887854","0.0267634165488193","-0.00751289904353136","0.00788539597634763","0.0456","-0.1","2.02","-8.55000000000001","0.0699999999999998","6.448"
"92","-40","0.00131665943513504","0.0486783749809039","0.0314487855746162","0.0133420201057071","0.0734","0.43","1.02","-3.35999999999996","-0.23","6.346"
"225","45","0.0124313568604917","-0.0172429979720361","-0.0185314934707002","0.0225961785504998","0.084","-0.29","-1.89","-0.920000000000016","-0.24","6.348"
"551","-28","0.0183073796401469","0.00642444122000718","-0.00986763210944375","0.00225416742679219","0.0813","0","-0.850000000000001","-6.66000000000003","0.2","6.465"
"-350","-4","-0.0311921287861043","-0.062064738934712","-0.0021040845289253","-0.0468275089929193","0.0789","-0.0300000000000002","1.34","-1.79999999999995","0.18","6.41"
"-122","-12","0.017107490686203","-0.0127570357312594","0.0434368873275517","0.0186391420307617","0.0574","0.0100000000000002","0.969999999999999","3.88","-0.0700000000000003","6.242"
"317","16","0.046636761912759","0.0790976406895947","0.0220176521087456","0.0527853416930757","0.0463","0","2.01","-4.21000000000004","-0.2","6.102"
"-226","96","0.00597345153769879","0.00360375318606376","0.00640385062815163","0.0257661848107205","0.0735","0.15","1.59","-2.06999999999999","0.0800000000000001","5.879"
"-26","-95","0.0643092818963584","0.0786725498790082","0.0196345537896381","0.0708089630565469","0.054","0.02","-1.54","-3.21999999999997","0.12","5.76"
"-485","-9","0.0109026982462304","0","0.0147987779955425","-0.0217400256201898","0.1222","0","1.26","-8.85000000000002","0.0700000000000003","5.718"
"-160","90","0.0532860109712718","0.0831968266352865","0.0374821543064172","0.05951062654617","0.1538","-0.0699999999999998","-0.43","-13.89","-0.0500000000000003","5.655"
"-63","-59","0.0709455408775046","0.0355981496798607","0.00757217571295499","0.00591009118905639","0.1562","0","-2.64","-8.53000000000003","-0.02","5.468"
"359","-40","0.0440295731148979","0.0185777598657895","0.0010671596179499","-0.0435486361821429","0.1608","-0.0600000000000001","-1.62","5.23000000000002","0.19","5.645"
"359","33","0.00884036224185003","-0.00649522738127484","0.0281425604516325","0.0567636050323612","0.1564","-0.0600000000000001","-1.74","-7.33999999999997","0","5.794"
"-294","11","0.0356109890765115","-0.0212896577275989","0.0409229390419572","0.0569254445745235","0.0805","-0.0299999999999998","1.67","-0.630000000000052","0.02","5.702"
"705","-63","0.0557225996218769","0.100927212097436","-0.00362018349353299","0.0425350366289043","0.1151","0.0199999999999996","-1.59","-3.07999999999998","0.00999999999999979","5.618"
"-448","74","0.156608605711437","0.0733054420456281","0.0637088221319342","0.0752427225584924","0.1609","-0.0899999999999999","0.849999999999998","-16.66","0.02","5.488"
"-237","-128","-0.11682021374561","-0.104504692371732","-0.0185095258620951","-0.0591828952940654","0.1524","0","0.310000000000002","-0.0900000000000318","0.17","5.604"
"577","111","0.0582478959142918","0.0823473421200394","0.0848676199366523","0.0517890825490754","0.1101","0.0300000000000002","-0.260000000000002","-1.19","0.0100000000000002","5.554"
"46","22","-0.101554646242391","-0.0936727202492582","-0.0797329671124842","-0.0350860778207736","0.1454","-0.0700000000000003","1.4","2.05000000000001","0.15","5.568"
"-392","-26","0.0565585660438614","0.0411591978745447","-0.00217074550544183","0.0436214533803279","0.1179","0.0300000000000002","-0.850000000000001","-18.83","0.17","5.538"
"86","-42","0.0615636138436706","0.0493838930135411","0.0609581809986128","0.0156091381815244","0.0953","-0.0100000000000002","-2","-17.3","-0.0600000000000001","5.292"
"130","8","0.0550312569056395","0.0758020637059236","0.0550299727910328","0.0680783664885869","0.0638","-0.02","-1.03","8.38999999999999","-0.04","5.014"
"519","115","0.0824459361268683","0.124427168080455","0.0281911725439112","0.0487384622054998","0.0648","-0.02","-0.98","-1.55000000000001","0.0100000000000002","4.94"
"-403","-36","0.0278550211810948","0.00144912702436883","-0.000640826445122755","0.00903552566870935","0.0592","-0.0699999999999998","0.31","12.35","0.11","4.945"
"-653","-14","0.0503704651346943","0.0561483379370955","0.0609968171144644","0.0100990103368641","0.0778","0","-1.91","0.360000000000014","-0.21","5.068"
"47","-146","0.0585004370771287","0.0404595388644662","-0.00978043520284544","-0.0190056926596576","0.0855","-0.0300000000000002","1","-9.19","0.0699999999999998","4.997"
"668","83","0.0499874803975402","0.0393739053669613","-0.0065110236090451","0.0386804139824299","0.0754","-0.00999999999999979","-2.33","-6.78000000000003","-0.0899999999999999","4.847"
"-187","5","0.00330852730808928","-0.00623815023385355","0.000771228077454111","-0.0116833117841351","0.0486","-0.1","-0.0500000000000007","0.550000000000011","-0.04","4.763"
"-535","-118","-0.19738952828326","-0.103858569777886","-0.106120349138752","-0.157586078683432","0.1803","-0.0299999999999998","-0.129999999999999","-8.75999999999999","-0.0600000000000001","4.533"
"940","214","-0.0823581005193645","-0.163298978856176","-0.0358781143737446","0.0605262781981875","0.3532","-0.04","1.48","4.87","-0.0899999999999999","4.192"
"-782","-176","0.0570386817091002","0.0967830462346324","0.0712492306218415","0.077233437891679","0.3229","-0.16","-0.799999999999999","6.94999999999999","-0.0300000000000002","4.143"
"-30","14","0.0690086236588794","0.0870591469047053","0.0546535231189758","0.0574440362046964","0.2079","-0.02","-1.64","-1.81","0.1","4.185"
"540","-72","-0.00390130640635711","0.0255034427629646","0.0238604525288721","0.0548435076467193","0.1347","-0.02","-1.12","-2.44","-0.0899999999999999","3.953"
"-929","-21","0.0341100320510392","0.0754867767241034","0.00227529723627029","0.0401908586154818","0.1349","-0.11","1.26","-4.60000000000002","-0.1979","3.801"
"75","42","-0.0548180127478002","-0.0380788530083418","0.0462509376423839","-0.0328151376002515","0.0939","-0.0100000000000002","-0.860000000000001","0.25","-0.0387","3.932"
"643","63","-0.00792081737390582","0.0253160842646203","0.0192781996767408","0.0380606322589117","0.0707","-0.0599999999999998","2.27","-1.37","-0.0467","4.139"
"-274","-48","0.096923833592097","0.0482401255638383","0.039997608717945","0.0372418599721316","0.1335","-0.0799999999999998","2.83","-3.33999999999997","-0.3502","3.995"
"82","-79","-0.0559834086215876","-0.012347371817194","-0.0510346746974992","-0.0252875323361152","0.0816","0.0199999999999998","-0.16","-6.18000000000001","-0.1175","4.193"
"295","101","0.0593506054727424","0.0417076450780982","0.0147156119899936","0.0530082375900882","0.1513","0.02","0.629999999999999","-15.13","0.0476999999999999","4.513"
"-236","-83","-0.0528060849864627","-0.0346610599814845","-0.0138005916603685","-0.032570808945743","0.1066","0.0900000000000001","3.24","-5.23000000000002","0.0497999999999998","4.821"
"-24","-8","0.0325693036077546","0.0461911749188904","0.00232403560634609","-0.0062737304431888","0.1262","0.0800000000000001","1.21","0.610000000000014","0.0185","5.03"
"72","73","-0.0232127461634679","0.000479205591172871","-0.0352914718605977","-0.0289673234211003","0.1384","0.12","2.18","8.05000000000001","0.0317000000000003","5.215"
"-234","-38","0.0703919056687603","0.0627207515711259","0.0367792690485338","0.0606618366085536","0.1163","0.27","-0.449999999999999","45.98","0.649","5.449"
"448","24","0.06492532050218","0.0886189206518537","0.0531522668467108","0.0188824579615936","0.1466","0.0399999999999996","2.64","-17.54","0.0919999999999996","5.178"
"148","-3","0.165631271201701","0.109259532954217","0.049243354799815","0.056232775045105","0.1572","0.15","1","-10.11","-0.0216999999999996","5.276"
"-870","-19","-0.0177679528135233","-0.0513981994372639","-0.100351609423095","-0.0522448509654208","0.1171","0.7","-0.210000000000001","1.25","-0.1029","5.666"
"374","35","0.111848686011589","0.0896998240535254","-0.00574349469267155","-0.0203130024369012","0.1317","0.1","2.32","15.54","0.1937","5.655"
"334","20","-0.00592495119801839","0.0152427042816186","0.0481741790233841","0.0923237506366767","0.1093","0.0499999999999998","-0.23","-13.47","0.2102","5.479"
"-488","-59","-0.024606156310881","0.0210416750275844","-0.0330783820562939","-0.0312799109533906","0.1518","0.17","-4.93","-6.69999999999999","0.1783","5.381"
"348","73","-0.0420060243650866","0.00101814755660357","0.00504462407456074","-0.0221587523957556","0.1327","-0.13","4.8","-4.5","0.4367","5.501"
"-23","-43","-0.0301938662604719","0.00315087472589859","-0.00737050971541464","0.0236516315584323","0.0883","0.0500000000000003","2.34","10.54","0.139699999999999","5.309"
"-223","20","0.0414806950378388","0.0147743039028239","0.00829782476447072","-0.0164762671934851","0.0772","0.36","-1.15","-4.14000000000004","0.0812000000000008","5.401"
"198","96","0.00362052221430176","0.0125958915969235","0.0471632719186932","0.0589282236915327","0.0897","0.0499999999999998","0.899999999999999","-7.11999999999995","0.194199999999999","5.361"
"-233","-98","-0.0597170486771681","-0.0556750428998818","-0.0583959994278764","-0.0549663208767477","0.0595","0.0200000000000005","3.19","-0.79000000000002","0.0757000000000003","5.414"
"-73","86","0.0402661314824453","0.0206936114759007","0.0226514414125951","-0.00496177469188552","0.0577","0.279999999999999","-1.69","-3.68000000000001","0.188499999999999","5.348"
"-94","55","-0.104947060037444","-0.0762319265553284","-0.0470970309052881","-0.0834561879235913","0.0439","0.0800000000000001","1.59","-3.99000000000001","0.0507","5.296"
"-52","-135","0.00957059818053096","-0.00028008874450336","0.0129887392895078","0.00404525254568533","0.1091","0.0500000000000007","-7.39","5.44","-0.1528","5.029"
"595","87","0.0546718807322115","0.012087502305242","0.0119809739850183","0.0340502314092612","0.0928","0.21","0.510000000000002","-5.95999999999998","-0.1685","4.93"
"-167","4","-0.090330191317868","-0.111149288989605","-0.0621710895117591","-0.0968311448208681","0.0699","-0.0600000000000005","1.77","-3.62","-0.0148999999999999","4.916"
"54","2","-0.0628690221750379","-0.0354665581816533","-0.0492151851641349","-0.0663585345479358","0.1685","-0.0199999999999996","-3.01","1.15999999999997","-0.0472000000000001","4.826"
"-472","-26","0.0718918782012423","0.0849973837978144","0.0574778339712108","0.0740070171655907","0.1426","-0.0899999999999999","1.24","-2.54999999999995","-0.0265999999999993","5.016"
"511","117","-0.0228057394211376","-0.0335052367081392","-0.0290417244239549","0.00507727619249909","0.1557","-0.12","2.81","11.88","-0.0453000000000001","5.221"
"-154","-104","-0.0106521779260742","-0.0428661411377291","-0.0268753344064372","-0.0253541054918207","0.1229","-0.0300000000000002","-0.73","-2.13","-0.1831","5.17"
"196","100","-0.033089773719496","-0.0271226952350396","-0.0203021584018366","-0.0107982413190246","0.0781","-0.58","-3.18","-2.70000000000005","0.0135000000000005","5.172"
"-672","-20","-0.121971625769678","-0.081103459101616","-0.033863526830709","-0.0662556285291691","0.0906","0.04","1.16","4.86000000000001","-0.1136","4.979"
"251","-58","-0.185872463927224","-0.139435045952787","-0.0862327223471606","-0.0852566327694193","0.1343","0","-0.16","11.03","-0.3706","4.979"
"332","127","0.0566232353052953","0.0623147795642023","0.0274177731270804","0.0179372722626825","0.0606","-0.27","-5.06","-0.360000000000014","-0.383","4.765"
"-693","-59","0.0902861146045275","0.0305716604135249","0.0320041172553953","0.0724842799367105","0.0746","-0.0600000000000001","-1.54","-6.89999999999998","-0.2142","4.62"
"-255","-99","0.0335380733508046","0.0326423645296163","0.00264846228843396","0.00754529660903813","0.0479","-0.0600000000000001","-0.34","-0.310000000000002","-0.0407999999999999","4.89"
"-239","171","-0.0102244205320652","-0.0358175860054004","-0.0101328329634018","-0.0156963785927955","0.1172","-0.34","0.889999999999997","5.65999999999997","-0.00609999999999999","4.969"
"66","-82","-0.0135080163931018","0.000251010539509267","-0.0124297428965647","-0.0209848611197936","0.0871","-0.0300000000000002","0.800000000000001","13.99","0.0183","5.025"
"176","-14","0.0686734417570793","0.0491913253128757","0.0329352242242038","0.0360801066672156","0.0567","-0.0599999999999996","3.4","-1.44","0.0337000000000001","5.272"
"145","-20","-0.068252795311972","-0.0492473431370666","-0.020350541929762","-0.0633846547446835","0.0635","-0.16","1.96","8.62","0.0160999999999998","5.25"
"36","46","-0.0452230593783476","-0.0430630592403567","-0.0157065670403025","-0.0091229693767847","0.06","0.02","-0.259999999999998","11.81","0.0602","5.306"
"224","3","-0.0947880862863872","-0.0922388872674951","-0.0880721177754591","-0.0752143496031783","0.1385","0.0699999999999998","-1.26","6.69","-0.00309999999999988","5.162"
"-220","137","-0.169262414143372","-0.132172306730915","-0.0922180850948049","-0.0822998845936382","0.1469","0.0500000000000003","1.64","-7.88999999999999","-0.0539999999999998","4.993"
"-60","-179","0.00345337187984107","-0.0145012555389776","-0.00446106614029418","0.00486955774176945","0.1526","0.0599999999999996","0.859999999999999","-3.03000000000003","-0.0581","4.711"
"-24","82","-0.293326910894897","-0.192254247901245","-0.12735600983989","-0.116561140508388","0.3002","0.0700000000000003","1.71","8.88","-0.0418000000000003","4.497"
"569","128","0.129809747935647","0.125881940623059","0.0819629843585474","0.0829143961191541","0.2493","0.2","-0.789999999999999","-2.57999999999998","-0.0488","4.58"
"-167","-117","0.0517543475307818","0.0545505986131953","0.0316016974410349","0.0555005710434999","0.2147","0.0600000000000001","-3.37","2.50999999999999","-0.1372","4.555"
"262","-25","-0.137895101857376","-0.0822739128062846","-0.0564899009280122","-0.0622292661977211","0.1441","0.02","4.34","12.85","-0.1831","4.363"
"-1031","96","-0.0513545447890387","-0.042003656376056","-0.0994452044486156","-0.0277974877305516","0.251","0.25","2.73","24.94","-0.1092","4.189"
"112","-18","-0.0758756916783803","-0.064608350732656","0.0244232533626239","-0.0171498294997656","0.3566","0.0600000000000001","1.4","2.11000000000001","-0.1443","3.971"
"834","-19","-0.0495703613051495","-0.050493498443462","-0.0116387694080284","0.00832283659298838","0.4635","0.0700000000000003","-2.31","-18.42","-0.1575","4.013"
"-682","174","0.193737746860205","0.120462094724243","0.0829996001322382","0.0779273400263794","0.3796","0.29","-5.32","-12.37","0.0033000000000003","4.232"
"-390","-37","0.0137189708881884","0.0128100619420977","0.0306265635070506","0.049645711997826","0.5225","0.00999999999999979","0.789999999999999","27.5","-0.1328","3.913"
"761","-20","0.076739289354558","0.0304014119013161","-0.00418357308962314","0.0112585981406284","0.4972","0.00999999999999979","1.74","0.670000000000016","-0.2486","3.722"
"-422","20","0.0797269065256163","0.0400951396114309","0.0307295739988032","0.0160935040134786","0.4211","-0.00999999999999979","0.849999999999998","-5.33000000000004","-0.0219","4.036"
"-139","-161","-0.000940855469513835","0.0310220248755488","0.000985825594828071","0.0177153559439551","0.289","-0.0600000000000001","1.43","8.75","0.0104000000000002","4.185"
"444","273","-0.0676085567398612","-0.0547510957624535","-0.0169167059683417","-0.0120162716714285","0.3165","-0.00999999999999979","-2.73","19.18","0.00689999999999991","4.212"
"-70","-64","0.115627929528188","0.0732358530947543","0.0468643787146767","0.0535042607031233","0.2729","-0.0900000000000003","2.49","-0.0299999999999727","-0.00369999999999981","4.27"
"-217","-19","0.0243083276581135","0.0151783331612787","0.012746110953838","0.00710321639066258","0.2129","0.02","-0.82","10.99","0.0153999999999996","4.409"
"1193","-55","0.0568709418875954","0.0381302882736225","0.0304575512445293","0.0495189849711046","0.1504","0.0700000000000003","1.16","17.04","-0.0126999999999997","4.326"
"-1457","1","0.0232919255381123","0.0223845465143686","-0.0194421086480911","0.0171288470577151","0.189","-0.1","1.25","6.84000000000003","-0.0568","4.181"
"37","36","-0.0100140462012739","0.0236299476827693","0.022853890798757","0.0121350453361053","0.1335","0.02","-0.309999999999999","-8.91000000000003","-0.0190000000000001","4.122"
"549","134","-0.0410121816684015","-0.0272672207712716","-0.023993310223215","-0.0164942041786418","0.1967","-0.0300000000000002","2.93","1.79000000000002","-0.0417000000000001","3.934"
"-434","-163","0.0327781158462699","0.0134394739427943","0.0234366351420334","-0.0169333147130644","0.1275","0.0600000000000001","-0.439999999999998","-3.41000000000003","0.02","4.127"
"20","5","-0.0161387381189027","-0.0012663953336034","-0.0132282986796444","0.0120110280360963","0.1994","0.0300000000000002","4.56","-19.48","0.0371000000000001","4.371"
"791","104","0.0329394626070112","0.0171187107773907","0.00751001893783254","0.0178291113621114","0.1155","0.0599999999999996","-2.73","8.59000000000003","0.0267999999999997","4.422"
"-158","-103","-0.0395404176045986","-0.0232771603210491","-0.0114902356565398","-0.0348922348471667","0.1198","0.27","3.18","5.71999999999997","0.0033000000000003","4.306"
"220","7","-0.0287489483535719","-0.0145886570994662","0.0104143467612019","0.00228473831990428","0.124","0.0599999999999996","4.66","2.42000000000002","-0.00170000000000003","4.146"
"-429","81","0.0280529987800957","0.0128075783976271","0.0246964423175697","0.00932030621827007","0.0616","0.0700000000000003","0.350000000000001","4.76999999999998","0.00429999999999975","4.09"
"-44","-130","0.017152798593207","0.0180231051332331","0.0116152237069649","0.013916952102818","0.06","0.42","6.44","15.18","0.0287000000000002","3.964"
"551","121","0.0410012600622363","0.0125809557656247","0.0169397443665851","0.0378687769068282","0.0381","0.13","-6.77","18.92","0.0230000000000001","3.845"
"1327","-65","0.0310401525328263","0.0177986780980302","0.0233474454549238","0.0319425732114826","0.0319","0.0499999999999998","-3.41","2.69999999999999","0.0028999999999999","3.632"
"-2302","38","-0.000289035389346992","0.0239266294869296","0.00786216400358164","-0.0256157676953057","0.0181","0.45","4.64","-18.05","-0.0278","3.558"
"-121","43","0.022229004429434","0.0285807431383205","0.0236652045972896","0.0187268980560269","0.03","0.0300000000000002","1.28","-0.67999999999995","-0.00709999999999988","3.547"
"442","148","-0.000395485126825079","0.0100360121851146","-0.0150263092274283","-0.0193027609216907","0.0261","0.0299999999999994","7.52","10.5","-0.0011000000000001","3.689"
"-74","-169","-0.0384246169421409","-0.0391227946484669","-0.0191216119078526","-0.0203135115002224","0.0259","0.340000000000001","-1.22","-4.62","0","3.477"
"240","12","0.0638215512792346","0.0520557187033006","0.0332418047883607","0.0295122444890197","0.0338","0.0299999999999994","-3.19","-7.36000000000001","-0.0116000000000001","3.304"
"468","73","0.0277792056466701","0.0260180128407956","0.029613602167073","-0.000142724364505575","0.0521","0.0200000000000005","5.64","8.79000000000002","-0.0145999999999997","3.134"
"-514","-90","0.0634071097178417","0.0512467434334205","0.0325361024456683","0.0353365322718684","0.0247","0.51","3.27","-6.18000000000001","0.00839999999999996","3.269"
"-53","-16","-0.0116940296027597","-0.0118360388945185","0.00276015338205937","-0.011285547502899","0.036","0.14","6.51000000000001","13.45","0.0130999999999997","3.283"
"100","30","0.0434409604633572","0.0446016110011627","0.0335636151474308","0.00692499112119283","0.0413","0.0200000000000005","-1.11000000000001","18.12","0.00660000000000016","3.116"
"588","-39","-0.0230729380778634","-0.0362061046210691","-0.0297197214908049","-0.0179000339063426","0.0404","0.7","-4.45999999999999","13.85","0.0575000000000001","3.279"
"142","141","0.0522382762129823","0.0290917877589933","0.0197204641550854","0.0345812139547279","0.0311","0.18","-2.98","6.77000000000004","0.1643","3.478"
"-98","-186","0.0405388014484593","0.0318513523445052","0.0354320000652084","-0.000952803089930399","0.029","0.0300000000000002","1.21","33.43","0.112","3.353"
"-963","88","0.0479933839014404","0.048183789659614","0.0248714395641088","0.0251478956075806","0.0384","0.47","6.82","39.76","0.0387999999999997","3.327"
"130","-6","0.0212541773322332","0.0105464665792976","0.00540180261207546","0.000453055083400322","0.0455","-0.00999999999999979","-3.65","5.13999999999999","0.0887000000000002","3.476"
"823","81","0.0295854082402833","0.0431322952774256","0.0294506864463937","0.0110347035094502","0.0432","0.04","2.33","2.09000000000003","0.1222","3.656"
"-624","-131","0.00664612763186945","-0.00623489706216773","0.00976008132246697","0.012082366269226","0.03","0.25","8.19","53.5599999999999","0.0712000000000002","3.921"
"-75","59","-0.0541937343491465","-0.0510498113533284","-0.0509692067992091","-0.031404929320316","0.0421","0.0399999999999991","-0.25","64.74","0.0951999999999997","3.964"
"672","-120","-0.00167891413519428","0.00723109018485424","0.0189671176666852","0.0000865927553350687","0.0508","0.00999999999999979","-1.33","-79.24","0.0967000000000002","3.973"
"-556","14","-0.00023577843641398","0.00871349993373194","0.0161374570283428","0.00507298940598844","0.0317","0.290000000000001","5.04000000000001","37.5600000000001","0.1165","3.994"
"96","4","0.030778150594637","0.0305927301647184","-0.00375172940811908","0.0210510566201956","0.023","0.130000000000001","-0.290000000000006","-1.12","0.1243","3.903"
"727","3","0.0244046965885332","0.0163170822662106","0.00921893584439992","0.024269399114309","0.0204","0.0599999999999987","-10.84","-34.4","0.1089","3.778"
"-1078","-24","0.0431231899529667","0.0186292090190161","0.0278596000965621","0.031021812670561","0.0179","0.200000000000001","-4.39","-12.4100000000001","0.1666","3.82"
"569","-1","0.00640321272934585","-0.00395075670861367","-0.0131878464022481","0.0163325511312298","0.0248","0.0199999999999996","0.0999999999999943","42.0500000000001","0.0952000000000002","3.749"
"941","-44","0.0445955703277523","0.0394037085097114","0.0280220632617034","0.0125368668579116","0.02","-0.0700000000000003","3.83000000000001","1.95999999999992","0.0870000000000002","3.819"
"-1519","132","0.0287169760704433","0.0119373392862556","-0.00284930161140906","0.013961131307326","0.0232","-0.33","-8.01000000000001","1.38","0.0676999999999999","4.052"
"-274","-138","-0.0109104937027134","-0.0165384975026761","-0.00510726263398631","-0.0220883370533773","0.0341","-0.0299999999999994","3.46","33.58","0.0663","4.074"
"983","31","0.0295771116797496","0.0211371563492442","0.0218767488989453","0.00993051178469884","0.0918","-0.190000000000001","4.38","-9.85000000000002","0.0726999999999998","3.978"
"-482","-43","0.0686914911781873","0.0562291032624973","0.0221374532914194","0.0423798432532401","0.0522","-0.369999999999999","5.26000000000001","24.47","0.0844","4.194"
"-79","80","0.0620356743776505","0.0238670949744435","0.0263658079926703","0.0320307238518964","0.0314","-0.0199999999999996","0.0799999999999983","-12.0600000000001","0.0960999999999999","4.328"
"795","-107","0.0156424801200732","-0.00807144867034459","-0.00205604223133804","-0.0179769438696766","0.0628","0.0499999999999989","3.83999999999999","-11.65","0.0764000000000005","4.614"
"-57","49","-0.0542968585806634","-0.0514851684900375","-0.038221772300167","-0.0325044711803644","0.0489","0.100000000000001","5.88000000000001","9.72000000000003","0.0683999999999996","4.564"
"-158","-36","0.00709879271717995","-0.0154868321121917","-0.00897084105815438","0.0127815390189303","0.0674","0.209999999999999","-6.40000000000001","0.0299999999999727","0.3274","4.383"
"626","13","0.0288206347048447","0.00931416983499211","0.0256080907477507","0.0351682902627903","0.0852","0.199999999999999","6.33","47.24","0.1981","4.343"
"-824","97","0.0198625169174118","0.022876191279769","0.0386448704187288","0.0147135609401712","0.0493","0.620000000000001","5.73","41.95","-0.0542999999999996","4.376"
"275","-121","-0.0187170506161447","-0.0308015950743101","-0.0439629707879394","-0.0450427826309037","0.0556","0.31","9.67","51.65","-0.0489000000000006","4.209"
"197","-147","0.024697174648745","-0.0100118689291726","0.00378604615801947","-0.00866594967082968","0.0444","0.0199999999999996","-1.08","-3.04999999999995","0.2099","4.338"
"-834","233","-0.163317217035353","-0.142226918797444","-0.0936265968227072","-0.0631138642063087","0.1241","1.21","0.469999999999999","86.4","-0.3669","4.131"
"-286","-195","-0.0152386819712316","-0.0163826014726265","0.000765039462246264","-0.0353797395924484","0.0894","0.140000000000001","2.89999999999999","32.6999999999999","-0.1194","4.046"
"663","-54","-0.032097622827493","-0.0176026251649013","-0.0314532088021906","-0.00597745282641871","0.1762","0.199999999999999","8.46000000000001","46.13","0.2343","3.974"
"0","129","0.0614040463611101","0.0596800843110987","0.0653700564051771","0.0464509519075857","0.1442","1.15","6.91","-58.7199999999999","0.1871","4.21"
"-81","-175","0.0210707389718721","0.00354411824018719","-0.00556798440864981","0.0106176148073933","0.1051","0.190000000000001","13.75","-21.0500000000001","0.0739000000000001","4.362"
"-13","139","-0.100486200840304","-0.122795983521378","-0.073255699232142","-0.0898835539178222","0.1599","0.25","9.11000000000001","0.830000000000041","0.0831","4.734"
"192","31","0.00949624213717826","-0.00962717854510231","-0.0387807032979115","-0.00990829663377379","0.1271","1.74","0.819999999999993","50.28","0.0205000000000002","4.687"
"218","-72","-0.00887633729731263","0.0203366202192914","0.0406808495411024","0.0121167593514935","0.0931","0.270000000000001","-20.02","-100.74","0.00419999999999998","4.398"
"177","78","-0.0965843330249925","-0.105915900736218","-0.139535785088343","-0.0951807650769432","0.1239","0.209999999999999","-14.79","-9.10000000000002","0.0539999999999994","4.353"
"-430","-30","-0.156162889138708","-0.145225494798472","-0.113313227751815","-0.185636473886882","0.3179","1.08","-26.22","-23.3099999999999","0.0939000000000005","4.228"
"334","123","-0.0659899189605042","-0.0665129388563948","-0.0206116275680479","-0.0777983573133056","0.2197","-0.119999999999999","-19.6","-45.76","-0.8748","3.963"
"-86","-16","0.0296995663254158","-0.0137982057446546","0.0335268364543122","0.00779114667349834","0.2435","-0.31","-11.66","55.23","-0.9457","3.647"
"-1117","122","-0.103244589752315","-0.0788697953043496","-0.0663352926338643","-0.0895498795988168","0.1952","-1.61","3.28","42.6","-0.8361","3.763"
"-95","-24","-0.121048265739706","-0.0957110591017063","-0.0801210295796206","-0.11645651319919","0.1841","-2.85","-1.62","84.3099999999999","-0.5134","3.797"
"375","274","0.0608171291625066","0.0380675845998573","0.0247556536116829","0.0819526935612558","0.2593","-0.139999999999999","3.6","-18.73","-0.3076","3.658"
"73","-91","0.154968057650059","0.118287141983815","0.0777889846261548","0.0897722182435992","0.1954","-2.39","4.01","-34.0699999999999","-0.2132","3.771"
"-277","-191","0.0353002385516934","0.0366020831675158","0.040228871713591","0.0517205771551748","0.2013","-0.42","7.09","38.4499999999999","-0.1406","3.853"
"111","265","-0.0271169453603086","-0.0427637735947819","-0.0389336720725009","0.000195808093953254","0.1672","-0.14","10.68","17.02","-0.0538000000000001","3.956"
"446","-102","0.103338355883546","0.0871093130361391","0.0811499281025831","0.0715219493430146","0.1925","-1.28","-3.71000000000001","-11.4399999999999","-0.2529","3.764"
"-831","-146","0.0245400465619703","0.0642243595286836","0.0631691602362707","0.0330093363428547","0.1251","0.25","7.59","15.15","-0.1145","3.609"
"746","132","0.0378060534997147","0.0380958474473552","0.0448157210204236","0.0351000673677468","0.1143","0.21","-4.81","47.21","-0.0884","3.58"
"-307","-72","-0.0469332979557109","-0.0507247567390845","-0.0175472016489238","-0.0199598801971197","0.1325","0.47","5.5","46.5700000000001","-0.0346","3.533"
"-154","36","0.0382243710449348","0.0198858236126647","0.0285502168709488","0.0557790765867372","0.0938","0.21","3.85000000000001","83.8799999999999","-0.0213000000000001","3.52"
"931","-35","0.0572493521895172","0.0672953513639811","0.0419163750892757","0.0176145203502998","0.1272","0.2","-2.37","7.68000000000006","-0.00419999999999998","3.438"
"-1509","-47","-0.0603041926197427","-0.0513076314084664","-0.0423403374956379","-0.0376751237121944","0.088","0.790000000000001","1.7","-16.76","-0.0323","3.467"
"-32","22","-0.00184346399436919","-0.00823281817075205","0.0314926907955968","0.0281147397418406","0.1149","0","-2.06","-22.55","-0.018","3.356"
"496","185","0.0945375664098069","0.0690672756240076","0.0589434960534856","0.0571328154163924","0.1512","0.129999999999999","4.95999999999999","17.9299999999998","-0.0166999999999999","3.368"
"-212","-218","-0.00290491650052793","-0.0403135117178568","-0.0224885144311955","0.0146513730069184","0.1851","-1.41","5.71000000000001","35.3500000000001","-0.000299999999999967","3.321"
"67","-175","-0.0283274624233147","-0.0845414954112904","-0.0679669648187371","-0.0855315728834904","0.5488","-0.25","-8.73","56.74","0.0417999999999999","3.018"
"401","387","0.000199489850110979","-0.0186094519842985","-0.0537471149049313","-0.0553884494055037","0.4811","0.470000000000001","-1.41","27.49","0.0411","2.899"
"431","-255","0.0301257507081392","0.056534713897566","0.0670724955502759","0.0665157990108565","0.2658","0.299999999999999","-0.100000000000009","-39.95","0.1212","2.853"
"-673","65","-0.0369041275805593","-0.0427178349809267","-0.00625761429846783","-0.0486118228874188","0.2172","0.41","1.95","22.8399999999999","0.0467","2.558"
"39","-94","0.0500011668467568","0.0622990281110756","0.0600525492760777","0.083928474188034","0.2818","-0.17","1.10000000000001","55.1700000000001","-0.015","2.524"
"-248","60","0.0580582007068031","0.031351113103419","0.0225601781670068","0.0361930517504909","0.1486","0.00999999999999979","5.13","71.04","0.1172","2.577"
"1300","104","0.0131109526616413","-0.059948591784222","-0.0262255206139255","-0.00229287637972408","0.1381","0.300000000000001","2.75","27.8700000000001","0.0443","2.785"
"-843","-223","0.0331876394287516","0.0524285463718286","0.0650550662249234","0.0632564875089985","0.0928","0.15","6.13","20.6599999999999","-0.0203","3.155"
"-628","79","0.0233420962543978","0.0514102380686161","-0.00629103999794722","0.0223929698124117","0.05","0.869999999999999","4.49000000000001","-30.0899999999999","-0.00449999999999995","3.228"
"34","58","0.027157426788623","0.0258397902024612","0.0221146238291148","0.0314565767628245","0.0688","-0.25","7.66999999999999","14.22","0.0694999999999999","3.408"
"421","100","-0.0322810953222188","-0.0299225279251463","-0.0143162368328227","-0.00104786175458393","0.1297","0.00999999999999979","10.48","48.5799999999999","0.0888","3.423"
"-297","-188","0.0650349183618548","0.0290876579036219","0.0268993823208632","0.0280969387702452","0.0831","0.99","8.63","57.6300000000001","0.1457","3.647"
"-249","197","-0.0298195764371023","-0.0246454938323826","-0.0132507022551547","-0.0135929194552835","0.0756","-0.0599999999999987","-8.61","31.6899999999998","0.1039","3.403"
"228","-219","0.0112544727007489","-0.00619091124577409","-0.0074231100617137","-0.0184261859119328","0.1073","-0.0400000000000009","-0.699999999999989","16.78","0.0634999999999999","3.283"
"77","29","-0.029925874109745","-0.0808907805659036","-0.0221930892908073","-0.0217083558566635","0.0711","0.73","2.69999999999999","43.3900000000001","0.109","3.172"
"-503","96","-0.213095733176409","-0.120213312002763","-0.0750952967655785","-0.0584675022719567","0.091","-0.18","-6.38","186.26","-0.0454999999999999","2.677"
"787","-6","-0.0501271469506168","-0.0881520498494446","-0.05056669724393","-0.0744671007197866","0.1278","0.0399999999999991","0.799999999999997","13.1300000000001","-0.0156000000000001","2.336"
"253","6","0.109927632816055","0.0838687268534617","0.0779391527359152","0.102306591769389","0.1105","0.57","-1.41","-105.71","0.0394000000000001","2.464"
"-116","223","-0.00858537222087108","-0.0275814341235545","-0.00702296048748963","-0.00507155372251233","0.1949","-0.0999999999999996","1.03","72.5699999999999","-0.0912000000000002","2.446"
"-304","-264","-0.031784894370686","0.00164383579326355","0.0120784490355721","0.00849656540711496","0.1901","0.209999999999999","-2.59","-99.03","-0.0586","2.376"
"-815","263","0.0907879296633141","0.042971074945374","0.0194250403455207","0.0426600444678069","0.1691","-0.0800000000000001","3.25","14.0799999999999","-0.2039","2.197"
"181","-77","0.0596752641551799","0.0456011169181405","0.032877237428151","0.0397873446720451","0.1096","-0.33","8.54000000000001","90.77","-0.1739","2.236"
"121","-29","0.0131495904291938","-0.00833012642649855","-0.0176980564377907","0.0308514756329954","0.116","0.850000000000001","5.23","-68.8699999999999","-0.1898","2.249"
"-204","-51","-0.0270865503056665","-0.0636111369911792","-0.0053362538234083","-0.00752569954498838","0.0951","-0.550000000000001","-4.47000000000001","-26.75","-0.1142","2.291"
"168","158","-0.0763192990552568","-0.0628765682898624","-0.0754333839373746","-0.0646993081586249","0.1571","0.220000000000001","-9.94","-60.1600000000001","-0.0594","1.961"
"408","-131","0.0239588747173496","0.0578370777553641","0.0459680620248353","0.0387927198737001","0.1457","-0.15","-14.93","9.72000000000003","-0.0259999999999999","1.926"
"-199","196","0.0539963453644674","0.0292886142741242","0.0114398444533723","0.0125188849402829","0.0953","-0.359999999999999","7.55","-4.47000000000003","-0.1619","1.747"
"-299","-265","0.028893744476834","0.036220229386732","0.0134313360892335","0.0195706097018711","0.0807","0.0499999999999989","10.2","36.02","-0.1646","1.757"
"285","68","0.0345929892607924","-0.0172140614661274","0.00534332789707648","0.0239471187962543","0.1009","-0.0999999999999996","0.039999999999992","114.5","-0.0861","1.844"
"-166","202","0.00614502971369824","0.021949278383623","0.00704572132800507","-0.0199878423580504","0.0639","0.5","-1.41","1.76999999999998","-0.0384","1.767"
"57","-125","0.0197563815678787","0.0366487996707523","0.0144385716823692","0.00284267246045733","0.0534","0.25","-2.26000000000001","-24.9399999999998","-0.0159","1.65"
"-166","-134","0.0275542336258017","0.0232813971305035","0.00527005980272399","0.00704336810071293","0.0518","-0.0400000000000009","-0.0299999999999869","-36.8800000000001","-0.00650000000000001","1.562"
"-226","271","0.0212712710909262","0.0248274548502287","0.0622968455710993","0.0491977919987461","0.1023","0.0800000000000001","3.28999999999999","-12.9100000000001","0.0194","1.738"
"-98","-41","-0.00442714518576892","-0.00257527313146966","0.0132779124263465","0.0109999271263543","0.0869","-0.0999999999999996","3.55","-44.28","0.0185","1.827"
"320","40","0.00690095145452041","0.00225904246577535","0.00797035194129059","0.0353552943297055","0.0371","0.0999999999999996","-7.28","-34.48","-0.0173","1.669"
"-42","-64","0.0150744150711386","0.0330360225535564","0.00286562857471395","0.0179241658366518","0.0679","1.01","-6.36","-105.23","0.0028","1.663"
"101","146","0.053525894929761","0.0235337155381288","0.0235156684318234","0.0205502023835118","0.0445","-0.590000000000002","0.150000000000006","-73.8299999999999","-0.00770000000000001","1.691"
"5","-138","-0.0477915562533582","-0.0545644738861508","-0.0574596015976816","-0.0151129287702805","0.0962","-0.369999999999999","0.0799999999999983","-70.6800000000001","0.0091","2"
"127","108","0.0390250698321619","0.0656710728656105","0.0632153617869609","0.0482777280517883","0.0613","-0.32","4.61","-57.8299999999999","0.0111","2.032"
"-452","-277","-0.021103239074538","-0.0148643713772838","-0.0319499625455961","-0.0317982680379449","0.0459","0.0400000000000009","3.23999999999999","66.22","0.00449999999999998","2.196"
"483","1","0.0588580109894004","0.0519255434008787","0.00765827582642942","0.0293155913664247","0.0468","-0.390000000000001","0.660000000000011","-3.1400000000001","-0.00269999999999998","2.322"
"-178","254","0.0498754992591195","0.0370631263871424","0.0408132839718416","0.0436299711128338","0.0508","0.119999999999999","-2.14","-32.02","0.00259999999999999","2.177"
"57","-213","0.0402869663138556","-0.00108903361431345","-0.0120760404438514","0.0276632897732352","0.048","0.0500000000000007","-1.40000000000001","-40.72","-0.00240000000000001","2.056"
"-105","23","0.0154939838221946","0.000172324572792704","0.0147020862855314","0.0232894744820538","0.0595","0.130000000000001","2.59","-54.3499999999999","0.0501","2.156"
"239","-5","-0.0260563411467913","-0.0307835823586764","-0.0360082938656987","-0.0362314077760191","0.0512","0.0399999999999991","-3.25","22.76","0.0185","2.098"
"-304","-38","0.0405980830850012","0.0565500567629904","0.0449472117438923","0.0422133750722749","0.0536","-0.289999999999999","1.39","55.3099999999999","-0.00389999999999996","1.891"
"136","-119","-0.0141492376207246","-0.00376838382599587","-0.0315209144086825","0.00690824842694404","0.0633","-0.42","-1.41","36.5","0.0172","1.81"
"0","259","0.00493972147785549","0.0216004171341027","0.027149921351846","0.00618164336558547","0.0303","-0.15","0.390000000000001","-37.6299999999999","0.0244","1.846"
"-39","-248","0.0347963441884822","0.00714554612447493","0.00946830810112509","0.0208121960133578","0.0304","-0.530000000000001","1.89","-9.71000000000004","-0.00509999999999999","1.709"
"128","-139","-0.0111446667545021","-0.0216348292153583","-0.0148070319397462","0.0188789967135605","0.0304","-0.43","2.19","-9.6400000000001","-0.0832","1.598"
"272","213","-0.0442460591156131","-0.0407716212070248","-0.00204836121605823","-0.0151946876379911","0.0293","-0.5","-4.89","31.49","-0.0364","1.407"
"-541","-187","0.00664168285221578","0.0312757808163866","0.0132401003755103","0.0369636444079893","0.0228","-0.129999999999999","-5.06","-15.4599999999998","-0.0134","1.2"
"362","120","0.000435998803338222","0.0080025602827245","-0.0293269459981911","-0.0156354361052902","0.0363","0.0999999999999996","-4.58","-58.5800000000002","-0.0945","1.154"
"-71","-39","-0.0156833548667503","-0.042356522333435","-0.0115726155892748","0.0229363988295646","0.0514","0.529999999999999","-10.07","-14.0599999999999","-0.0145","1.032"
"-101","-61","0.0677687236996292","0.0364380826369803","0.0265444433095059","0.0242374735633062","0.0291","-0.869999999999999","-8.83","-47.1600000000001","-0.00170000000000001","0.934"
"366","63","-0.0177196858441544","-0.0271126205674079","-0.02355493518637","-0.00419738422112559","0.0338","0.93","-16.11","25.29","0","0.777"
"-440","-91","0.0867642566501168","0.0747221419471007","0.0275335337670128","-0.0315327792664259","0.1669","-0.58","-14.26","50.1300000000001","-0.0182","0.52"
"555","8","0.0640461838488537","0.0727067277582414","0.0288131572100845","0.0534388763256279","0.1174","-0.98","9.86","-23.6700000000001","-0.0145","0.416"
"-184","183","0.0483245227510896","0.016456889914167","-0.0253226345531363","-0.0175491974339632","0.0977","0","-2.14","-48.4499999999998","-0.021","0.326"
"123","-238","-0.0437113158782427","0.0025495908263018","0.0273215713243733","0.00848472254463495","0.0606","-1.5","3.6","20.3","-0.0225","0.314"
"-501","-108","-0.00354725008373258","-0.00767830243512257","0.0034133851266418","0.0104367296753374","0.1134","-0.0899999999999999","5.17","-0.299999999999955","-0.0151","0.754"
"321","134","-0.0419449642556859","-0.0444424911444461","-0.0686513382727174","-0.0212355588717585","0.0666","-0.00999999999999979","-2.22","-17.1300000000001","-0.0035","1.054"
"-195","-67","0.0327180402783309","0.0592526773110631","0.0265273674726476","0.0195496829900197","0.0478","0.0200000000000005","-6.47000000000001","-53.1900000000001","-0.0048","0.986"
"27","-139","-0.0973978023516047","-0.0883234132655382","-0.0693097142263017","-0.064624730993124","0.088","-0.340000000000001","-8.88","-10.3799999999999","-0.009","0.853"
"98","118","-0.0601609626244244","-0.0434093060020189","-0.0302715839117447","-0.0267987309634634","0.0826","-0.0699999999999994","0.25","6.83999999999992","-0.0093","0.866"
"-93","-22","0.11613871033426","0.0946654089280869","0.0482275259781488","0.0797193795433992","0.0591","-0.25","0.879999999999995","34.48","-0.0166","0.725"
"150","-16","0.0478754578392238","0.0121642005490763","-0.000786336643420427","0.000504741706804701","0.042","-0.53","-3.7","-72.8099999999999","-0.034","0.716"
"3","159","-0.0577981197852235","-0.0668412149837252","-0.0180663241565284","-0.0176856583902572","0.0513","-0.41","-6.7","-10.7","-0.0387","0.754"
"-438","-181","-0.0920657428814184","-0.0486152923574323","-0.0257192042806498","-0.0520676173054966","0.0586","-0.69","-6.92","22.1700000000001","-0.0198","0.646"
"455","85","-0.0313820338693951","-0.0144737056506248","0.00218379567373361","-0.00413690551499268","0.0388","-0.43","2.4","101.59","-0.0375","0.371"
"-150","48","0.0483225960108715","0.00721176275396651","0.0126794079189434","0.0639049902868294","0.0277","-0.0600000000000001","5.87","45.6400000000001","-0.0449","0.32"
"247","-137","0.00734438416433569","0.00996146251496555","0.0107919353328398","0.00269576145115469","0.0365","0.0600000000000001","3.18","-2.88000000000011","-0.0207","0.395"
"-248","33","0.0220453912550731","0.0171607477091644","-0.00177990344471546","0.0152083668105245","0.0517","0.36","4.88","18.6900000000001","-0.00799999999999998","0.384"
"418","-35","-0.0584487007701462","-0.0613567842080709","0.0429587624907874","0.000910506603153394","0.0745","0.43","1.34999999999999","15.45","-0.0107","0.25"
"-37","-30","0.0657068776994372","0.0466428478129277","0.0332792210392903","0.0349904326910533","0.0829","-0.0899999999999999","-3.41","60.26","-0.0266","0.062"
"-224","-10","0.02438612082166","-0.000358152420735891","0.00845562876653716","-0.00121998678035151","0.0483","-0.62","1.07","3.50999999999999","-0.00370000000000004","0.027"
"252","-64","-0.00773999518337298","0.00225951226870258","0.0172216124518609","-0.0012352137017535","0.0571","0.2","0.0499999999999972","-13.5600000000002","-0.00339999999999996","0.061"
"-252","0","0.014544081640377","0.0136200524636596","0.00792589281080325","-0.0196168370434728","0.0453","1.09","3.54","-60.0599999999999","-0.00740000000000002","0.156"
"250","195","-0.00231960695029088","0.0152034446023599","-0.0248084335513639","0.0336035450444339","0.0682","0.350000000000001","-3.29","-28.2","-0.00369999999999998","0.385"
"152","-177","0.0760500229924546","0.0601771928266093","0.0515674408649307","0.0180371112992788","0.0594","-0.27","7.63","-80.99","-0.00310000000000005","0.436"
"-200","101","0.00471404504619777","-0.0236006541208766","-0.00612269984245373","0.0177263146210631","0.0335","0.72","0.82","34.74","-0.00969999999999999","0.481"
"179","-125","0.0255986740548497","0.0228332385590324","0.0228658961691668","0.0365230007382769","0.0508","-0.0899999999999999","0.600000000000001","42.1000000000001","-0.00309999999999999","0.486"
"226","27","0.0396336635386803","0.0528982774167606","0.00815838572075656","-0.000389272892131309","0.0451","-1.05","-3.52","-2.77999999999997","-0.000699999999999978","0.485"
"-334","-50","0.0101120215454902","0.0278790999891338","-0.0163838785601165","0.00905013247819841","0.0437","0.00999999999999979","1.01","35.46","-0.00110000000000005","0.498"
"394","94","0.01413421638218","0.00308973174523253","0.0429436054775323","0.0115097591109805","0.047","0.0499999999999998","-2.11","-20.8400000000001","0.000900000000000012","0.589"
"-82","-76","-0.023251838555554","-0.0313260622513862","-0.0279535486417686","0.00480222604050429","0.0568","-0.17","-3.98","14.22","-0.0005","0.503"
"204","-35","-0.0169268849054163","-0.00526904879699153","0.00807645048759653","0.0191640175471006","0.1216","0.11","1.8","-23.4200000000001","-0.000400000000000011","0.688"
"-483","39","-0.00516340388085545","-0.00160720867916098","0.00791758250534258","0.000546283779694789","0.1004","0.48","2.68","46.2","0.00130000000000002","0.542"
"241","-49","0.0621481709738418","0.0469045817057374","-0.0078090961645465","0.019119039352355","0.0536","0.48","3.79","31.03","-0.000300000000000022","0.532"
"-79","72","0.0307571514980918","0.0320305009712119","0.0161850839669739","0.0219455600318419","0.0289","0.22","2.46","-34.5599999999999","-0.000099999999999989","0.541"
"-4","-64","-0.0156621897251767","-0.0239987683726195","-0.022457373570159","0.0276955410466346","0.0414","0.510000000000001","4.95","2.3900000000001","0.0005","0.468"
"-234","-54","-0.00819851776160441","-0.0112734945210686","0.0481093948107478","0.00978361457487154","0.0413","0.449999999999999","1.63999999999999","-17.45","0.00109999999999999","0.452"
"56","133","0.0208257858234511","0.0313834214320021","-0.0202616031794598","0.0546573983583283","0.0424","-0.48","4.78","66.8499999999999","-0.000599999999999989","0.611"
"137","-121","-0.0588361787785985","-0.0298918124859711","-0.0408712461193694","-0.0397261075980841","0.1277","0.0599999999999996","-3.56999999999999","-0.569999999999936","0","0.761"
"192","59","-0.0276481920101492","-0.0292151777036427","-0.0245384191152027","-0.0272524973669395","0.0753","-0.0199999999999996","1.03","-6.06999999999994","0.000599999999999989","0.626"
"-139","-25","0.0417222844906018","0.0661181652445055","0.0621788634258973","0.00271508581182456","0.0673","0.23","5.17999999999999","10.0999999999999","-0.000599999999999989","0.69"
"38","55","-0.000572685426288189","-0.0223658406810703","0.0222429437589433","0.0213781911830662","0.0926","0.56","5.02000000000001","-31.3099999999999","0.00330000000000003","0.671"
"120","-67","-0.0239978576620814","-0.0139660184558252","-0.00539342124056219","0.0048307493865698","0.1021","-0.04","-1.46000000000001","-21.8800000000001","0.00319999999999998","0.565"
"106","47","0.039787817818036","0.0346639178588521","0.0145462185751288","0.0353879507375243","0.0701","0.149999999999999","-0.75","-43.8599999999999","0.00130000000000002","0.474"
"-402","-40","-0.035080923858013","-0.0191338082949635","-0.0416891592241111","0.0298143145243825","0.0386","0.48","-1.31","-36","0.00169999999999998","0.473"
"80","-21","-0.0095348414016545","0.0158971110958444","0.0104133143489928","0.00428509328633364","0.0868","1.44","5.73","-3.31999999999994","0.000200000000000033","0.551"
"198","90","-0.0674867822158838","-0.0756103717440677","-0.0522173896352172","-0.0719293459542971","0.1236","-0.73","1.61","17","0.00109999999999999","0.582"
"-273","-50","-0.0167607206612495","-0.0177318359969671","-0.0209671353111318","0.0177017520561176","0.0667","-0.52","-15.3","5.25999999999999","0.00129999999999997","0.518"
"-176","-23","-0.0640367131133992","-0.0561505329074041","-0.0367847973069431","-0.0962652198578988","0.0834","-0.289999999999999","-8.71","29.75","0.0045","0.401"
"80","65","0.0565342837919278","0.0539098377273444","0.0351645787463646","0.0757421519867565","0.0741","-0.720000000000001","2.81","41.3499999999999","0.00390000000000001","0.332"
"-54","-47","0.0301970121616488","0.0484417027311199","0.0150676883313334","0.0292955533654018","0.083","-1.25","4.85999999999999","28.3199999999999","-0.000400000000000011","0.236"
"119","12","0.000902745967099605","0.0207729840089677","0.0284959254813337","0.0177655108902286","0.0534","-0.83","2.28","-19.1699999999998","-0.000799999999999967","0.15"
"11","62","0.0685677754332676","0.0431413092956898","0.0189154735859738","0.0385603974175712","0.0425","-0.26","4.79000000000001","-14.99","-0.00130000000000002","0.195"
"138","-93","-0.0512963838851928","-0.0702120551659764","-0.0351890562480293","-0.0680408940828743","0.0803","-0.58","-0.670000000000002","-2.21000000000004","-0.00140000000000001","0.11"
"-125","18","0.0557194596523054","0.0616837663434833","0.0361860924261919","0.0666583015630264","0.0704","-0.75","-7.23","75.3399999999999","-0.017","-0.092"
"387","66","-0.0170624874918932","-0.00363005440053144","0.0214763667282352","0.0130427248337055","0.1335","0.0300000000000002","0.700000000000003","53.8500000000001","-0.036","-0.206"
"-888","-80","-0.0207033630108882","-0.00698586259595402","-0.0513293159295749","-0.0182572817432627","0.1487","0.0600000000000001","-4.75","87.52","-0.0428","-0.499"
"309","12","0.0401246073593509","0.0353693946662741","0.0275069677292539","0.0170352505910722","0.1029","0.53","3.08","10.1699999999998","-0.00990000000000002","-0.427"
"134","51","0.0346911414162623","0.00912899432668368","-0.0218067798009187","0.0202258421533168","0.0752","0.85","-2.96","-15.77","0.00470000000000004","-0.314"
"-166","-27","0.0283195141078902","0.0301371514793338","0.0134432679507999","0.0334802660713791","0.0483","0.0900000000000007","3.37","-24.02","0.0116","-0.192"
"206","-12","0.000953724610036844","0.0122678852945182","0.0263164114781755","0.0281887562985421","0.0447","-0.53","3.10999999999999","8.34000000000015","0.00659999999999999","-0.135"
"-117","-9","-0.0203613643105136","-0.0291457133514967","-0.0345857222256676","-0.00162941960244289","0.2193","-0.99","-2.24999999999999","81.54","0.00359999999999999","-0.17"
"32","28","-0.0878343368005385","-0.0893774129021985","-0.101828757155927","-0.0878595369083879","0.2666","-0.72","-8.6","36.4299999999998","-0.0177","-0.335"
"347","-8","-0.179578707585748","-0.188850623902308","-0.14858415220062","-0.133667724670374","0.4646","-0.19","-22.02","-5.16999999999985","-0.00780000000000003","-0.326"
"-204","32","0.0890888772870557","0.0392677934035923","0.0396139639285309","0.119420838760177","0.2116","-0.6","-9.64","91.24","0.1626","-0.218"
"-100","-33","0.0646335170553556","0.0266016586936253","0.0292895919477516","0.0442865329490969","0.1439","-0.54","7.68","32.74","-0.018","-0.312"
"176","-14","0.060616659690524","0.0499614956523864","0.0152049009195192","0.0182213743567186","0.1553","0.17","8.91","16.3099999999999","-0.104","-0.293"
"147","-97","0.000197420027456374","-0.0313411051919221","-0.0450708791235872","0.0536368016345055","0.1537","0.05","2.88","114.29","-0.0681","-0.39"
"-696","-42","0.0500540783364443","0.0336136432282181","0.0110949750454523","0.0677190830043575","0.109","1.06","1.45","122.12","-0.0356","-0.412"
"510","80","-0.0143664356330433","-0.0294935304975805","-0.0164843074982297","-0.0400181199831771","0.08","1.09","-3.16999999999999","-46.71","-0.0117","-0.441"
"-57","-69","-0.0991261638763277","-0.0445289197241898","-0.0504852811463046","-0.0280556922855553","0.0791","0.94","-0.620000000000005","-21.6500000000001","-0.0177","-0.528"
"9","10","0.1398528051366","0.183311713396943","0.116465388176053","0.1021464279066","0.092","-0.0499999999999998","2.76","-33.97","-0.0118","-0.543"
"258","-3","0.0316665526357216","0.00593686835962259","0.0305365727011271","0.036449047840593","0.0476","1.02","6.64","-7.87999999999988","-0.0172","-0.553"
"-172","-32","-0.0210610198764059","-0.0277993382987916","-0.00823753492404933","-0.0111991376508893","0.0595","1.41","4.68","8.55999999999995","-0.0091","-0.532"
"357","-35","0.0259699258200303","0.0547783259680248","0.0117758698012338","0.0257568766725367","0.0654","-1.11","7.41","-58.8099999999999","0.00609999999999999","-0.392"
"379","61","0.084931413292697","0.0618711896338109","0.0348902852684976","0.0415628072825474","0.0529","-0.0300000000000002","3.23","-89.9400000000001","0.002","-0.331"
"-570","-41","0.00846404031240588","0.0327912584561147","0.0374511676076441","0.0510973304680551","0.0346","1.02","-0.420000000000002","41.8099999999999","0.000900000000000012","-0.296"
"-154","-6","0.0186685628062317","0.0279478493299727","0.00754703181044647","0.00547149271672431","0.0503","1.76","3.27000000000001","90.22","-0.00190000000000001","-0.186"
"306","9","0.00710196527393592","0.00936481656857246","0.00211945972189831","0.0219708725661221","0.0486","1.39","5.02999999999999","-15.6900000000001","-0.00280000000000002","-0.236"
"124","-42","0.000859174592637402","0.0159950011911913","-0.000739199650524824","0.0224931759222518","0.0551","2.21","1.32000000000001","-26.73","-0.0018999999999999","-0.381"
"-672","8","0.0185285745526951","0.0101438791439001","0.0123518233221294","0.0285781431597929","0.03","2.92","-4.37","-22.5599999999999","-0.00280000000000002","-0.48"
"404","11","-0.0369480844724688","-0.0242690858496939","-0.00468817673141508","-0.0487377927828341","0.0389","7.41","4.58","-10.1399999999999","0.00259999999999994","-0.339"
"-136","-18","0.0276648706338367","0.0464985560948961","0.0211122328163018","0.0668581752839899","0.0441","8.21","9.05000000000001","1.70999999999981","-0.00479999999999992","-0.178"
"52","90","-0.0382417945894673","-0.0161136479890942","-0.024915445754857","-0.00836862565520491","0.0318","-3.43","-2.88000000000001","44.9100000000001","-0.0176000000000001","-0.268"
"92","-64","0.0506631311891184","0.062275231208714","0.0450089814167853","0.0426886481613966","0.0384","10.41","-6.45999999999999","-31.3299999999999","-0.0145999999999999","-0.318"
"-395","-27","-0.0263862328261677","-0.0217401284344714","0.0107618307100168","-0.0540182299992846","0.0519","-9.77","11.22","25.5899999999999","0.0218999999999999","-0.098"
"202","51","-0.0675235224401121","-0.0498520795126325","-0.000817559572434234","-0.0318627610217117","0.0622","-1.03","10.23","40.28","0.0286000000000001","0.237"
"300","13","-0.00320473333536953","0.000156177252568668","0.00766671187173174","0.0351482862715233","0.1646","15.16","19.83","91.53","0.0365","0.343"