"L2_LRHUTTTT","L1_BCCI","L1_BRCI","L1_BSCI","L1_CSCICP02","L3_XTEXVA01","L3_XTIMVA01","L1_AEX","L1_AEXVLT","inflation"
-0.0999999999999996,2.6,-3.4,-4.2,1.5,0.00126241401850002,-0.0635266679317699,-0.06349366955543,0.00795303070814309,-0.5
-0.100000000000001,7.3,0.5,-4.5,3,-1.55802475703126e-05,0.0217017515300899,0.0855400433156701,0.00968018838420398,-0.1
0,6.6,0.699999999999999,-6.3,0.6,0.00528509037809988,-0.0653764999591502,-0.0220726854601603,0.0115140357343949,-0.1
-0.0999999999999996,0,2.7,-6.1,3.4,-0.11764308608121,0.00911258001310022,0.04891428151985,0.0174248645563316,-0.3
-0.100000000000001,0.9,-2.8,-4.9,4,0.09719415086172,0.03334654949676,-0.01610615703314,0.00567004557392208,-0.9
0,-9.4,-1,-4.9,2.6,-0.0737335418442298,-0.0808955492925203,-0.0300564189974297,0.00805958957642974,0.2
0,2.4,3.4,-5.1,2.2,0.0094433800694298,0.0151905936506802,0.00981384419764009,0.0120098051857464,-0.1
-0.0999999999999996,-2.5,0.299999999999997,-6.7,0.3,0.00354088746184011,-0.0100504136851498,-0.0479569945844505,0.0137046396452587,0.4
0,-2.4,-3.3,-5.4,1,-0.0824186804086899,-0.03683581149446,0.00398562753027054,0.0108864999927471,0
0,-3,0,-3.8,0.7,0.0522607635908097,0.0283876133087499,0.0239849614512195,0.00800855852333931,0.1
-0.0999999999999996,2.3,4.9,-4.7,0.9,-0.0650855535311998,-0.0136698047230501,-0.0348252727257696,0.00729052142338764,-1.2
0,-0.3,-6.3,-6.8,-0.2,-0.0174285483058001,0.00511989945501989,-0.0587223935829506,0.0132662657250054,0.1
0,4.6,1.6,-5.7,0.4,0.00533102541007002,0.03637783448257,-0.00651049496448941,0.00710331024199595,0.0999999999999999
0,1.7,-2.2,-6.3,-1.3,-0.0400187422966498,-0.0645464532092901,0.0299902518532997,0.00843520384595949,0
0,-1,0.699999999999999,-7.3,-0.5,0.0767530979893198,0.09560077211458,-0.00151949957260022,0.0131890537284347,0
0,1,-7.2,-7.6,-0.8,-0.00245485534492973,-0.0252032319180899,-0.00372057569639939,0.00794575382205197,0.3
0,0.5,-1.9,-6.8,-2.2,-0.0200665274907901,-0.0438812876090999,0.0742118995709093,0.00777234379764016,0.9
0.0999999999999996,1.8,3.7,-6.5,-4.5,0.03623099466411,0.0315061108317201,0.0544592351603006,0.00763314378205473,0.1
0,-3.5,-0.900000000000002,-5.5,-4,-0.00108409790578001,-0.03932166068976,-0.00759934126743023,0.0106381354011205,0
0,1.1,-2.5,-4.5,0.7,-0.0124384848471699,0.0557446048481598,-0.0215793769520101,0.0118293464856352,-0.1
0,-1.9,1.2,-2.9,-1.8,0.0101489613914998,0.00271271111768012,-0.32399723598106,0.0476004934219108,-0.2
0,2.4,-1.1,-2.4,-3.5,0.00621744613229991,-0.00283116894317992,-0.19487522175488,0.046974973051425,-0.1
0,-3.8,-4.1,-3.9,-2.2,0.0342096131439802,-0.0157048453019999,0.0776939206044895,0.0220432552073056,0.8
0,-0.100000000000001,1.4,-4.8,-3.7,0.0133322527822202,0.05818928736847,0.0322673443639605,0.0238768134863704,-0.1
0,-1.5,1.2,-5.1,-3.5,-0.00278144986477002,0.0314956997266997,0.0892225692781397,0.0107393627630586,0.2
0,4.1,-4.2,-4.9,-3.3,-0.10831283226137,-0.21361201374196,0.0385678173097803,0.0154538080713211,0
0,-1.9,0.799999999999999,-3.1,0.4,0.0651665908267001,0.16642251144302,0.0341402027806899,0.0105258756441225,0
-0.0999999999999996,2.7,2,-3,-0.2,0.0246582625026002,0.00105342956325982,-0.0146323763155802,0.0118383043233537,0.1
0,0.2,5.3,-2.4,-0.3,0.01727297797337,0.00857219794938002,0.11219296001341,0.00968213418038327,0.2
0,2.1,-2.9,-2.4,0.8,0.0189614331780099,0.0138350094852,0.0425989003381799,0.00796060619354489,-0.1
0,4.2,-4.8,-0.4,2.6,-0.00151853603980001,0.0205447545165298,-0.0454671804376003,0.0129109671805383,0
-0.100000000000001,3,4.2,-1.4,1,0.0119204371841399,-0.00906394998932969,0.0421438216473202,0.00673140673416219,-0.2
0,-2.5,3.9,-0.6,2.2,0.0551845180408499,0.00213919041155997,0.0288444270492203,0.00776512217589871,0.3
-0.0999999999999996,1.2,-1.8,0.1,5.7,-0.02665909009957,0.0160155378790798,-0.0349764065337004,0.00936768094988286,0.2
0,-2.8,0.600000000000001,1.3,4.7,0.0129790943190002,0.00719024788031009,0.0760372825628597,0.0071524952928167,-0.4
-0.100000000000001,-1.2,3.6,1.5,4.9,-0.00824589190680003,-0.02620939802999,0.0367915419053002,0.00756089640262426,0.1
0,-3.8,-1.2,0,3,0.00814625344556008,0.0387607532367,-0.0128854179804794,0.00865136535750682,-0.1
-0.0999999999999996,-2,6.7,0.3,5,0.0384129323727498,0.0273177647341698,0.0561526708936793,0.00653908179190703,0.3
-0.0999999999999996,-2,-5.1,2.1,5.8,0.00844688674342997,-0.0180742482376099,0.0713051436413306,0.00705150103542164,-0.1
0,2.7,2.2,2.8,4.1,-0.04488350101329,-0.0182407913651099,-0.0194051143593699,0.0118770917584552,0
-0.100000000000001,1.4,0.300000000000001,2,6.6,0.08688756925195,0.0952655589070002,0.0362784378819594,0.00649484691164677,0.1
-0.0999999999999996,3.4,-1.4,0.6,7.5,-0.000866888379059905,-0.01209042553474,0.0289741446842999,0.00581723349134645,0
0,-0.5,3.8,1.6,7.6,-0.02374648147762,0.02178583729351,-0.0135797483280395,0.00927833227715749,0.2
-0.100000000000001,0.9,-4.1,0.5,7.7,-0.0485234367467502,-0.0480422259566402,-0.00695578574796052,0.00646456834275925,0.0999999999999999
-0.0999999999999996,1.1,-0.799999999999997,2.3,7.3,0.0706346102298503,0.0289824872958202,-0.0770597826814292,0.0194190075952693,-0.2
0,1.9,3.1,2.1,8.2,-0.0143258993633699,-0.0338613979212701,0.0124310283558895,0.00919253827379557,0.1
-0.0999999999999996,-4.1,-1.3,0,8.8,-0.0238960085992304,0.05724369093618,0.0241088959428897,0.00758403593117016,0.9
0,-0.1,3.4,-0.6,6.4,0.03089998041172,-0.0297031074675802,-0.0687015423945496,0.0117652615441646,0.0999999999999996
-0.100000000000001,2.2,-3.2,0.6,5.3,0.0128348218768202,-0.00879705467845993,-0.0598408955518899,0.0114303429291895,0
0,-3.9,2.6,-0.6,6.1,-0.0241469840069302,0.0165781119553103,0.0802300090968195,0.00923455404286449,-0.0999999999999996
-0.0999999999999996,-3.6,1.9,0,5.4,0.00311386997897012,-0.0139920256727302,-0.0310170493583,0.00959486392360834,0.0999999999999996
0,0.1,1.5,0.8,4.9,0.000587495338999933,-0.0052470908231399,0.0264073621424501,0.00553997330870969,0
-0.100000000000001,0.9,-4.9,1,5.1,-0.02504337329934,-0.0389377675047902,0.0137654037411101,0.00446049214498304,0.1
0,1.3,1.9,-0.3,4.3,0.00318880695607993,0.10716884442328,-0.0311374151665795,0.00557580126598423,0
-0.0999999999999996,-0.9,-2.3,-0.6,1,0.0448432699032701,-0.0635081800646198,-0.13848750922025,0.019770145821808,0.3
0,-0.3,1.1,-0.6,-1.4,-0.00105727086303009,-0.00327409988052008,-0.10686373884031,0.0122547494097098,0.2
0,2.4,-6,-2.2,-3.2,-0.0123701033811097,0.0190236334209799,0.0270884076650795,0.0151067388216938,-0.1
-0.0999999999999996,-0.9,2.6,-2.1,-6.3,0.00404145100090991,0.0122382349342702,-0.0124024074465803,0.00842023331551908,-0.2
0,2.3,-2,-1.4,-5.2,0.0391889164531998,-0.0184435967349801,0.00238661932175077,0.00823748249920611,0.6
0,-2.3,-1.2,-2.5,-9.9,-0.0380438102027099,0.00386709757010006,0.0186643855746293,0.015766387701426,-0.3
-0.100000000000001,-3.1,1.8,-4.2,-9.9,-0.01113302805358,-0.0298226042627903,0.0946916944685299,0.0103211029090142,0.3
0,-0.5,-1.1,-2.9,-5.3,0.0173128333655401,0.0111735189350401,0.0713820694775604,0.00943669296658986,-0.1
0,0.5,-1,-5.8,-7.9,-0.0129086732111601,0.0200155927615802,0.00557476197368967,0.00938652732953018,0.1
0,-2.8,-1.2,-4.9,-5.9,0.0390030206188898,-0.02799131736244,0.0050868553618999,0.00649154893048544,0.2
-0.0999999999999996,-1.1,-5.1,-5.6,-5.9,-0.0465231895634801,0.0365045412086897,-0.0294830579682195,0.00612708412534213,1.1
0,2,5.9,-6,-8.1,0.0229970429384401,-0.0110263381235201,0.00863295843033018,0.00488303175980152,0.0999999999999996
0,-4.4,2.3,-4.9,-8.9,-0.000214623969109873,-0.0143899684898199,-0.00559152924236006,0.0127965006449538,-0.199999999999999
0,-0.6,-4.2,-4.2,-8,0.0332752235245599,0.07990853230016,-0.0322529879817504,0.00309772432946061,0.0999999999999996
0,2,2.8,-6.3,-10.4,-0.0277829539151297,-0.0970096791246702,0.00472223059915056,0.0056636185734201,0.3
0,-0.5,-1.3,-4.1,-9.4,-0.0283490775597603,0.0229652419395001,0.000938183280199567,0.00865880125108324,0.100000000000001
-0.100000000000001,-1.6,-0.199999999999999,-4.6,-8.8,0.00638553267477038,-0.02177718769099,0.0108618991788099,0.00707060813145782,-0.800000000000001
0,2.1,-0.800000000000001,-3.4,-9.2,0.01106251694533,0.00884204371679997,0.0639075991714906,0.00672843271785622,0.300000000000001
0,-3.2,1,-3.5,-9.9,-0.0401461094639903,0.00685344548632028,0.0311820029730896,0.00439350360999463,-0.2
0,-3,-4.5,-5.5,-9.1,0.0235119448192802,-0.0153767968160103,-0.0150396223186604,0.0045817525837769,0.2
0,2.6,0.800000000000001,-4.3,-8.9,0.01737668101189,0.0370398486094201,0.0327788136102107,0.00591713588645673,-0.2
0,0,1.9,-6.1,-8.4,-0.0583047196436501,-0.0128174093012201,0.01191299065054,0.0057836491796919,-0.2
0,-3.4,-6,-5.5,-4.9,0.0611981603959801,-0.0327227567969097,-0.0480125051387299,0.00615910118913229,-0.9
0.100000000000001,-2.1,1.4,-8.2,-4.8,-0.0307040406697801,0.00513689713440968,-0.05010234488664,0.00908761052965029,0.4
0,0.699999999999999,0.6,-5.7,-3.5,-0.0272451114487402,-0.0125245323510996,-0.0411692537439103,0.0109022597314926,-0.1
0.0999999999999996,0.400000000000002,-3,-7.7,-3.6,0.0537705049349602,0.0469890885578197,0.0222966706919001,0.0104470415796292,-0.4
0,-2.8,-3,-7.4,-5.2,-0.0819740643145299,-0.0611026330473199,-0.0465998272794499,0.0102747418951543,-0.1
0.100000000000001,0.899999999999999,-4.2,-12.9,-7.7,0.00492111952267971,-0.0296763697758,0.0164770092820401,0.00562772270803635,-0.3
0,3.9,6.8,-13.3,-9.5,0.0226173612278302,0.0226171303556799,0.0309602496580199,0.00535228751455944,-0.1
0.0999999999999996,-0.4,-1.2,-12.5,-7,-0.03033077307001,-0.01216304594712,0.0211503410143896,0.00535546616330194,-0.1
0.0999999999999996,2.7,-1.3,-13.4,-7.4,-0.0203261131394199,-0.00881907444181973,0.0408326211115302,0.00551092939312827,-0.1
0.100000000000001,-5.1,-2,-13.4,-10.8,0.0453861697625397,0.0144993446814197,0.0341220051265898,0.00657329458844416,0
0.0999999999999996,-0.5,1,-13.7,-10.2,-0.00360963897897992,-0.02551745067171,-0.0178143793234602,0.0057642934863401,0
0.100000000000001,0.5,0.0999999999999996,-14.4,-12.6,-0.00276063073475008,-0.00273774476796973,-0.0175294520847498,0.00638037754075405,-0.2
0,0.699999999999999,-0.3,-13.6,-11.6,0.00391906021360011,-0.0299601598999999,0.0540353610561599,0.00520307670080475,0.1
0.0999999999999996,-0.5,-0.8,-12.4,-12.3,0.0120523576438498,0.0128154902844098,0.0379666577099105,0.00674247645140118,-0.2
0.0999999999999996,-1.5,4.6,-13.5,-8.5,0.0550616331932701,0.07914860802792,0.0696262321725394,0.00645747999103956,-0.2
0,-1.3,-4.1,-11.8,-6.8,-0.00425037501953973,-0.0222194457526199,-0.0506936696131897,0.00888769768008193,0.0999999999999999
0.100000000000001,0.900000000000002,4.5,-11.3,-9.2,-0.0133562974605601,0.00741195926305993,0.0917358326510298,0.00689722265779755,-0.2
0,1.2,2.1,-12.6,-5.3,0.000221366072379769,-0.0712526748547799,5.21580388701537e-05,0.0103143127915491,0
0,1.3,-2.5,-12.6,-7.9,0.01267024619594,-0.00581453700059997,0.0818178136797103,0.00736828990288785,0.7
0.0999999999999996,-0.900000000000002,1.1,-9.7,-6.7,0.00190657072120004,0.0268913006496199,0.0536909316826897,0.00815773567955512,0.6
0,-0.5,-1.9,-7.4,-5.8,0.0461131844896503,0.07291167826155,-0.0472197888199402,0.00989254909915083,-0.1
0,3.7,0.199999999999999,-7.1,-4.7,-0.01451525069846,-6.22604129398852e-05,-0.0472818363050802,0.0108950897679627,-0.1
0.100000000000001,-0.200000000000001,-2.2,-5.3,-3,-0.00785327646430023,-0.0195350532902903,0.0207602941855507,0.00820512899144058,0.1
0,2.3,3.7,-5.3,-1.3,0.00857836908511,-0.00380929723124002,-0.0310983364905502,0.00680570861278549,0.1
0.0999999999999996,1.5,5.3,-3,-2.4,0.00238707256592008,0.0354281875960902,-0.0412615617379304,0.010684725145475,-0.3
0.0999999999999996,2.7,-5.5,-0.3,-2.1,0.0142612285084698,-0.0136734916988202,0.0587630865516706,0.00614879859880168,-0.1
0.100000000000001,1.1,-0.5,0.1,-0.4,-0.00917238216323968,0.01444968653683,0.0226883194661598,0.00706450053501314,0.1
0.0999999999999996,-1,2.2,1.5,0.3,-0.0292225098835801,-0.00736116575982004,-0.04975795830231,0.00611369836428833,0.0999999999999996
0.100000000000001,-1.5,-3,1.8,-0.2,0.0585265248005902,0.0140933377254604,0.0245228314847994,0.00923754913930653,-0.3
0.0999999999999996,1,-2,1.6,0.9,-0.0117786307580601,0.0116729386253396,-0.00519001000742936,0.00704926251627819,0.1
0.2,-0.700000000000001,2.2,2.3,-0.6,0.0249988147367697,0.00419610598165043,0.0158445877281901,0.00500842682220476,-0.2
0.0999999999999996,1.4,-2.7,2,-0.3,0.0200552105475804,0.0315821734395998,-0.01723374586697,0.00564071480228464,0
0.2,-4.2,-0.8,2.3,2.3,0.0480513033450096,0.0467969430222999,-0.00614895047898045,0.00394648307330489,-0.1
0.0999999999999996,0.299999999999999,-3.1,3.4,1.6,-0.01799389910687,-0.0282696809776799,-0.0411151318040295,0.00726679342956037,0
0.0999999999999996,1.2,6.1,2.4,-0.5,-0.0330184418663597,0.00757556722293007,0.0562472555467393,0.00369043451963672,-0.2
0.100000000000001,2.3,-0.6,1.4,1.4,0.0301199652362798,0.0288297237364201,0.0362396978897204,0.00618745328797329,0
0.0999999999999996,-2.9,4,-0.4,-0.7,0.0326042541268099,0.0247934091100896,0.00471316635499974,0.00437531952538341,-0.3
0,4.5,-4,0.5,-1.4,-0.00091723983597003,-0.01207996799871,0.0568772591009203,0.00756420776422026,-0.3
0,0.3,-2.1,-0.8,0.4,0.0305930506804204,0.0260954243270803,-0.00146757621614046,0.00501364152684502,0
0,0.0999999999999996,4.5,-1,-1.3,-0.10886547330447,-0.0923815644201,0.00946352888302027,0.00608332245828044,-0.2
0,1.7,-4.4,-1.9,2.1,0.0264012135157397,0.00432927095023006,-0.02674750220174,0.00710102947699818,0.3
0,-2.6,2.7,-0.3,1.5,0.00366907399229044,-0.00384499732085031,0.0527132664360099,0.00520490086122608,0.0999999999999999
-0.0999999999999996,-2.2,4.4,-0.7,-0.6,-0.0708454455602201,-0.0185328486877596,0.0176393305934903,0.00589084483950973,0.2
0,-0.300000000000001,-1,-1.6,-0.9,-0.0793632980058501,-0.0563495430654304,0.0325176706563495,0.00681686553992398,-0.0999999999999999
-0.100000000000001,3,-0.199999999999999,-2.9,-1.4,0.1531276404159,0.03674330398862,0.0155446924525906,0.00688228919115201,0.2
-0.0999999999999996,3.7,-2.2,-2.7,-5.5,0.15755096387456,0.20596747097673,0.0260977062668895,0.00627746615144367,0
-0.0999999999999996,3.7,3.8,-4.5,-4.4,-0.00157386717122021,-0.00930419927803028,0.0392193767871403,0.00617325602576546,0
-0.0999999999999996,-1.7,-3.8,-3.7,-2.4,-0.02173342876966,-0.0105744496735301,0.0300092735214399,0.00616676525934142,-0.2
-0.100000000000001,1.3,3.6,-3.4,-3.2,-0.0334146640244901,-0.0121708280221897,-0.0130541434956895,0.00627022291489655,0.4
-0.0999999999999996,-4.7,-0.700000000000001,-3.3,-1.2,0.0101775641262503,0.00439951233929969,-0.0473681417813303,0.0108823192997962,-0.3
-0.100000000000001,2.1,-2.6,-1.8,-2.4,0.0232864501028001,-0.00957638469388966,0.0293945921522898,0.00838436666734361,0.1
-0.0999999999999996,0.9,5.2,-2.8,-2.4,-0.00724519756774011,0.0283938465329601,0.0370785189965304,0.00571231820468723,0.4
-0.0999999999999996,-1.5,-0.600000000000001,-4.1,2,0.0108963725371201,0.00777742034479001,-0.00219982877622016,0.00674471425078449,-0.1
-0.100000000000001,4.7,4.8,-2.2,-0.4,-0.0144663449731199,0.0108030341660896,0.0906752621420699,0.00620164468894819,0.2
-0.0999999999999996,-2.1,-3.5,-1.7,0.5,-0.00674147138292014,0.0234354349678001,0.0280126247716703,0.0109495913568246,-0.2
-0.100000000000001,0.5,0.300000000000001,-1,3.9,0.01819970065399,-0.000480357983819957,0.0403060212300197,0.00973593122959008,-0.0999999999999996
-0.0999999999999996,0.7,4.8,0.1,4.3,0.0339120873923697,0.0166331692608499,0.0854784486128999,0.00872404453083863,-0.2
-0.0999999999999996,1.5,0.399999999999999,1.3,3.7,0.0210501205299503,0.00368943273960998,-0.00281190072283977,0.0155109619145987,-0.2
-0.100000000000001,-0.4,-1.3,0.8,6.5,0.00118925272116988,0.0234044680473802,0.0285761605593802,0.0161793683996619,0.4
-0.0999999999999996,-5.4,-0.0999999999999979,2.2,4.1,0.00404566530179018,-0.0171682514418299,0.0332798900692399,0.00909402262762955,0
-0.100000000000001,3.8,-0.700000000000003,2.2,4.4,0.00615248326838991,0.00958996284225,0.0903170565586295,0.00683758418263732,0.0999999999999996
-0.0999999999999996,3.1,-0.0999999999999979,3.8,6,0.01763634494574,0.00590478143737005,0.12893228555305,0.0132617784469574,0.3
-0.0999999999999996,-1.3,0.5,4,4.3,0.00402380777777012,0.0256952950448697,-0.12711998600025,0.0216723774440477,0
-0.100000000000001,1.3,-1.5,5.1,5.6,-0.00785858906743986,-0.00350680593370978,0.0489438865888898,0.0159315535948472,-0.3
-0.0999999999999996,3.2,4.2,4.9,5.2,0.0177810313462299,0.00161813428840984,-0.0689258655187199,0.0223697428531132,0.2
-0.100000000000001,5.6,2.3,4.5,4.7,0.00433635800280996,0.02080468687755,0.0250206662914003,0.0152299621077181,-0.2
-0.199999999999999,-3.7,-2,5.7,7.5,0.00654237220097986,0.00634604319118992,0.0386908883485493,0.0160587360863612,-0.5
-0.100000000000001,-2.3,1.5,3.6,7.9,0.00145601135463025,-0.00498060754410989,0.0493356338832402,0.0115639854906237,0.4
-0.0999999999999996,-2.2,2.5,3.9,6.2,0.01880624031867,-0.01183987131403,0.10666463101776,0.00794683657663476,0.0999999999999996
-0.100000000000001,-0.9,2.6,3.5,9.5,-0.0119934843563501,0.00451427378991998,0.0428235537397503,0.0112898268319511,0.1
-0.0999999999999996,-0.3,-3.9,4.3,6.8,0.0145355988674498,-0.00650263593735989,-0.00145143701285999,0.0164667453851699,-0.4
-0.0999999999999996,-2.2,1.8,3.7,8.9,-0.02482796583989,-0.000182607057740203,0.0619358777988097,0.0176944607254922,0.2
-0.100000000000001,2.9,-2.3,3.4,7.5,0.01852171616218,-0.00442623698900002,0.0056871927187796,0.0109747417010957,-0.2
-0.0999999999999996,-0.2,2,2.7,8.8,-0.02705611240693,0.00239660853652035,0.0219419257627802,0.010404890582546,-0.3
-0.100000000000001,1.2,-1.2,1.3,5.8,-0.00103487169548,0.03522317006844,-0.12352769931851,0.0195589394136671,0
-0.0999999999999996,1,0.899999999999999,3.1,1.5,0.03088922987732,-0.0387008539345901,-0.15939903300196,0.0277391399734628,0.2
-0.0999999999999996,-0.4,-1.9,-0.1,-1.9,-0.04752097483866,-0.0123148230168999,0.0590426696466997,0.0294459780516393,-0.2
-0.100000000000001,1.9,2,-1.9,0.3,0.0150806430441399,0.0190780470226097,0.10272807157677,0.0176972294415613,0
-0.0999999999999996,2.7,-2.8,-1.6,2.1,0.00532885554340012,-0.00847877432576993,0.0778079533609297,0.017247407670881,0.5
-0.100000000000001,2.2,0.199999999999999,-2.2,0.2,-0.00538417652970979,0.0200798611406601,-0.0122602916382499,0.0262467239796557,-0.1
0,1.2,0.400000000000002,-2,-0.5,0.000596481173420038,-0.0109379479246803,0.00257504224483007,0.0117351875115716,0.1
-0.0999999999999996,-0.199999999999999,3,-2.8,-1.9,0.0113886583317897,0.0277852722912004,-0.00712935082988952,0.0125856427575949,0
-0.0999999999999996,-5.9,1.2,-2,0.3,-0.0225092810946501,-0.00345019095426036,0.0637428615358999,0.00925600486516961,0.0999999999999996
0,8.4,0.399999999999999,-2.8,-0.3,0.03142639176657,0.0278906018645602,-0.0347922678608299,0.00906916070496503,0
-0.100000000000001,-2.7,1.3,-2.3,1.1,-0.0051019437517299,-0.0291267032700802,0.0166075103256196,0.00709534639643616,-0.2
0,2.4,-0.600000000000001,-2.1,0.9,0.0206480374887499,0.0480824541523099,-0.0140231359503495,0.0118839902665885,0.5
-0.0999999999999996,-2.9,1.2,-3,2.7,0.0122439766641702,-0.0096843650013998,0.0294709668427595,0.0131780413146103,-0.4
0,3.5,-6.7,-1.8,4.5,0.00887547268072986,0.02044792883355,-0.0483248869852195,0.0114430111099745,-0.1
-0.100000000000001,0.699999999999999,6.9,2.6,8.3,-0.0118223867495497,-0.01931505647436,0.0418457868207494,0.0128417876714388,0.1
0,-0.5,-3.4,3.1,5.9,0.0438724467635496,0.05946995594732,0.0503981165955807,0.00863799113366174,0
-0.0999999999999996,1.4,-2.8,2.4,8,0.0082051854367502,-0.00657593780593002,0.11232621577809,0.00719424144799167,-0.2
0,-0.5,1.8,2.7,9,0.0272756862613299,0.0215629725546203,-0.0899896216809708,0.018079258426796,0
-0.1,0.0999999999999979,-1.9,2.8,8.5,0.0100319419788502,0.0114299657609398,0.0752510963248003,0.0135937720978184,-0.1
0,-0.0999999999999979,2,4.2,9.4,0.00531938865921999,0.0061097390246001,-0.0118796011416498,0.0142072678258893,0.2
-0.1,1.9,0.199999999999999,4.8,9.6,0.04568987388198,0.0476159543713202,-0.00298096133842041,0.0151394096613506,0.3
0,-2.7,-0.800000000000001,5.1,7.9,0.01507183201152,0.00987993939717002,-0.0121345331042999,0.00991291445481889,0.3
-0.0999999999999996,2,-2.5,4.8,9.4,0.0205787082298001,0.0183289223258196,0.0261353002425606,0.0104121096535189,0.0999999999999996
0,2,0.800000000000001,6.1,7,0.01898653500916,0.00475124955966999,-0.00337047274699032,0.00698022228021641,-0.3
-0.1,2.1,-0.399999999999999,4.8,7.6,-0.01251192412332,0.0286660140555202,0.02703310557526,0.00605482154856536,0.4
0,-0.200000000000003,2.9,4.1,7,0.0217268942832201,-0.01358381024796,-0.0535030268886203,0.00677071422736163,0.2
-0.1,-4.1,-0.800000000000001,5.5,8.7,0.0415218534881499,-0.00510944390395007,0.0266664815074602,0.0111578350282539,-0.1
-0.1,3.5,-2.4,5.4,7.9,-0.0177513982129702,0.0505470078453203,-0.0459353301269596,0.0118025805429475,-0.1
0,5.3,-1.7,5,7.3,0.01743072117607,0.0138477461173596,-0.0132081078416002,0.0127602982643823,1.3
-0.1,-6,1.4,3.9,4.3,0.00782286779801034,0.0167048203768303,-0.00482857370723,0.00819509218729406,0.3
-0.0999999999999996,-2.6,-0.599999999999998,2.2,2.6,0.0220871926437698,0.0238936539457399,-0.0777088579254404,0.00831155215987112,0.0999999999999996
0,-2.6,-3.7,1.3,0.5,-0.03328120459103,-0.0522861432228301,-0.0767754183674896,0.017807343858205,0.300000000000001
0,-0.200000000000001,-2,-0.5,-1.2,-0.0241861708419298,-0.0340286893798099,0.05482339385979,0.0144440544952982,0
-0.1,0.300000000000001,3.6,-1.4,-0.4,-0.00207036641440039,-0.0134345271696401,-0.0168001957106005,0.0113099369394383,-0.4
0,-2.9,0.699999999999999,-1.7,-4.8,-0.0233158415873498,-0.0304699580425298,-0.0162759275253093,0.0105903651310245,0.0999999999999996
0,-0.9,2.6,-4.2,-4.2,-0.00272435759974021,-0.0119056999822003,-0.0427600192582203,0.0101684878511226,0.100000000000001
0,-5.7,-1.2,-3.7,-5.6,0.0378039586793402,0.0362459207575401,-0.0505149694134204,0.00945044995047268,0
0,-1.1,1.3,-4.9,-4.8,-0.06028442972088,-0.0324345791218099,-0.1551651417755,0.0351037691789645,-0.4
0,1.9,-4.3,-8.5,-8,-0.00542469800948986,-0.0319930457978499,0.0151430388106304,0.0238807164318395,-0.0999999999999996
0,-2.4,3.6,-8.3,-6,-0.0197004537016401,-0.0217645349821103,0.0691601778031998,0.0167835442391219,0.2
0,0,-1.5,-7.8,-3.7,-0.00921351483092003,-0.02239935962705,0.03127807694207,0.0145603347648246,-0.4
0.1,-0.600000000000001,1.2,-7.2,1.7,-0.0152692565991699,-0.00190906767001975,-0.0188371316626901,0.0121868668978556,-0.2
0,0.4,1.3,-4.8,0.5,0.0372082753452001,0.00717704094774962,-0.0174728423728796,0.0113233951741557,-0.2
0.0999999999999996,-2.1,-2.1,-5,0.7,-0.0269202493626501,0.0285990169562802,0.0619247045466196,0.00824290554181996,0
0.1,-1.8,-1.6,-5.2,-2.3,0.0190170227767101,0.00334833654435984,-0.0429482612370702,0.00966953832822183,-0.3
0,-1.9,-2.9,-5.2,-3.6,0.00175801465156988,-0.00525862813747002,-0.0539439483965598,0.0100237777123592,0.1
0.1,-3.6,-3.3,-5.3,-5.3,-0.02528495493508,0.0109196257536901,-0.0938767165202696,0.0243819665352103,0
0.1,-5.3,-2.8,-7,-6.6,0.0187379481857097,-0.0305721627589297,-0.18860999260922,0.0392598007418003,-0.1
0.1,-2.2,-4.6,-3.8,-8.4,0.01654410246802,0.0254954650700698,0.0184174719240797,0.0339880240741177,0
0.0999999999999996,-1.4,2.5,-5.6,-10.8,-0.0116175255923898,-0.0318098431638001,-0.23704703948093,0.0319487535214835,-0.0999999999999996
0.1,2.3,-4.4,-7,-11.2,0.000801033007950203,0.01780568438571,0.148140216503871,0.031629690391649,-0.1
0.1,-5.9,0.800000000000001,-6,-10.6,0.00821758311478993,0.01031169217358,0.0573022132264294,0.0210805951079968,0
0.0999999999999996,2.8,-2.9,-5.7,-11.8,-0.00632995078901022,0.0042287705272499,-0.11134842128339,0.017275462446726,-0.7
0.100000000000001,1.4,2.2,-6.7,-17.6,0.00453177093342028,-0.00795860926231962,-0.0934962200286398,0.0188593569357526,0
1.1,-6.3,-1.8,-8.7,-17.1,0.00974716861059965,-0.00249184705914995,-0.108621463394829,0.0272614547495451,0
0.100000000000001,-1.5,1.6,-9.2,-17.4,0.0261172499391602,0.0318727778875698,-0.07817772644486,0.0413714789084213,-0.3
0.199999999999999,-2.8,-0.300000000000001,-9.6,-16.4,-0.00733291230986,0.0108296398770498,0.12756594838101,0.0221101417808085,-0.1
0.100000000000001,-1,-8.7,-9.7,-14.6,-0.0324109307521199,-0.0306255403447397,-0.00658880532396022,0.0185504901124471,0
0.0999999999999996,0.300000000000001,-1.3,-10.8,-15.1,-0.0420838918129802,-0.0472502875706002,0.0430021678947599,0.0200066738593663,0.1
0.100000000000001,3.1,-1.4,-10.4,-17.1,0.01286834301234,-0.00659255685544968,0.0843832743418202,0.0173180728764964,0
0.0999999999999996,1.1,-1.5,-10.4,-14,-0.0124242651203801,-0.01176748938849,0.03370036210229,0.0094477074410587,-0.1
0.0999999999999996,-1,-2.3,-9.3,-12.9,0.0105316028134101,0.0147621524701398,-0.0809425938360304,0.0120532550151782,0
0.100000000000001,-1.8,0.6,-8,-14.6,-0.0119793142452798,-0.00518182488888996,0.0763928116626307,0.0125327704398014,0
0,-0.400000000000002,2.2,-6.9,-13.6,0.0337262211012397,0.0107116413994,0.00847887952139992,0.0130162471108044,-0.3
0.2,-0.399999999999999,-7.1,-4.2,-12.5,0.0213586432527002,0.0369541642342801,0.0227188601619099,0.00725510093573493,-0.4
0.0999999999999996,4.7,7.1,-3.6,-15.4,-0.0163811663759801,0.00523565678110982,0.0452145622188294,0.00876966622508851,-0.1
0,1.4,1.6,-4.6,-8.1,0.0158583219158701,0.0362550592673903,0.00475784975301075,0.00736200501735211,-0.0999999999999999
0.0999999999999996,-3.6,-3.4,-3.2,-9.7,0.00127734691452996,-0.04187289561151,-0.0596365093365305,0.0141474641845838,0.3
0.100000000000001,5.7,0.5,-2.4,-9.5,0.00450164734294001,0.00362370358898012,0.0042369140990699,0.00919166694605725,0.1
0.2,-1.2,0.6,-0.9,-9.4,0.01141576506213,0.02963215321072,-0.0141085749852401,0.0124602953196617,-0.1
0.0999999999999996,-0.600000000000001,-0.3,-0.3,-9.2,0.0110392842363298,-0.00148439870340011,0.02973548623486,0.0072634567775927,-0.3
-0.0999999999999996,1.4,-0.4,-0.1,-5.3,0.01682731343343,0.0267312533900199,-0.0436598259679295,0.00895920528487278,0
-0.100000000000001,4.1,4.8,-1,-6.4,0.0249219563816299,0.0118346483037302,-0.0241562563026498,0.0102994042739991,-0.1
-0.0999999999999996,-0.399999999999999,1,-0.6,-7.6,0.0197185572740901,0.000824483741439952,-0.00617309318254033,0.00708268909128947,0.4
0,5.4,1.7,-0.9,-9.5,-0.0198594380675301,0.0211446445126899,0.0196315985512703,0.00957938443462359,-0.0999999999999999
0.0999999999999996,-0.7,-5.8,-1.6,-10.6,0.01568581311464,-0.00890382877819995,0.0229542691633,0.00592085586780141,-0.1
0,0.5,-0.9,-2,-13.8,0.0132884068611103,0.0140141234917199,0.0406349496273295,0.00579684008101281,0.3
0.2,1,2.4,-1.8,-11.3,-0.0136464446308802,0.00209498600920011,0.0308815515184904,0.0054544069845201,0.1
0,1,-2.3,-2.9,-9.9,-0.0144705812107602,0.00416418418934006,0.0317722851386097,0.00519517145238914,0.2
0.2,2.5,3.2,-3.2,-10.8,0.03955201701072,0.00639197219054966,-0.0221634317121495,0.00531916842608935,-0.3
-0.100000000000001,1.8,2.6,-3.4,-7,0.00516983978094032,0.0165654194462701,-0.0613017225604304,0.00787094783636157,-0.2
0,-0.5,-5.9,-2.7,-11.8,0.000741999895639722,-0.00435671117282999,0.0468314300936497,0.00566226035177674,0.3
0.100000000000001,1.9,1.3,-4.8,-11.1,0.05945927860544,0.0472117249970401,0.0544798225420804,0.00658696063210413,0
-0.2,-0.2,-1.2,-4.6,-8.6,-0.0499225310094498,-0.0578030169910702,0.0321694960730703,0.00642436616115569,0.2
0,5.8,0.3,-3.7,-12.6,0.0203378584504197,0.0380950139293801,-0.0203136263704407,0.0064021972487963,0
-0.0999999999999996,0.100000000000001,2.8,-2.4,-12.6,0.0425677465356,0.0518206479124199,0.0247689107776203,0.00584734071912463,-0.2
0,-2.4,3.4,0.1,-9.6,0.00922004731469039,0.01500139390477,-0.0213379790038903,0.00917424611849904,0.2
0,1.5,0.5,-0.7,-8.3,-0.00100859058205005,-0.00643293691600988,0.0631842797050002,0.00406057273129156,0.2
-0.100000000000001,-2.2,9.1,-0.3,-7.5,0.0158569535874,0.0140574538575002,0.0474584753964802,0.00594386510183535,-0.7
0,-0.5,0.699999999999999,1.8,-5.8,0.00092989672966004,0.00663478604053003,0.0344649296317696,0.00800497160987368,-0.2
-0.3,4.3,-1.3,1.4,-6.7,0.0203951663181896,0.0359464260332696,0.0141924747240605,0.00694531406324426,-0.1
0,-3,1.5,2.5,-3.8,0.00418854423010018,0.00049465238030022,0.0136510374466399,0.00568554889573053,0.2
-0.2,2.7,3.9,4.5,-2.6,0.0181155477408002,-0.0101833522144998,-0.00302777819688949,0.0071311571489076,0
-0.0999999999999996,7.2,4.1,2.6,-3.3,0.0171976721634399,0.0197403213944498,-0.0646782165084101,0.0145296702206611,0.1
0,1.2,0.400000000000002,5.2,1.2,0.0147180096178299,0.0249600098087699,0.00324150080673924,0.0136763674309758,0
-0.2,-4.6,0.199999999999999,6.5,0.2,-0.0172545429511701,-0.00329278889307982,0.0327522727061202,0.0105005968284373,0.0999999999999999
0,2.3,-0.5,6.3,1.2,0.0218586186235701,-0.000431424132150138,0.0271563856195201,0.00662834283764378,-0.3
-0.0999999999999996,0.299999999999999,1.8,7.2,2.9,-0.0291027125954799,0.00229891177482999,0.0268512877594604,0.00728429601399087,-0.2
0,1.6,1.2,7.6,3,0.0322129757487102,0.0039453483570302,0.00862907386804945,0.00455530696240898,0.1
0,3.4,-0.5,6.7,1.4,-0.00494813283975004,-0.00213024677884999,-0.0168359629379298,0.00621740692022414,0.1
0,0.900000000000002,-0.100000000000001,7.1,3.6,0.00886246293132986,0.02268478008064,0.0399312398152603,0.00646581706716968,0.3
-0.100000000000001,-0.400000000000002,-4.3,5.4,5.3,0.00941105682947985,-0.0105710067310403,0.00781867254140955,0.00671258530365119,0.1
-0.0999999999999996,-2.9,0.300000000000001,7.2,3.3,0.0398402131376301,0.0373212287435103,-0.0239245692239702,0.00816051750499151,0.3
0,3.6,0,6.8,2.8,-0.0176590183494398,-0.0118040523516401,0.0297209259883102,0.0119513630756714,0
-0.2,-0.5,-1.7,5.9,4,-0.00650551325612003,0.00964369057532988,0.0342096518507899,0.00681199172088737,0
-0.2,-0.699999999999999,3.2,6.2,3.9,0.00673408062897973,-0.0114537370282601,0.0172025746845499,0.00599114282946804,-0.1
0,5.4,0,5.4,5.8,-0.0209037052774899,-0.000357378905039951,0.01848067543715,0.00734845231004889,-0.2
-0.0999999999999996,0.0999999999999979,0.100000000000001,5.9,4.2,0.00296592055223988,0.00363747457013996,-0.0215759620604699,0.00949281488422064,-0.4
0.0999999999999996,-3.4,-0.900000000000002,5.4,5.3,0.03486302058365,0.00684134945633019,-0.0230360730977495,0.0170864355479042,0.2
-0.0999999999999996,-3.9,0.800000000000001,3.8,-2.2,0.00582161456243036,0.01224207376131,0.0284776314070498,0.0114863203523723,0.3
0,-0.599999999999998,0.300000000000001,5.3,-0.7,0.00722374694111982,0.0105699965994601,0.0121626483722199,0.0074582475803425,0.3
-0.100000000000001,2,0.199999999999999,5.9,-1.5,0.00274378917404006,0.000175540271859731,-0.0778296037898603,0.0111963345891047,0
0,4,-0.5,4.9,-3.4,0.01363037011,0.00180745529945003,0.0202315520442102,0.0092596452129359,0.1
-0.0999999999999996,-2.3,-3.4,5.1,-4.8,0.0333453647836999,0.0365168158173899,-0.15861058017552,0.0238772867438023,0.2
0,0.5,0.5,5,-8.1,-0.0135385934171999,-0.01532535660865,0.00500340276991995,0.0174063849551236,0
-0.3,-1.5,-0.5,3.9,-6.6,0.03604077007724,0.0657619298631502,-0.0190377275210398,0.0162182113041782,-0.2
0,-4.9,-3.5,2.5,-11.2,0.000591085684499948,-0.0215819621714002,0.06851352107316,0.0114490736793811,0.3
0.0999999999999996,3.2,3.3,2.1,-11,-0.0385404369628199,-0.0239551057926799,0.01715519479525,0.00912382262230091,0.3
0,-2,-3.9,2.8,-11.6,0.00877909637875973,-0.000663264074789893,-0.129160948240259,0.0114235273495409,0.6
0,10.8,-5,1.9,-19.3,0.0217159908604501,0.04640467322151,-0.0644971030966808,0.0168981831064836,0
-0.0999999999999996,-11.3,2.5,1.5,-14.5,-0.0101655553126201,-0.00955976732622021,0.02982757846961,0.0132141685358279,-0.1
0,-1.7,0.200000000000001,-2,-11.4,0.0226449267594102,0.0075682347506203,-0.22391239137436,0.0336149181149187,-0.3
0.0999999999999996,-5.1,0.4,-7.8,-14.3,0.0153275548526399,0.0203100872200297,-0.211318567953549,0.0537154785999855,-0.5
-0.0999999999999996,-8.6,-7.5,-11.4,-14.3,-0.01476825669278,-0.00863459033574987,-0.0545498004182905,0.0400241098487739,-0.4
0,-6.4,-7.4,-20.8,-15.1,-0.0338294937894297,-0.05894361610647,-0.0192521393544798,0.0289464777794901,0
0.0999999999999996,-4,-5.9,-21.9,-15.1,-0.0798781402882502,-0.0372796925807899,0.0081792430929104,0.0256906643737346,0.1
0,-5.1,-0.300000000000001,-25.4,-15.2,-0.0749720851945699,-0.0865734566180301,-0.130110175661221,0.0203868907740853,0
0.100000000000001,-6.3,-4.8,-25.2,-18.3,-0.04572870078229,-0.0775185762263702,-0.0229141878913097,0.0289066230107576,-0.2
0.0999999999999996,-3,2.2,-24.8,-15.1,-0.00875041167787005,0.00298141664800999,0.10179639195382,0.0181928719886119,-0.2
0.2,-0.900000000000002,-1.8,-23.5,-10,-0.05253178906205,-0.0428410196890798,0.0734463297109906,0.016623978091682,-0.2
0,-6.8,-1.2,-23.7,-11.6,-0.0173857158897901,-0.02504201173591,-0.0149222619677207,0.0166232788360418,-1.2
0.0999999999999996,-4.6,3.2,-22.9,-10,0.0181354872752801,0.00829413397035994,0.11654487517044,0.01572163119365,0.1
0.2,8.5,4.4,-19,-7.2,0.0298640655041198,0.00828533573662016,0.0424464600369703,0.0116140320981201,0.1
0.0999999999999996,-0.900000000000002,-2.6,-17.8,-4.9,0.0323292572198399,0.03260404239815,0.0443355586228398,0.0100446479183507,0.3
0.100000000000001,0.700000000000003,-2.8,-16.6,-6.6,0.00471520667830028,0.0275182065297699,-0.0301817387765801,0.0157608049093007,0.3
0.0999999999999996,-0.600000000000001,10.2,-12.5,-2.9,0.01598567312984,-0.0137836527439799,0.01263266562,0.0144618902744717,0.1
0.100000000000001,0.100000000000001,5.1,-10.2,-1.9,0.0201232091675698,0.0187828819315201,0.0977232882700498,0.00995140167796527,-0.3
0.199999999999999,3.3,-2,-9.9,0.1,0.00577282873398,0.0247101908431699,-0.0220733449642996,0.00931562550636442,0
0.100000000000001,-0.0999999999999979,3.9,-8.3,-1.5,-0.0217257126336401,0.01521798455274,-0.0385572713962397,0.0117975071469491,0.2
0,-0.100000000000001,-3.8,-7,-1.1,0.0670819486064103,0.0524101526342298,0.0682092001785097,0.00865424819985045,0.1
0,0.800000000000001,4.9,-5.2,-6.9,0.00506787753433002,-0.0324719535904499,0.00152532019031959,0.0118219491240017,-0.1
-0.100000000000001,-2.5,-10.5,-3.3,-6.1,0.0183390560538998,0.03213835002044,-0.0752380196692801,0.0253500910938437,-0.2
0,0.5,5.5,-3.8,-6.3,0.0242684923374901,0.05899063811456,-0.00741188811337956,0.0137658951446471,0.8
0.100000000000001,-5.4,0.2,-4.5,-4.9,0.0410375060255701,0.0308660571239798,0.04557040902806,0.014255425633283,-0.1
0,0.299999999999997,-0.8,-4.7,-4.6,-0.0147332893157799,0.00861917593865025,-0.0453332812393796,0.0120467074972281,0.1
-0.100000000000001,4.9,0.8,-4,-5.7,0.0291860880667496,-0.00148565402073997,0.0488679875708495,0.00943511905082835,0
-0.0999999999999996,3.5,8.6,-1.6,-4.3,0.0208706467801401,-0.0154953141243199,0.00758849824287999,0.00705175743497191,0
0,0.0999999999999979,-2,-1.8,-4.5,-0.0201900034958498,-0.01933976472528,-0.0283573036002602,0.0104792290157003,0.3
-0.0999999999999996,-2.4,9.5,1,-8.4,0.0105766524690099,0.0451349359330799,0.08186838545046,0.00687165907929623,0.1
0,9.1,-8.5,2.5,-4.1,8.95896809098851e-05,-0.00645545829629013,0.0183690907931,0.008125602567353,-0.1
-0.100000000000001,0.699999999999999,4.8,2.2,-2.8,0.00616169175314019,0.00114856297749988,0.0154689479550205,0.00687278713973708,0.1
0.100000000000001,4.4,4.2,4.7,-3.4,0.03129030122542,0.0348914381610101,-0.0208526822126407,0.00972895238090227,0.1
-0.2,-2.2,-7.4,4.9,-3.4,0.00907504031690998,0.00529101110273,-0.0209928143043099,0.00810324224582664,0.2
0.0999999999999996,-2.2,1.9,1.8,-5.9,-0.00660402884604983,0.0141210555605902,-0.0303501982748493,0.00832248350682398,0
0,2.7,-2.4,-0.4,-7.7,0.03320594112347,-0.0176774176584602,-0.0235121364780104,0.00934272046939847,0.3
-0.0999999999999996,-2.2,-4.1,-3.6,-4.7,-0.03769703728734,0.00364774299749016,-0.0363517453831896,0.0101482302090823,0
0.3,0.800000000000001,-4.8,-6,-12.6,-0.000301241830740206,0.0150972209787597,-0.11823445717681,0.0224646407906554,0.1
0,-2.8,2.6,-5,-17,0.03071890669383,-0.00735432252025969,-0.0481046444588102,0.0236384787578289,-0.1
0.2,-3.5,-9.5,-5.8,-21.1,-0.00799490623312993,0.0202506756708098,0.09261977688847,0.0173113434564185,0
0.2,8.6,2.4,-6.6,-19.1,-0.0195379531929101,-0.02490010533689,-0.0226886255913001,0.0207647929408749,-0.2
0.199999999999999,-9.4,-1.9,-3.9,-22.4,-0.0171334665320599,-0.0193672089439798,0.0443420802684402,0.0127796971384697,0.1
-0.0999999999999996,-3.8,5.3,-5.1,-23.9,0.00319050912077978,-0.00797788948510991,0.0195516445246602,0.00915175852295539,0
0.0999999999999996,-2.2,-2.3,-4.2,-21,0.0335036830623903,0.0222603508689896,0.01046093758357,0.00846232092041089,0
-0.0999999999999996,-3,3,-5.1,-22.7,0.0226777691397597,0.0273959255856804,-0.0136246925547097,0.0103626722914455,-0.1
0,-0.399999999999999,-1.4,-6.3,-17.9,0.0145760818267,0.0300593225022898,-0.0522202542820907,0.0146935740908129,-0.3
0.3,-6.5,1.4,-8,-22.6,-0.0299580793652998,-0.0168593819696401,-0.0594252991564899,0.0118443011561295,0
-0.0999999999999996,-1.3,-5.8,-8,-24.7,0.03301045416787,0.01476051526569,0.0624674698080598,0.012662399331159,0.2
0,-1.59999999999999,4.3,-8.3,-17.3,-0.00592846092287003,0.000154581948440313,0.0539106563898901,0.0105187226901249,0
0.0999999999999996,8.2,-6.1,-7.6,-19.2,-0.0139132076134598,-0.00674801338961029,0.00732376787598987,0.00905428685525719,0
0,-10.9,3.1,-8.7,-16.6,-0.00738671709518002,-0.00556316089982989,-0.0228432338475999,0.00958168840674239,0.6
0.100000000000001,1.9,-2.6,-9.7,-15.7,0.00341452795148989,0.0174425885318499,0.0173075906290601,0.00848046536134179,-0.1
0.0999999999999996,-3.1,6,-9.6,-24,-0.00903093201756988,-0.0399862890116398,0.0214735841931804,0.00926825511450134,0.1
0.2,-1.5,-8,-9.5,-22.7,0.01603424663349,0.00520495137741994,0.0194805106940494,0.00375709512051088,0.1
0.2,1.6,2.9,-10.1,-19.8,0.00180110285778001,0.0110351942529099,0.0331938411372308,0.00608113972560011,0
0.0999999999999996,3.2,-3.9,-7.1,-27.2,-0.00530390102459011,-0.00527388294770992,-0.0476040867376408,0.00915993729991859,-0.1
0.2,-2.4,0.5,-8.4,-23.4,0.0202152181196702,0.00332705082684015,0.0113807163867108,0.00720444479733541,-0.3
0.2,1.9,1.6,-9.3,-19,-0.02717579158942,-0.00784853347725001,0.00849437534065967,0.0109914583699398,0.2
0.0999999999999996,3.6,5.4,-8.3,-17,-0.0202452565513003,-0.0525613186774101,0.0333497256095603,0.00782695743765041,0.1
0.0999999999999996,-2.6,1.8,-7.8,-18.6,-0.0297317556524099,-0.0102808793923499,-0.0493376552280305,0.0109662902069162,0.2
0.200000000000001,-1.6,-4.2,-7.1,-21.2,0.0297317999701598,0.0224729141136399,0.0622276660033805,0.00724988521156781,-0.3
0.199999999999999,5.8,6,-4.8,-18.2,-0.0138184331953397,0.00784959661812978,-0.01756836159519,0.00848875590099293,-0.4
0,1.2,-0.6,-5.2,-17.1,0.00265279595247003,-0.00865751945566995,0.0319979215865898,0.00664519900997288,-0.8
0,1.3,-4.6,-2.7,-12.7,0.00723274378322003,-0.00224368167764011,0.0471750673193698,0.0068353872659607,-0.1
0,-1.8,0.7,-2.8,-7.5,-0.0316015748176004,0.00233128980062025,0.0167162525740006,0.00464314214276385,0.2
-0.0999999999999996,3.9,-1.2,-3.5,-5.6,0.0153739276456601,-0.0112697083526703,0.0126189615686494,0.00926447209292733,-0.3
0.0999999999999996,2.9,3.7,-3.1,-5.3,0.0171297524414902,0.00735889441469029,-0.0357552464461595,0.00741261377808679,-0.3
0.0999999999999996,1.3,-1,-3.2,-2.6,0.00996330451638006,0.0280032125040099,0.0255008136540997,0.00586872561415287,-0.3
0.0999999999999996,1.4,4.2,-1.8,-0.3,0.000236547177039803,-0.0174354463817901,0.00336509912990035,0.0111473783197033,0.4
0,5.2,0,-2.6,-2.8,-0.00479355196344988,0.0060926962077601,-0.0112364702576908,0.0066707096131797,-0.4
-0.0999999999999996,-2.4,1.3,-2,-1.7,-0.0231631487315003,-0.0144855147830203,0.0199013384651803,0.00429292529815808,0.1
-0.0999999999999996,6.6,-0.9,-1.7,0.2,-0.000148084195319864,-0.0107920431651398,0.0171986830591102,0.00427597645002819,0
-0.199999999999999,-0.699999999999999,3.9,-1,-1.7,-0.00208138175368999,0.02404993269813,-0.0298071831208304,0.00789497465057446,0.1
-0.100000000000001,1.2,-0.2,-1.6,-3.9,0.01725645567817,-0.00338194731520991,0.0223297662189603,0.00782399136567689,-0.1
-0.0999999999999996,7,-0.5,-1.3,-3.9,-0.0153115468932898,0.00640853893425986,0.0194030665819103,0.00567636077743621,0.2
-0.0999999999999996,-3.7,3.3,0.9,-1.7,-0.00794474170875015,-0.03125454776271,-0.0223926182637602,0.0150527707726405,-0.1
0.0999999999999996,0.300000000000001,-4.1,1.1,-3.6,0.0293287577686301,0.0221188195235702,0.0406661384510798,0.00717674823239195,-0.3
0,6.6,3.1,0.8,-3.2,-0.00338935439269017,-0.0114448933183202,-0.00125217545954026,0.014581581685752,-0.7
0.0999999999999996,-2.2,-2.9,-0.5,-3.7,-0.0038591711206899,-0.0230746766635401,0.0684003946384406,0.0134156043698624,0.2
0.100000000000001,1.8,-1.4,-1.3,-4,0.00478693368269978,0.00103347145631005,0.0663396906040399,0.00573409846607267,0.2
-0.200000000000001,1.4,2.6,-1.3,-1,0.00258183855520011,0.0320329528351899,0.000576884239450237,0.00927960041230956,0.2
0,1.6,3.7,0.3,-3.3,0.0143639512349298,0.02796886363747,-0.00958814736281077,0.0113228619251279,0.5
0,2.1,0.0999999999999996,1.4,-1.7,-0.0267885994034098,0.0212996842556201,0.00944739487585,0.0107377723549785,-0.1
-0.0999999999999996,3.3,-2.2,1.7,0.5,0.03241818702221,0.0161817652512699,-0.0396532759917294,0.0126814496004653,0
-0.0999999999999996,10,2.2,1.3,-1.2,0.0024789032097301,0.00859379400792015,0.03916228454269,0.0130613062859447,-0.2
-0.2,-12.3,-1,1,0.3,0.0030344410529799,-0.03651494308704,-0.10380657858062,0.0217113604257399,-0.2
0,4.1,1,1.7,0.5,-0.0194885892818699,-0.00977719333749016,-0.0532876132254598,0.0184948535274634,0
0.0999999999999996,3.2,1.8,0.7,-0.7,-0.02115746024106,-0.0139300360448598,0.0937552012522103,0.0107373754729215,0.1
0.100000000000001,5.9,5.6,2,1,-0.0182167808914002,-0.0206938735343303,0.0214790426647893,0.0103029913804336,0
-0.2,-3.8,-5.5,0.2,0.9,0.0187416002173602,0.0234916207608804,-0.0596058114879998,0.015546801061361,-0.1
-0.100000000000001,-0.9,-1.6,1.1,-1.3,0.00941811642783996,-0.00732416302694006,-0.01386475218664,0.0181728020889414,0
-0.199999999999999,3.9,-0.799999999999999,-0.1,-3.2,-0.0170161564100799,-0.00576793883206017,-0.01530071186406,0.0189893063761442,0
0.0999999999999996,-5.8,-1,-0.1,-5.4,0.0040511592529402,-0.0262344304796902,0.0194887439225599,0.0104780280165861,-0.6
-0.0999999999999996,0.0999999999999996,-3.3,1.1,-4.7,-0.0224489209949401,-0.01021908147982,-0.00187432243581931,0.0105753532440976,0
0,5.1,1,1.3,-5,-0.01190743200018,-0.0222923946742197,0.0166645986534899,0.00941132693890058,0
-0.2,1.1,1.3,2.7,-1.5,0.0364690461701898,0.04637435220768,-0.0239494167164604,0.0205511862346128,-0.2
-0.100000000000001,1.8,0.5,2.7,-4,-0.0163024741822997,-0.0143851351364703,0.02652811785285,0.00914931974790908,0.4
-0.0999999999999996,2.3,2.3,-1.2,-4,0.0266364975873796,0.0219945349578103,0.00887387857093991,0.00736852853726235,-0.1
-0.2,-0.300000000000001,-3.4,0.3,-0.9,-0.00505409635220966,-0.00709150524014035,-0.00144416121066016,0.00967120388709236,0.3
-0.0999999999999996,5.3,1.9,1,1.8,-0.00422600339244994,-0.00611848045193986,-0.0020072915009699,0.0073839881261989,0.2
-0.100000000000001,-4.1,-1.1,0.9,1.6,0.0241783223442997,0.0381693789544899,0.0135338759010706,0.00783063165998965,0.4
0,-0.199999999999999,3,2.5,2.2,0.00382183139323011,0.000670494196040039,0.0530388750538595,0.0057609750113501,0.7
-0.199999999999999,3.8,0.800000000000001,3.4,1.6,0.0296905463765298,0.0158417197434702,-0.00987919463798992,0.00594977484635076,0.1
0,-1.2,0.5,3.5,3.9,0.0373986645820601,0.0253792955999699,0.0310091099506398,0.00565344953424557,-0.7
-0.100000000000001,3.8,-2.1,3.8,3.8,0.00489539627966007,0.0158259244707,0.0384318649559301,0.00582248862452889,0.5
-0.0999999999999996,-1.6,0.199999999999999,4.7,4.2,0.0126092175693699,0.0187325546047203,0.00353757594593063,0.00667616727372241,-0.5
-0.100000000000001,-1.7,0.800000000000001,3.3,1.1,0.00461056996241016,0.00381799973520991,0.00886690795595957,0.00488281037634433,0
0,2.8,1.7,4.6,2.4,-0.0328144086145099,-0.0187961561321499,-0.0300600946831899,0.00591527963862582,0.2
-0.0999999999999996,1.1,1.2,4.2,4.8,0.0301843115356197,0.0275775943510896,0.02815571482886,0.00591792110653786,0.0999999999999999
-0.0999999999999996,0.199999999999999,-1.2,3.4,5.1,-0.00158065524699014,-0.03572180920245,-0.0196174362175405,0.00650766350904311,0.1
-0.2,-2,-0.9,5.2,3.5,-0.0146410028956598,9.18215357303964e-05,0.0422750253846704,0.00361920111398778,-0.2
0,1.7,3.6,5.2,5,0.00344459514804996,0.0377724477377899,0.0285639014486598,0.00427708858040268,0.2
-0.2,9.5,-7.6,6.7,3.2,0.0133411879409602,-0.0254592822730699,-0.0226068246393796,0.00448062739726318,-0.2
-0.0999999999999996,9.9,5.7,6.7,4.8,-0.0187847279741402,0.00502348004705988,0.00853619375495995,0.0055277740779392,0.2
0,-8.2,1.6,7.2,4,0.0509209677811202,0.0797749453876602,0.0303221728398997,0.00477975305516596,-0.3
-0.2,-3.6,-2.8,8.1,3.6,0.0146552565811597,0.00109335824042978,-0.0503155238983402,0.0120151582714278,-0.2
-0.100000000000001,6,-0.799999999999999,7,4.1,0.01080519610667,0.00526615232999994,-0.0129419889304501,0.00972484728380194,0.1
-0.0999999999999996,-0.899999999999999,-4.5,5.8,3.8,-0.0427304619877797,-0.02821377817944,0.0420853222634401,0.00740773673500847,0.6
-0.0999999999999996,3.1,1.1,7,2.4,-0.00478274384904998,-0.0412510808045399,-0.00819783524213946,0.00560974843482654,0
0,-6.8,0.0999999999999996,5.5,2.5,0.00754670937079993,0.0391221556931498,0.000980426992019723,0.00871636822650834,0.4
0,2.6,-0.4,4.3,4,0.0236318535240798,-0.01982559020056,0.0287164754915503,0.00623134245347568,0
0,-1.5,0.600000000000001,4.7,2,-0.00160337301115998,0.0273086099325002,-0.02910356052677,0.00618146299278713,-0.2
0,2.6,3,4,2,-0.00523571025011993,0.00867996199025978,-0.0115645759332299,0.00606163673900977,0.2
-0.100000000000001,-1,0.700000000000001,3.5,-0.8,0.0417320798568301,0.0282220606693402,-0.0614352540840901,0.0103101669552754,-0.1
-0.0999999999999996,-4.6,-4.7,4.1,-1.8,0.00408953329157979,-0.0261617435558699,0.00367092699830973,0.00672430692479529,0
-0.100000000000001,0.300000000000001,3.9,4.5,-3.8,-0.0133780726736998,0.0314430011805897,-0.0615857109729703,0.0135904109827309,0.2
0,-0.100000000000001,-2.5,3,-8.1,-0.00265118639316997,-0.03436064839758,0.0642009858917199,0.00830252403615477,0.4
0,-1.2,1.5,3.4,-6.3,-0.0356884694364599,-0.00754593949007987,0.0296690370930701,0.00568939099337687,0.2
-0.199999999999999,-0.100000000000001,0.300000000000001,3.2,-8.3,0.0140636018551197,0.02769399501374,0.0107469443920705,0.00731010512189051,0.1
0,1.2,-2.5,3.4,-7.9,0.0076705707018303,-0.0139441344817901,0.0336618742561399,0.00383082512990864,-0.5
-0.100000000000001,-6.2,0.6,2.2,-7.8,0.0200092773734397,0.0117877792746599,-0.0546426802140303,0.00920499888271256,0.3
0,2.1,-1.1,0.2,-7.1,-0.0454075034688297,-0.0094767960439599,0.0395429532092901,0.00508229316823494,-0.2
0.100000000000001,-7.6,0.6,1.2,-7,0.00478367309243,-0.01805864724856,0.00825631101565971,0.0051386651676523,0.3
0,-2.5,-1.3,2.3,-7.8,0.01303250836918,0.01763314328063,-0.0286973111833193,0.0123496895386206,-0.2
0.0999999999999996,0.0999999999999996,-0.5,0.9,-8.4,-0.01923190110359,-0.00506561136979,0.0446982259052797,0.00430463181854494,0.1
0,-1.8,0.0999999999999996,0.9,-7.3,0.0173530326379798,-0.01491101078292,-0.0105256500403001,0.00939365264288977,-0.1
0,-9.2,-0.399999999999999,-0.4,-7.4,0.00653286399691,0.0176179624809403,0.0392227083558101,0.00464775529007079,0.1
0,4.1,-2.8,-0.4,-7.2,0.0206773199805599,0.00922934428250999,0.0114755988834396,0.00808620386017155,-0.9
-0.2,-0.199999999999999,1.3,-0.4,-8.1,-0.0288018277383899,-0.00738154431554028,-0.0174573907593096,0.00899153854772157,-0.2
-0.2,1.3,2.2,0.4,-5,0.0183776814837402,-0.00236978811285971,-0.0951570288779902,0.0171348639011772,-0.2
-0.0999999999999996,-3.1,-2.8,-2.6,-7.9,0.0079285658177799,0.0102596673127899,-0.11146042562454,0.0429038386933503,-0.2
0.0999999999999996,-19.1,-17.2,-26.7,-22.6,-0.0177247634048903,-0.0723416002559403,0.0546172905540807,0.0208453799270491,0
0.4,4.9,1.6,-24.7,-18.3,-0.08669804986818,-0.0416883853579697,0.0390861594341994,0.0179600684291585,0.4
0.0999999999999996,1.6,10.7,-17.8,-15.8,-0.14107244461226,-0.10988532908551,0.0466659778302505,0.0163693268106683,0.0999999999999999
0.800000000000001,1,2.3,-12.7,-15.1,0.0233956918292098,0.0201876296583499,-0.0370526884471598,0.0112222564346747,-1
0.0999999999999996,1.6,4.2,-9.5,-14.8,0.0679612027280503,0.08001373609167,0.0123104972768493,0.0112894963445555,0.4
0,7.6,2.3,-9.8,-13.8,0.0318293138522701,-0.01469898342364,-0.000420273418219708,0.0126172187263172,0.0999999999999999
-0.0999999999999996,-2.1,-7.3,-10.3,-16.7,-0.00931173559890031,-0.00423409115613982,-0.0310107359643199,0.00965999148017126,-0.4
-0.100000000000001,3,-1.8,-9.5,-12.1,0.0271338281190903,0.0468069224360002,0.13470195105892,0.0109741726830491,0.2
-0.3,0.7,-1.6,-6.4,-7.9,0.0303625101834499,-0.02584241523699,0.02798667351946,0.00784946380911323,0.6
-0.0999999999999996,-0.399999999999999,-7.4,-5.1,-7.1,0.0239414530080597,0.0594403102673198,0.0219497389288392,0.00929634561200367,0.2
-0.2,2.7,-1.6,-6,-7.9,-0.000114182949999986,0.000975655248300011,0.0131780007312505,0.010013187338019,0.0999999999999999
0,3.4,3.8,-2.3,-4.1,0.00831513640369019,0.00400210287402025,0.0691976946812698,0.00806818361992507,0
-0.100000000000001,10.3,10.7,7,0.8,0.0161434380867802,0.0254709289122199,0.00646572268604029,0.00700454113279129,0.2
-0.0999999999999996,-2.8,0.9,8.6,3,0.0515747968872899,0.0775212420763998,0.00162673019636994,0.0113389573521965,-0.1
-0.0999999999999996,-1.1,7.1,9.1,5.6,0.00150460158827004,-0.00332371877876003,0.0261069574973094,0.00652846234506796,-0.6
-0.2,-2.1,-4.2,9.3,-0.2,0.0154898698527499,0.01887180768342,0.0283234052678702,0.010463946311884,1
-0.100000000000001,4.7,-3.6,7.1,-0.6,0.00132137821477984,-0.0136722350481997,0.0388672380508401,0.0046517653192279,0.3
0.100000000000001,1,0.8,8.4,0.6,0.0315898530646601,0.0283701382201698,-0.0208312609074301,0.00845887113231121,0.7
-0.100000000000001,2.6,-0.6,10,-4.7,0.0013814508131702,0.01602922620317,0.0367820405065302,0.00936481122659956,1.8
-0.2,0.299999999999997,1.5,9.8,-11,-0.00183892062532998,0.01255932735419,-0.0510013078043503,0.00897047423087395,0.5
-0.2,-0.599999999999998,3,7.5,-10.4,-0.00980931308383015,0.0150005383031,0.0186836684916205,0.0119462469598249,0.7
0.0999999999999996,0.300000000000001,-9,6.7,-9.6,0.0391449722907002,0.0376129729149803,-0.0595888930367003,0.0131245986234672,-0.2
-0.2,0.299999999999997,7.9,6,-13.2,0.00441424991596939,-0.000252486258890183,-0.0407621211145699,0.0139792593129362,3.5
