"","pub_date","L2_LRHUTTTT","L1_BCCI","L1_BRCI","L1_BSCI","L1_CSCICP02","L3_XTEXVA01","L3_XTIMVA01","L1_AEX","L1_AEXVLT"
"1",1986-02-15,8,-11.5,31.9,-1.6,1.9,2.66453121903019,2.63098200452646,5.34706303079997,0.0160814268859959
"2",1986-03-15,7.9,-8.9,28.5,-4.2,1.5,2.66579363304869,2.56745533659469,5.28356936124454,0.00795303070814309
"3",1986-04-15,7.8,-1.6,29,-4.5,3,2.66577805280112,2.58915708812478,5.36910940456021,0.00968018838420398
"4",1986-05-15,7.8,5,29.7,-6.3,0.6,2.67106314317922,2.52378058816563,5.34703671910005,0.0115140357343949
"5",1986-06-15,7.7,5,32.4,-6.1,3.4,2.55342005709801,2.53289316817873,5.3959510006199,0.0174248645563316
"6",1986-07-15,7.6,5.9,29.6,-4.9,4,2.65061420795973,2.56623971767549,5.37984484358676,0.00567004557392208
"7",1986-08-15,7.6,-3.5,28.6,-4.9,2.6,2.5768806661155,2.48534416838297,5.34978842458933,0.00805958957642974
"8",1986-09-15,7.6,-1.1,32,-5.1,2.2,2.58632404618493,2.50053476203365,5.35960226878697,0.0120098051857464
"9",1986-10-15,7.5,-3.6,32.3,-6.7,0.3,2.58986493364677,2.4904843483485,5.31164527420252,0.0137046396452587
"10",1986-11-15,7.5,-6,29,-5.4,1,2.50744625323808,2.45364853685404,5.31563090173279,0.0108864999927471
"11",1986-12-15,7.5,-9,29,-3.8,0.7,2.55970701682889,2.48203615016279,5.33961586318401,0.00800855852333931
"12",1987-01-15,7.4,-6.7,33.9,-4.7,0.9,2.49462146329769,2.46836634543974,5.30479059045824,0.00729052142338764
"13",1987-02-15,7.4,-7,27.6,-6.8,-0.2,2.47719291499189,2.47348624489476,5.24606819687529,0.0132662657250054
"14",1987-03-15,7.4,-2.4,29.2,-5.7,0.4,2.48252394040196,2.50986407937733,5.2395577019108,0.00710331024199595
"15",1987-04-15,7.4,-0.7,27,-6.3,-1.3,2.44250519810531,2.44531762616804,5.2695479537641,0.00843520384595949
"16",1987-05-15,7.4,-1.7,27.7,-7.3,-0.5,2.51925829609463,2.54091839828262,5.2680284541915,0.0131890537284347
"17",1987-06-15,7.4,-0.7,20.5,-7.6,-0.8,2.5168034407497,2.51571516636453,5.2643078784951,0.00794575382205197
"18",1987-07-15,7.4,-0.2,18.6,-6.8,-2.2,2.49673691325891,2.47183387875543,5.33851977806601,0.00777234379764016
"19",1987-08-15,7.5,1.6,22.3,-6.5,-4.5,2.53296790792302,2.50333998958715,5.39297901322631,0.00763314378205473
"20",1987-09-15,7.5,-1.9,21.4,-5.5,-4,2.53188381001724,2.46401832889739,5.38537967195888,0.0106381354011205
"21",1987-10-15,7.5,-0.8,18.9,-4.5,0.7,2.51944532517007,2.51976293374555,5.36380029500687,0.0118293464856352
"22",1987-11-15,7.5,-2.7,20.1,-2.9,-1.8,2.52959428656157,2.52247564486323,5.03980305902581,0.0476004934219108
"23",1987-12-15,7.5,-0.3,19,-2.4,-3.5,2.53581173269387,2.51964447592005,4.84492783727093,0.046974973051425
"24",1988-01-15,7.5,-4.1,14.9,-3.9,-2.2,2.57002134583785,2.50393963061805,4.92262175787542,0.0220432552073056
"25",1988-02-15,7.5,-4.2,16.3,-4.8,-3.7,2.58335359862007,2.56212891798652,4.95488910223938,0.0238768134863704
"26",1988-03-15,7.5,-5.7,17.5,-5.1,-3.5,2.5805721487553,2.59362461771322,5.04411167151752,0.0107393627630586
"27",1988-04-15,7.5,-1.6,13.3,-4.9,-3.3,2.47225931649393,2.38001260397126,5.0826794888273,0.0154538080713211
"28",1988-05-15,7.5,-3.5,14.1,-3.1,0.4,2.53742590732063,2.54643511541428,5.11681969160799,0.0105258756441225
"29",1988-06-15,7.4,-0.8,16.1,-3,-0.2,2.56208416982323,2.54748854497754,5.10218731529241,0.0118383043233537
"30",1988-07-15,7.4,-0.6,21.4,-2.4,-0.3,2.5793571477966,2.55606074292692,5.21438027530582,0.00968213418038327
"31",1988-08-15,7.4,1.5,18.5,-2.4,0.8,2.59831858097461,2.56989575241212,5.256979175644,0.00796060619354489
"32",1988-09-15,7.4,5.7,13.7,-0.4,2.6,2.59680004493481,2.59044050692865,5.2115119952064,0.0129109671805383
"33",1988-10-15,7.3,8.7,17.9,-1.4,1,2.60872048211895,2.58137655693932,5.25365581685372,0.00673140673416219
"34",1988-11-15,7.3,6.2,21.8,-0.6,2.2,2.6639050001598,2.58351574735088,5.28250024390294,0.00776512217589871
"35",1988-12-15,7.2,7.4,20,0.1,5.7,2.63724591006023,2.59953128522996,5.24752383736924,0.00936768094988286
"36",1989-01-15,7.2,4.6,20.6,1.3,4.7,2.65022500437923,2.60672153311027,5.3235611199321,0.0071524952928167
"37",1989-02-15,7.1,3.4,24.2,1.5,4.9,2.64197911247243,2.58051213508028,5.3603526618374,0.00756089640262426
"38",1989-03-15,7.1,-0.4,23,0,3,2.65012536591799,2.61927288831698,5.34746724385692,0.00865136535750682
"39",1989-04-15,7,-2.4,29.7,0.3,5,2.68853829829074,2.64659065305115,5.4036199147506,0.00653908179190703
"40",1989-05-15,6.9,-4.4,24.6,2.1,5.8,2.69698518503417,2.62851640481354,5.47492505839193,0.00705150103542164
"41",1989-06-15,6.9,-1.7,26.8,2.8,4.1,2.65210168402088,2.61027561344843,5.45551994403256,0.0118770917584552
"42",1989-07-15,6.8,-0.3,27.1,2,6.6,2.73898925327283,2.70554117235543,5.49179838191452,0.00649484691164677
"43",1989-08-15,6.7,3.1,25.7,0.6,7.5,2.73812236489377,2.69345074682069,5.52077252659882,0.00581723349134645
"44",1989-09-15,6.7,2.6,29.5,1.6,7.6,2.71437588341615,2.7152365841142,5.50719277827078,0.00927833227715749
"45",1989-10-15,6.6,3.5,25.4,0.5,7.7,2.6658524466694,2.66719435815756,5.50023699252282,0.00646456834275925
"46",1989-11-15,6.5,4.6,24.6,2.3,7.3,2.73648705689925,2.69617684545338,5.42317720984139,0.0194190075952693
"47",1989-12-15,6.5,6.5,27.7,2.1,8.2,2.72216115753588,2.66231544753211,5.43560823819728,0.00919253827379557
"48",1990-01-15,6.4,2.4,26.4,0,8.8,2.69826514893665,2.71955913846829,5.45971713414017,0.00758403593117016
"49",1990-02-15,6.4,2.3,29.8,-0.6,6.4,2.72916512934837,2.68985603100071,5.39101559174562,0.0117652615441646
"50",1990-03-15,6.3,4.5,26.6,0.6,5.3,2.74199995122519,2.68105897632225,5.33117469619373,0.0114303429291895
"51",1990-04-15,6.3,0.6,29.2,-0.6,6.1,2.71785296721826,2.69763708827756,5.41140470529055,0.00923455404286449
"52",1990-05-15,6.2,-3,31.1,0,5.4,2.72096683719723,2.68364506260483,5.38038765593225,0.00959486392360834
"53",1990-06-15,6.2,-2.9,32.6,0.8,4.9,2.72155433253623,2.67839797178169,5.4067950180747,0.00553997330870969
"54",1990-07-15,6.1,-2,27.7,1,5.1,2.69651095923689,2.6394602042769,5.42056042181581,0.00446049214498304
"55",1990-08-15,6.1,-0.7,29.6,-0.3,4.3,2.69969976619297,2.74662904870018,5.38942300664923,0.00557580126598423
"56",1990-09-15,6,-1.6,27.3,-0.6,1,2.74454303609624,2.68312086863556,5.25093549742898,0.019770145821808
"57",1990-10-15,6,-1.9,28.4,-0.6,-1.4,2.74348576523321,2.67984676875504,5.14407175858867,0.0122547494097098
"58",1990-11-15,6,0.5,22.4,-2.2,-3.2,2.7311156618521,2.69887040217602,5.17116016625375,0.0151067388216938
"59",1990-12-15,5.9,-0.4,25,-2.1,-6.3,2.73515711285301,2.71110863711029,5.15875775880717,0.00842023331551908
"60",1991-01-15,5.9,1.9,23,-1.4,-5.2,2.77434602930621,2.69266504037531,5.16114437812892,0.00823748249920611
"61",1991-02-15,5.9,-0.4,21.8,-2.5,-9.9,2.7363022191035,2.69653213794541,5.17980876370355,0.015766387701426
"62",1991-03-15,5.8,-3.5,23.6,-4.2,-9.9,2.72516919104992,2.66670953368262,5.27450045817208,0.0103211029090142
"63",1991-04-15,5.8,-4,22.5,-2.9,-5.3,2.74248202441546,2.67788305261766,5.34588252764964,0.00943669296658986
"64",1991-05-15,5.8,-3.5,21.5,-5.8,-7.9,2.7295733512043,2.69789864537924,5.35145728962333,0.00938652732953018
"65",1991-06-15,5.8,-6.3,20.3,-4.9,-5.9,2.76857637182319,2.6699073280168,5.35654414498523,0.00649154893048544
"66",1991-07-15,5.7,-7.4,15.2,-5.6,-5.9,2.72205318225971,2.70641186922549,5.32706108701701,0.00612708412534213
"67",1991-08-15,5.7,-5.4,21.1,-6,-8.1,2.74505022519815,2.69538553110197,5.33569404544734,0.00488303175980152
"68",1991-09-15,5.7,-9.8,23.4,-4.9,-8.9,2.74483560122904,2.68099556261215,5.33010251620498,0.0127965006449538
"69",1991-10-15,5.7,-10.4,19.2,-4.2,-8,2.7781108247536,2.76090409491231,5.29784952822323,0.00309772432946061
"70",1991-11-15,5.7,-8.4,22,-6.3,-10.4,2.75032787083847,2.66389441578764,5.30257175882238,0.0056636185734201
"71",1991-12-15,5.7,-8.9,20.7,-4.1,-9.4,2.72197879327871,2.68685965772714,5.30350994210258,0.00865880125108324
"72",1992-01-15,5.6,-10.5,20.5,-4.6,-8.8,2.72836432595348,2.66508247003615,5.31437184128139,0.00707060813145782
"73",1992-02-15,5.6,-8.4,19.7,-3.4,-9.2,2.73942684289881,2.67392451375295,5.37827944045288,0.00672843271785622
"74",1992-03-15,5.6,-11.6,20.7,-3.5,-9.9,2.69928073343482,2.68077795923927,5.40946144342597,0.00439350360999463
"75",1992-04-15,5.6,-14.6,16.2,-5.5,-9.1,2.7227926782541,2.66540116242326,5.39442182110731,0.0045817525837769
"76",1992-05-15,5.6,-12,17,-4.3,-8.9,2.74016935926599,2.70244101103268,5.42720063471752,0.00591713588645673
"77",1992-06-15,5.6,-12,18.9,-6.1,-8.4,2.68186463962234,2.68962360173146,5.43911362536806,0.0057836491796919
"78",1992-07-15,5.6,-15.4,12.9,-5.5,-4.9,2.74306280001832,2.65690084493455,5.39110112022933,0.00615910118913229
"79",1992-08-15,5.7,-17.5,14.3,-8.2,-4.8,2.71235875934854,2.66203774206896,5.34099877534269,0.00908761052965029
"80",1992-09-15,5.7,-16.8,14.9,-5.7,-3.5,2.6851136478998,2.64951320971786,5.29982952159878,0.0109022597314926
"81",1992-10-15,5.8,-16.4,11.9,-7.7,-3.6,2.73888415283476,2.69650229827568,5.32212619229068,0.0104470415796292
"82",1992-11-15,5.8,-19.2,8.9,-7.4,-5.2,2.65691008852023,2.63539966522836,5.27552636501123,0.0102747418951543
"83",1992-12-15,5.9,-18.3,4.7,-12.9,-7.7,2.66183120804291,2.60572329545256,5.29200337429327,0.00562772270803635
"84",1993-01-15,5.9,-14.4,11.5,-13.3,-9.5,2.68444856927074,2.62834042580824,5.32296362395129,0.00535228751455944
"85",1993-02-15,6,-14.8,10.3,-12.5,-7,2.65411779620073,2.61617737986112,5.34411396496568,0.00535546616330194
"86",1993-03-15,6.1,-12.1,9,-13.4,-7.4,2.63379168306131,2.6073583054193,5.38494658607721,0.00551092939312827
"87",1993-04-15,6.2,-17.2,7,-13.4,-10.8,2.67917785282385,2.62185765010072,5.4190685912038,0.00657329458844416
"88",1993-05-15,6.3,-17.7,8,-13.7,-10.2,2.67556821384487,2.59634019942901,5.40125421188034,0.0057642934863401
"89",1993-06-15,6.4,-17.2,8.1,-14.4,-12.6,2.67280758311012,2.59360245466104,5.38372475979559,0.00638037754075405
"90",1993-07-15,6.4,-16.5,7.8,-13.6,-11.6,2.67672664332372,2.56364229476104,5.43776012085175,0.00520307670080475
"91",1993-08-15,6.5,-17,7,-12.4,-12.3,2.68877900096757,2.57645778504545,5.47572677856166,0.00674247645140118
"92",1993-09-15,6.6,-18.5,11.6,-13.5,-8.5,2.74384063416084,2.65560639307337,5.5453530107342,0.00645747999103956
"93",1993-10-15,6.6,-19.8,7.5,-11.8,-6.8,2.7395902591413,2.63338694732075,5.49465934112101,0.00888769768008193
"94",1993-11-15,6.7,-18.9,12,-11.3,-9.2,2.72623396168074,2.64079890658381,5.58639517377204,0.00689722265779755
"95",1993-12-15,6.7,-17.7,14.1,-12.6,-5.3,2.72645532775312,2.56954623172903,5.58644733181091,0.0103143127915491
"96",1994-01-15,6.7,-16.4,11.6,-12.6,-7.9,2.73912557394906,2.56373169472843,5.66826514549062,0.00736828990288785
"97",1994-02-15,6.8,-17.3,12.7,-9.7,-6.7,2.74103214467026,2.59062299537805,5.72195607717331,0.00815773567955512
"98",1994-03-15,6.8,-17.8,10.8,-7.4,-5.8,2.78714532915991,2.6635346736396,5.67473628835337,0.00989254909915083
"99",1994-04-15,6.8,-14.1,11,-7.1,-4.7,2.77263007846145,2.66347241322666,5.62745445204829,0.0108950897679627
"100",1994-05-15,6.9,-14.3,8.8,-5.3,-3,2.76477680199715,2.64393735993637,5.64821474623384,0.00820512899144058
"101",1994-06-15,6.9,-12,12.5,-5.3,-1.3,2.77335517108226,2.64012806270513,5.61711640974329,0.00680570861278549
"102",1994-07-15,7,-10.5,17.8,-3,-2.4,2.77574224364818,2.67555625030122,5.57585484800536,0.010684725145475
"103",1994-08-15,7.1,-7.8,12.3,-0.3,-2.1,2.79000347215665,2.6618827586024,5.63461793455703,0.00614879859880168
"104",1994-09-15,7.2,-6.7,11.8,0.1,-0.4,2.78083108999341,2.67633244513923,5.65730625402319,0.00706450053501314
"105",1994-10-15,7.3,-7.7,14,1.5,0.3,2.75160858010983,2.66897127937941,5.60754829572088,0.00611369836428833
"106",1994-11-15,7.4,-9.2,11,1.8,-0.2,2.81013510491042,2.68306461710487,5.63207112720568,0.00923754913930653
"107",1994-12-15,7.5,-8.2,9,1.6,0.9,2.79835647415236,2.69473755573021,5.62688111719825,0.00704926251627819
"108",1995-01-15,7.7,-8.9,11.2,2.3,-0.6,2.82335528888913,2.69893366171186,5.64272570492644,0.00500842682220476
"109",1995-02-15,7.8,-7.5,8.5,2,-0.3,2.84341049943671,2.73051583515146,5.62549195905947,0.00564071480228464
"110",1995-03-15,8,-11.7,7.7,2.3,2.3,2.89146180278172,2.77731277817376,5.61934300858049,0.00394648307330489
"111",1995-04-15,8.1,-11.4,4.6,3.4,1.6,2.87346790367485,2.74904309719608,5.57822787677646,0.00726679342956037
"112",1995-05-15,8.2,-10.2,10.7,2.4,-0.5,2.84044946180849,2.75661866441901,5.6344751323232,0.00369043451963672
"113",1995-06-15,8.3,-7.9,10.1,1.4,1.4,2.87056942704477,2.78544838815543,5.67071483021292,0.00618745328797329
"114",1995-07-15,8.4,-10.8,14.1,-0.4,-0.7,2.90317368117158,2.81024179726552,5.67542799656792,0.00437531952538341
"115",1995-08-15,8.4,-6.3,10.1,0.5,-1.4,2.90225644133561,2.79816182926681,5.73230525566884,0.00756420776422026
"116",1995-09-15,8.4,-6,8,-0.8,0.4,2.93284949201603,2.82425725359389,5.7308376794527,0.00501364152684502
"117",1995-10-15,8.4,-5.9,12.5,-1,-1.3,2.82398401871156,2.73187568917379,5.74030120833572,0.00608332245828044
"118",1995-11-15,8.4,-4.2,8.1,-1.9,2.1,2.8503852322273,2.73620496012402,5.71355370613398,0.00710102947699818
"119",1995-12-15,8.4,-6.8,10.8,-0.3,1.5,2.85405430621959,2.73235996280317,5.76626697256999,0.00520490086122608
"120",1996-01-15,8.3,-9,15.2,-0.7,-0.6,2.78320886065937,2.71382711411541,5.78390630316348,0.00589084483950973
"121",1996-02-15,8.3,-9.3,14.2,-1.6,-0.9,2.70384556265352,2.65747757104998,5.81642397381983,0.00681686553992398
"122",1996-03-15,8.2,-6.3,14,-2.9,-1.4,2.85697320306942,2.6942208750386,5.83196866627242,0.00688228919115201
"123",1996-04-15,8.1,-2.6,11.8,-2.7,-5.5,3.01452416694398,2.90018834601533,5.85806637253931,0.00627746615144367
"124",1996-05-15,8,1.1,15.6,-4.5,-4.4,3.01295029977276,2.8908841467373,5.89728574932645,0.00617325602576546
"125",1996-06-15,7.9,-0.6,11.8,-3.7,-2.4,2.9912168710031,2.88030969706377,5.92729502284789,0.00616676525934142
"126",1996-07-15,7.8,0.7,15.4,-3.4,-3.2,2.95780220697861,2.86813886904158,5.9142408793522,0.00627022291489655
"127",1996-08-15,7.7,-4,14.7,-3.3,-1.2,2.96797977110486,2.87253838138088,5.86687273757087,0.0108823192997962
"128",1996-09-15,7.6,-1.9,12.1,-1.8,-2.4,2.99126622120766,2.86296199668699,5.89626732972316,0.00838436666734361
"129",1996-10-15,7.5,-1,17.3,-2.8,-2.4,2.98402102363992,2.89135584321995,5.93334584871969,0.00571231820468723
"130",1996-11-15,7.4,-2.5,16.7,-4.1,2,2.99491739617704,2.89913326356474,5.93114601994347,0.00674471425078449
"131",1996-12-15,7.3,2.2,21.5,-2.2,-0.4,2.98045105120392,2.90993629773083,6.02182128208554,0.00620164468894819
"132",1997-01-15,7.2,0.1,18,-1.7,0.5,2.973709579821,2.93337173269863,6.04983390685721,0.0109495913568246
"133",1997-02-15,7.1,0.6,18.3,-1,3.9,2.99190928047499,2.93289137471481,6.09013992808723,0.00973593122959008
"134",1997-03-15,7,1.3,23.1,0.1,4.3,3.02582136786736,2.94952454397566,6.17561837670013,0.00872404453083863
"135",1997-04-15,6.9,2.8,23.5,1.3,3.7,3.04687148839731,2.95321397671527,6.17280647597729,0.0155109619145987
"136",1997-05-15,6.8,2.4,22.2,0.8,6.5,3.04806074111848,2.97661844476265,6.20138263653667,0.0161793683996619
"137",1997-06-15,6.7,-3,22.1,2.2,4.1,3.05210640642027,2.95945019332082,6.23466252660591,0.00909402262762955
"138",1997-07-15,6.6,0.8,21.4,2.2,4.4,3.05825888968866,2.96904015616307,6.32497958316454,0.00683758418263732
"139",1997-08-15,6.5,3.9,21.3,3.8,6,3.0758952346344,2.97494493760044,6.45391186871759,0.0132617784469574
"140",1997-09-15,6.4,2.6,21.8,4,4.3,3.07991904241217,3.00064023264531,6.32679188271734,0.0216723774440477
"141",1997-10-15,6.3,3.9,20.3,5.1,5.6,3.07206045334473,2.9971334267116,6.37573576930623,0.0159315535948472
"142",1997-11-15,6.2,7.1,24.5,4.9,5.2,3.08984148469096,2.99875156100001,6.30680990378751,0.0223697428531132
"143",1997-12-15,6.1,12.7,26.8,4.5,4.7,3.09417784269377,3.01955624787756,6.33183057007891,0.0152299621077181
"144",1998-01-15,5.9,9,24.8,5.7,7.5,3.10072021489475,3.02590229106875,6.37052145842746,0.0160587360863612
"145",1998-02-15,5.8,6.7,26.3,3.6,7.9,3.10217622624938,3.02092168352464,6.4198570923107,0.0115639854906237
"146",1998-03-15,5.7,4.5,28.8,3.9,6.2,3.12098246656805,3.00908181221061,6.52652172332846,0.00794683657663476
"147",1998-04-15,5.6,3.6,31.4,3.5,9.5,3.1089889822117,3.01359608600053,6.56934527706821,0.0112898268319511
"148",1998-05-15,5.5,3.3,27.5,4.3,6.8,3.12352458107915,3.00709345006317,6.56789384005535,0.0164667453851699
"149",1998-06-15,5.4,1.1,29.3,3.7,8.9,3.09869661523926,3.00691084300543,6.62982971785416,0.0176944607254922
"150",1998-07-15,5.3,4,27,3.4,7.5,3.11721833140144,3.00248460601643,6.63551691057294,0.0109747417010957
"151",1998-08-15,5.2,3.8,29,2.7,8.8,3.09016221899451,3.00488121455295,6.65745883633572,0.010404890582546
"152",1998-09-15,5.1,5,27.8,1.3,5.8,3.08912734729903,3.04010438462139,6.53393113701721,0.0195589394136671
"153",1998-10-15,5,6,28.7,3.1,1.5,3.12001657717635,3.0014035306868,6.37453210401525,0.0277391399734628
"154",1998-11-15,4.9,5.6,26.8,-0.1,-1.9,3.07249560233769,2.9890887076699,6.43357477366195,0.0294459780516393
"155",1998-12-15,4.8,7.5,28.8,-1.9,0.3,3.08757624538183,3.00816675469251,6.53630284523872,0.0176972294415613
"156",1999-01-15,4.7,10.2,26,-1.6,2.1,3.09290510092523,2.99968798036674,6.61411079859965,0.017247407670881
"157",1999-02-15,4.6,12.4,26.2,-2.2,0.2,3.08752092439552,3.0197678415074,6.6018505069614,0.0262467239796557
"158",1999-03-15,4.6,13.6,26.6,-2,-0.5,3.08811740556894,3.00882989358272,6.60442554920623,0.0117351875115716
"159",1999-04-15,4.5,13.4,29.6,-2.8,-1.9,3.09950606390073,3.03661516587392,6.59729619837634,0.0125856427575949
"160",1999-05-15,4.4,7.5,30.8,-2,0.3,3.07699678280608,3.03316497491966,6.66103905991224,0.00925600486516961
"161",1999-06-15,4.4,15.9,31.2,-2.8,-0.3,3.10842317457265,3.06105557678422,6.62624679205141,0.00906916070496503
"162",1999-07-15,4.3,13.2,32.5,-2.3,1.1,3.10332123082092,3.03192887351414,6.64285430237703,0.00709534639643616
"163",1999-08-15,4.3,15.6,31.9,-2.1,0.9,3.12396926830967,3.08001132766645,6.62883116642668,0.0118839902665885
"164",1999-09-15,4.2,12.7,33.1,-3,2.7,3.13621324497384,3.07032696266505,6.65830213326944,0.0131780413146103
"165",1999-10-15,4.2,16.2,26.4,-1.8,4.5,3.14508871765457,3.0907748914986,6.60997724628422,0.0114430111099745
"166",1999-11-15,4.1,16.9,33.3,2.6,8.3,3.13326633090502,3.07145983502424,6.65182303310497,0.0128417876714388
"167",1999-12-15,4.1,16.4,29.9,3.1,5.9,3.17713877766857,3.13092979097156,6.70222114970055,0.00863799113366174
"168",2000-01-15,4,17.8,27.1,2.4,8,3.18534396310532,3.12435385316563,6.81454736547864,0.00719424144799167
"169",2000-02-15,4,17.3,28.9,2.7,9,3.21261964936665,3.14591682572025,6.72455774379767,0.018079258426796
"170",2000-03-15,3.9,17.4,27,2.8,8.5,3.2226515913455,3.15734679148119,6.79980884012247,0.0135937720978184
"171",2000-04-15,3.9,17.3,29,4.2,9.4,3.22797098000472,3.16345653050579,6.78792923898082,0.0142072678258893
"172",2000-05-15,3.8,19.2,29.2,4.8,9.6,3.2736608538867,3.21107248487711,6.7849482776424,0.0151394096613506
"173",2000-06-15,3.8,16.5,28.4,5.1,7.9,3.28873268589822,3.22095242427428,6.7728137445381,0.00991291445481889
"174",2000-07-15,3.7,18.5,25.9,4.8,9.4,3.30931139412802,3.2392813466001,6.79894904478066,0.0104121096535189
"175",2000-08-15,3.7,20.5,26.7,6.1,7,3.32829792913718,3.24403259615977,6.79557857203367,0.00698022228021641
"176",2000-09-15,3.6,22.6,26.3,4.8,7.6,3.31578600501386,3.27269861021529,6.82261167760893,0.00605482154856536
"177",2000-10-15,3.6,22.4,29.2,4.1,7,3.33751289929708,3.25911479996733,6.76910865072031,0.00677071422736163
"178",2000-11-15,3.5,18.3,28.4,5.5,8.7,3.37903475278523,3.25400535606338,6.79577513222777,0.0111578350282539
"179",2000-12-15,3.4,21.8,26,5.4,7.9,3.36128335457226,3.3045523639087,6.74983980210081,0.0118025805429475
"180",2001-01-15,3.4,27.1,24.3,5,7.3,3.37871407574833,3.31840011002606,6.73663169425921,0.0127602982643823
"181",2001-02-15,3.3,21.1,25.7,3.9,4.3,3.38653694354634,3.33510493040289,6.73180312055198,0.00819509218729406
"182",2001-03-15,3.2,18.5,25.1,2.2,2.6,3.40862413619011,3.35899858434863,6.65409426262654,0.00831155215987112
"183",2001-04-15,3.2,15.9,21.4,1.3,0.5,3.37534293159908,3.3067124411258,6.57731884425905,0.017807343858205
"184",2001-05-15,3.2,15.7,19.4,-0.5,-1.2,3.35115676075715,3.27268375174599,6.63214223811884,0.0144440544952982
"185",2001-06-15,3.1,16,23,-1.4,-0.4,3.34908639434275,3.25924922457635,6.61534204240824,0.0113099369394383
"186",2001-07-15,3.1,13.1,23.7,-1.7,-4.8,3.3257705527554,3.22877926653382,6.59906611488293,0.0105903651310245
"187",2001-08-15,3.1,12.2,26.3,-4.2,-4.2,3.32304619515566,3.21687356655162,6.55630609562471,0.0101684878511226
"188",2001-09-15,3.1,6.5,25.1,-3.7,-5.6,3.360850153835,3.25311948730916,6.50579112621129,0.00945044995047268
"189",2001-10-15,3.1,5.4,26.4,-4.9,-4.8,3.30056572411412,3.22068490818735,6.35062598443579,0.0351037691789645
"190",2001-11-15,3.1,7.3,22.1,-8.5,-8,3.29514102610463,3.1886918623895,6.36576902324642,0.0238807164318395
"191",2001-12-15,3.1,4.9,25.7,-8.3,-6,3.27544057240299,3.16692732740739,6.43492920104962,0.0167835442391219
"192",2002-01-15,3.1,4.9,24.2,-7.8,-3.7,3.26622705757207,3.14452796778034,6.46620727799169,0.0145603347648246
"193",2002-02-15,3.2,4.3,25.4,-7.2,1.7,3.2509578009729,3.14261890011032,6.447370146329,0.0121868668978556
"194",2002-03-15,3.2,4.7,26.7,-4.8,0.5,3.2881660763181,3.14979594105807,6.42989730395612,0.0113233951741557
"195",2002-04-15,3.3,2.6,24.6,-5,0.7,3.26124582695545,3.17839495801435,6.49182200850274,0.00824290554181996
"196",2002-05-15,3.4,0.8,23,-5.2,-2.3,3.28026284973216,3.18174329455871,6.44887374726567,0.00966953832822183
"197",2002-06-15,3.4,-1.1,20.1,-5.2,-3.6,3.28202086438373,3.17648466642124,6.39492979886911,0.0100237777123592
"198",2002-07-15,3.5,-4.7,16.8,-5.3,-5.3,3.25673590944865,3.18740429217493,6.30105308234884,0.0243819665352103
"199",2002-08-15,3.6,-10,14,-7,-6.6,3.27547385763436,3.156832129416,6.11244308973962,0.0392598007418003
"200",2002-09-15,3.7,-12.2,9.4,-3.8,-8.4,3.29201796010238,3.18232759448607,6.1308605616637,0.0339880240741177
"201",2002-10-15,3.8,-13.6,11.9,-5.6,-10.8,3.28040043450999,3.15051775132227,5.89381352218277,0.0319487535214835
"202",2002-11-15,3.9,-11.3,7.5,-7,-11.2,3.28120146751794,3.16832343570798,6.04195373868664,0.031629690391649
"203",2002-12-15,4,-17.2,8.3,-6,-10.6,3.28941905063273,3.17863512788156,6.09925595191307,0.0210805951079968
"204",2003-01-15,4.1,-14.4,5.4,-5.7,-11.8,3.28308909984372,3.18286389840881,5.98790753062968,0.017275462446726
"205",2003-02-15,4.2,-13,7.6,-6.7,-17.6,3.28762087077714,3.17490528914649,5.89441131060104,0.0188593569357526
"206",2003-03-15,5.3,-19.3,5.8,-8.7,-17.1,3.29736803938774,3.17241344208734,5.78578984720621,0.0272614547495451
"207",2003-04-15,5.4,-20.8,7.4,-9.2,-17.4,3.3234852893269,3.20428621997491,5.70761212076135,0.0413714789084213
"208",2003-05-15,5.6,-23.6,7.1,-9.6,-16.4,3.31615237701704,3.21511585985196,5.83517806914236,0.0221101417808085
"209",2003-06-15,5.7,-24.6,-1.6,-9.7,-14.6,3.28374144626492,3.18449031950722,5.8285892638184,0.0185504901124471
"210",2003-07-15,5.8,-24.3,-2.9,-10.8,-15.1,3.24165755445194,3.13724003193662,5.87159143171316,0.0200066738593663
"211",2003-08-15,5.9,-21.2,-4.3,-10.4,-17.1,3.25452589746428,3.13064747508117,5.95597470605498,0.0173180728764964
"212",2003-09-15,6,-20.1,-5.8,-10.4,-14,3.2421016323439,3.11887998569268,5.98967506815727,0.0094477074410587
"213",2003-10-15,6.1,-21.1,-8.1,-9.3,-12.9,3.25263323515731,3.13364213816282,5.90873247432124,0.0120532550151782
"214",2003-11-15,6.2,-22.9,-7.5,-8,-14.6,3.24065392091203,3.12846031327393,5.98512528598387,0.0125327704398014
"215",2003-12-15,6.2,-23.3,-5.3,-6.9,-13.6,3.27438014201327,3.13917195467333,5.99360416550527,0.0130162471108044
"216",2004-01-15,6.4,-23.7,-12.4,-4.2,-12.5,3.29573878526597,3.17612611890761,6.01632302566718,0.00725510093573493
"217",2004-02-15,6.5,-19,-5.3,-3.6,-15.4,3.27935761888999,3.18136177568872,6.06153758788601,0.00876966622508851
"218",2004-03-15,6.5,-17.6,-3.7,-4.6,-8.1,3.29521594080586,3.21761683495611,6.06629543763902,0.00736200501735211
"219",2004-04-15,6.6,-21.2,-7.1,-3.2,-9.7,3.29649328772039,3.1757439393446,6.00665892830249,0.0141474641845838
"220",2004-05-15,6.7,-15.5,-6.6,-2.4,-9.5,3.30099493506333,3.17936764293358,6.01089584240156,0.00919166694605725
"221",2004-06-15,6.9,-16.7,-6,-0.9,-9.4,3.31241070012546,3.2089997961443,5.99678726741632,0.0124602953196617
"222",2004-07-15,7,-17.3,-6.3,-0.3,-9.2,3.32344998436179,3.2075153974409,6.02652275365118,0.0072634567775927
"223",2004-08-15,6.9,-15.9,-6.7,-0.1,-5.3,3.34027729779522,3.23424665083092,5.98286292768325,0.00895920528487278
"224",2004-09-15,6.8,-11.8,-1.9,-1,-6.4,3.36519925417685,3.24608129913465,5.9587066713806,0.0102994042739991
"225",2004-10-15,6.7,-12.2,-0.9,-0.6,-7.6,3.38491781145094,3.24690578287609,5.95253357819806,0.00708268909128947
"226",2004-11-15,6.7,-6.8,0.8,-0.9,-9.5,3.36505837338341,3.26805042738878,5.97216517674933,0.00957938443462359
"227",2004-12-15,6.8,-7.5,-5,-1.6,-10.6,3.38074418649805,3.25914659861058,5.99511944591263,0.00592085586780141
"228",2005-01-15,6.8,-7,-5.9,-2,-13.8,3.39403259335916,3.2731607221023,6.03575439553996,0.00579684008101281
"229",2005-02-15,7,-6,-3.5,-1.8,-11.3,3.38038614872828,3.2752557081115,6.06663594705845,0.0054544069845201
"230",2005-03-15,7,-5,-5.8,-2.9,-9.9,3.36591556751752,3.27941989230084,6.09840823219706,0.00519517145238914
"231",2005-04-15,7.2,-2.5,-2.6,-3.2,-10.8,3.40546758452824,3.28581186449139,6.07624480048491,0.00531916842608935
"232",2005-05-15,7.1,-0.7,0,-3.4,-7,3.41063742430918,3.30237728393766,6.01494307792448,0.00787094783636157
"233",2005-06-15,7.1,-1.2,-5.9,-2.7,-11.8,3.41137942420482,3.29802057276483,6.06177450801813,0.00566226035177674
"234",2005-07-15,7.2,0.7,-4.6,-4.8,-11.1,3.47083870281026,3.34523229776187,6.11625433056021,0.00658696063210413
"235",2005-08-15,7,0.5,-5.8,-4.6,-8.6,3.42091617180081,3.2874292807708,6.14842382663328,0.00642436616115569
"236",2005-09-15,7,6.3,-5.5,-3.7,-12.6,3.44125403025123,3.32552429470018,6.12811020026284,0.0064021972487963
"237",2005-10-15,6.9,6.4,-2.7,-2.4,-12.6,3.48382177678683,3.3773449426126,6.15287911104046,0.00584734071912463
"238",2005-11-15,6.9,4,0.7,0.1,-9.6,3.49304182410152,3.39234633651737,6.13154113203657,0.00917424611849904
"239",2005-12-15,6.9,5.5,1.2,-0.7,-8.3,3.49203323351947,3.38591339960136,6.19472541174157,0.00406057273129156
"240",2006-01-15,6.8,3.3,10.3,-0.3,-7.5,3.50789018710687,3.39997085345886,6.24218388713805,0.00594386510183535
"241",2006-02-15,6.8,2.8,11,1.8,-5.8,3.50882008383653,3.40660563949939,6.27664881676982,0.00800497160987368
"242",2006-03-15,6.5,7.1,9.7,1.4,-6.7,3.52921525015472,3.44255206553266,6.29084129149388,0.00694531406324426
"243",2006-04-15,6.5,4.1,11.2,2.5,-3.8,3.53340379438482,3.44304671791296,6.30449232894052,0.00568554889573053
"244",2006-05-15,6.3,6.8,15.1,4.5,-2.6,3.55151934212562,3.43286336569846,6.30146455074363,0.0071311571489076
"245",2006-06-15,6.2,14,19.2,2.6,-3.3,3.56871701428906,3.45260368709291,6.23678633423522,0.0145296702206611
"246",2006-07-15,6.2,15.2,19.6,5.2,1.2,3.58343502390689,3.47756369690168,6.24002783504196,0.0136763674309758
"247",2006-08-15,6,10.6,19.8,6.5,0.2,3.56618048095572,3.4742709080086,6.27278010774808,0.0105005968284373
"248",2006-09-15,6,12.9,19.3,6.3,1.2,3.58803909957929,3.47383948387645,6.2999364933676,0.00662834283764378
"249",2006-10-15,5.9,13.2,21.1,7.2,2.9,3.55893638698381,3.47613839565128,6.32678778112706,0.00728429601399087
"250",2006-11-15,5.9,14.8,22.3,7.6,3,3.59114936273252,3.48008374400831,6.33541685499511,0.00455530696240898
"251",2006-12-15,5.9,18.2,21.8,6.7,1.4,3.58620122989277,3.47795349722946,6.31858089205718,0.00621740692022414
"252",2007-01-15,5.9,19.1,21.7,7.1,3.6,3.5950636928241,3.5006382773101,6.35851213187244,0.00646581706716968
"253",2007-02-15,5.8,18.7,17.4,5.4,5.3,3.60447474965358,3.49006727057906,6.36633080441385,0.00671258530365119
"254",2007-03-15,5.7,15.8,17.7,7.2,3.3,3.64431496279121,3.52738849932257,6.34240623518988,0.00816051750499151
"255",2007-04-15,5.7,19.4,17.7,6.8,2.8,3.62665594444177,3.51558444697093,6.37212716117819,0.0119513630756714
"256",2007-05-15,5.5,18.9,16,5.9,4,3.62015043118565,3.52522813754626,6.40633681302898,0.00681199172088737
"257",2007-06-15,5.3,18.2,19.2,6.2,3.9,3.62688451181463,3.513774400518,6.42353938771353,0.00599114282946804
"258",2007-07-15,5.3,23.6,19.2,5.4,5.8,3.60598080653714,3.51341702161296,6.44202006315068,0.00734845231004889
"259",2007-08-15,5.2,23.7,19.3,5.9,4.2,3.60894672708938,3.5170544961831,6.42044410109021,0.00949281488422064
"260",2007-09-15,5.3,20.3,18.4,5.4,5.3,3.64380974767303,3.52389584563943,6.39740802799246,0.0170864355479042
"261",2007-10-15,5.2,16.4,19.2,3.8,-2.2,3.64963136223546,3.53613791940074,6.42588565939951,0.0114863203523723
"262",2007-11-15,5.2,15.8,19.5,5.3,-0.7,3.65685510917658,3.5467079160002,6.43804830777173,0.0074582475803425
"263",2007-12-15,5.1,17.8,19.7,5.9,-1.5,3.65959889835062,3.54688345627206,6.36021870398187,0.0111963345891047
"264",2008-01-15,5.1,21.8,19.2,4.9,-3.4,3.67322926846062,3.54869091157151,6.38045025602608,0.0092596452129359
"265",2008-02-15,5,19.5,15.8,5.1,-4.8,3.70657463324432,3.5852077273889,6.22183967585056,0.0238772867438023
"266",2008-03-15,5,20,16.3,5,-8.1,3.69303603982712,3.56988237078025,6.22684307862048,0.0174063849551236
"267",2008-04-15,4.7,18.5,15.8,3.9,-6.6,3.72907680990436,3.6356443006434,6.20780535109944,0.0162182113041782
"268",2008-05-15,4.7,13.6,12.3,2.5,-11.2,3.72966789558886,3.614062338472,6.2763188721726,0.0114490736793811
"269",2008-06-15,4.8,16.8,15.6,2.1,-11,3.69112745862604,3.59010723267932,6.29347406696785,0.00912382262230091
"270",2008-07-15,4.8,14.8,11.7,2.8,-11.6,3.6999065550048,3.58944396860453,6.16431311872759,0.0114235273495409
"271",2008-08-15,4.8,25.6,6.7,1.9,-19.3,3.72162254586525,3.63584864182604,6.09981601563091,0.0168981831064836
"272",2008-09-15,4.7,14.3,9.2,1.5,-14.5,3.71145699055263,3.62628887449982,6.12964359410052,0.0132141685358279
"273",2008-10-15,4.7,12.6,9.4,-2,-11.4,3.73410191731204,3.63385710925044,5.90573120272616,0.0336149181149187
"274",2008-11-15,4.8,7.5,9.8,-7.8,-14.3,3.74942947216468,3.65416719647047,5.69441263477261,0.0537154785999855
"275",2008-12-15,4.7,-1.1,2.3,-11.4,-14.3,3.7346612154719,3.64553260613472,5.63986283435432,0.0400241098487739
"276",2009-01-15,4.7,-7.5,-5.1,-20.8,-15.1,3.70083172168247,3.58658899002825,5.62061069499984,0.0289464777794901
"277",2009-02-15,4.8,-11.5,-11,-21.9,-15.1,3.62095358139422,3.54930929744746,5.62878993809275,0.0256906643737346
"278",2009-03-15,4.8,-16.6,-11.3,-25.4,-15.2,3.54598149619965,3.46273584082943,5.49867976243153,0.0203868907740853
"279",2009-04-15,4.9,-22.9,-16.1,-25.2,-18.3,3.50025279541736,3.38521726460306,5.47576557454022,0.0289066230107576
"280",2009-05-15,5,-25.9,-13.9,-24.8,-15.1,3.49150238373949,3.38819868125107,5.57756196649404,0.0181928719886119
"281",2009-06-15,5.2,-26.8,-15.7,-23.5,-10,3.43897059467744,3.34535766156199,5.65100829620503,0.016623978091682
"282",2009-07-15,5.2,-33.6,-16.9,-23.7,-11.6,3.42158487878765,3.32031564982608,5.63608603423731,0.0166232788360418
"283",2009-08-15,5.3,-38.2,-13.7,-22.9,-10,3.43972036606293,3.32860978379644,5.75263090940775,0.01572163119365
"284",2009-09-15,5.5,-29.7,-9.3,-19,-7.2,3.46958443156705,3.33689511953306,5.79507736944472,0.0116140320981201
"285",2009-10-15,5.6,-30.6,-11.9,-17.8,-4.9,3.50191368878689,3.36949916193121,5.83941292806756,0.0100446479183507
"286",2009-11-15,5.7,-29.9,-14.7,-16.6,-6.6,3.50662889546519,3.39701736846098,5.80923118929098,0.0157608049093007
"287",2009-12-15,5.8,-30.5,-4.5,-12.5,-2.9,3.52261456859503,3.383233715717,5.82186385491098,0.0144618902744717
"288",2010-01-15,5.9,-30.4,0.6,-10.2,-1.9,3.5427377777626,3.40201659764852,5.91958714318103,0.00995140167796527
"289",2010-02-15,6.1,-27.1,-1.4,-9.9,0.1,3.54851060649658,3.42672678849169,5.89751379821673,0.00931562550636442
"290",2010-03-15,6.2,-27.2,2.5,-8.3,-1.5,3.52678489386294,3.44194477304443,5.85895652682049,0.0117975071469491
"291",2010-04-15,6.2,-27.3,-1.3,-7,-1.1,3.59386684246935,3.49435492567866,5.927165726999,0.00865424819985045
"292",2010-05-15,6.2,-26.5,3.6,-5.2,-6.9,3.59893472000368,3.46188297208821,5.92869104718932,0.0118219491240017
"293",2010-06-15,6.1,-29,-6.9,-3.3,-6.1,3.61727377605758,3.49402132210865,5.85345302752004,0.0253500910938437
"294",2010-07-15,6.1,-28.5,-1.4,-3.8,-6.3,3.64154226839507,3.55301196022321,5.84604113940666,0.0137658951446471
"295",2010-08-15,6.2,-33.9,-1.2,-4.5,-4.9,3.68257977442064,3.58387801734719,5.89161154843472,0.014255425633283
"296",2010-09-15,6.2,-33.6,-2,-4.7,-4.6,3.66784648510486,3.59249719328584,5.84627826719534,0.0120467074972281
"297",2010-10-15,6.1,-28.7,-1.2,-4,-5.7,3.69703257317161,3.5910115392651,5.89514625476619,0.00943511905082835
"298",2010-11-15,6,-25.2,7.4,-1.6,-4.3,3.71790321995175,3.57551622514078,5.90273475300907,0.00705175743497191
"299",2010-12-15,6,-25.1,5.4,-1.8,-4.5,3.6977132164559,3.5561764604155,5.87437744940881,0.0104792290157003
"300",2011-01-15,5.9,-27.5,14.9,1,-8.4,3.70828986892491,3.60131139634858,5.95624583485927,0.00687165907929623
"301",2011-02-15,5.9,-18.4,6.4,2.5,-4.1,3.70837945860582,3.59485593805229,5.97461492565237,0.008125602567353
"302",2011-03-15,5.8,-17.7,11.2,2.2,-2.8,3.71454115035896,3.59600450102979,5.99008387360739,0.00687278713973708
"303",2011-04-15,5.9,-13.3,15.4,4.7,-3.4,3.74583145158438,3.6308959391908,5.96923119139475,0.00972895238090227
"304",2011-05-15,5.7,-15.5,8,4.9,-3.4,3.75490649190129,3.63618695029353,5.94823837709044,0.00810324224582664
"305",2011-06-15,5.8,-17.7,9.9,1.8,-5.9,3.74830246305524,3.65030800585412,5.91788817881559,0.00832248350682398
"306",2011-07-15,5.8,-15,7.5,-0.4,-7.7,3.78150840417871,3.63263058819566,5.89437604233758,0.00934272046939847
"307",2011-08-15,5.7,-17.2,3.4,-3.6,-4.7,3.74381136689137,3.63627833119315,5.85802429695439,0.0101482302090823
"308",2011-09-15,6,-16.4,-1.4,-6,-12.6,3.74351012506063,3.65137555217191,5.73978983977758,0.0224646407906554
"309",2011-10-15,6,-19.2,1.2,-5,-17,3.77422903175446,3.64402122965165,5.69168519531877,0.0236384787578289
"310",2011-11-15,6.2,-22.7,-8.3,-5.8,-21.1,3.76623412552133,3.66427190532246,5.78430497220724,0.0173113434564185
"311",2011-12-15,6.4,-14.1,-5.9,-6.6,-19.1,3.74669617232842,3.63937179998557,5.76161634661594,0.0207647929408749
"312",2012-01-15,6.6,-23.5,-7.8,-3.9,-22.4,3.72956270579636,3.62000459104159,5.80595842688438,0.0127796971384697
"313",2012-02-15,6.5,-27.3,-2.5,-5.1,-23.9,3.73275321491714,3.61202670155648,5.82551007140904,0.00915175852295539
"314",2012-03-15,6.6,-29.5,-4.8,-4.2,-21,3.76625689797953,3.63428705242547,5.83597100899261,0.00846232092041089
"315",2012-04-15,6.5,-32.5,-1.8,-5.1,-22.7,3.78893466711929,3.66168297801115,5.8223463164379,0.0103626722914455
"316",2012-05-15,6.5,-32.9,-3.2,-6.3,-17.9,3.80351074894599,3.69174230051344,5.77012606215581,0.0146935740908129
"317",2012-06-15,6.8,-39.4,-1.8,-8,-22.6,3.77355266958069,3.6748829185438,5.71070076299932,0.0118443011561295
"318",2012-07-15,6.7,-40.7,-7.6,-8,-24.7,3.80656312374856,3.68964343380949,5.77316823280738,0.012662399331159
"319",2012-08-15,6.7,-42.3,-3.3,-8.3,-17.3,3.80063466282569,3.68979801575793,5.82707888919727,0.0105187226901249
"320",2012-09-15,6.8,-34.1,-9.4,-7.6,-19.2,3.78672145521223,3.68305000236832,5.83440265707326,0.00905428685525719
"321",2012-10-15,6.8,-45,-6.3,-8.7,-16.6,3.77933473811705,3.67748684146849,5.81155942322566,0.00958168840674239
"322",2012-11-15,6.9,-43.1,-8.9,-9.7,-15.7,3.78274926606854,3.69492943000034,5.82886701385472,0.00848046536134179
"323",2012-12-15,7,-46.2,-2.9,-9.6,-24,3.77371833405097,3.6549431409887,5.8503405980479,0.00926825511450134
"324",2013-01-15,7.2,-47.7,-10.9,-9.5,-22.7,3.78975258068446,3.66014809236612,5.86982110874195,0.00375709512051088
"325",2013-02-15,7.4,-46.1,-8,-10.1,-19.8,3.79155368354224,3.67118328661903,5.90301494987918,0.00608113972560011
"326",2013-03-15,7.5,-42.9,-11.9,-7.1,-27.2,3.78624978251765,3.66590940367132,5.85541086314154,0.00915993729991859
"327",2013-04-15,7.7,-45.3,-11.4,-8.4,-23.4,3.80646500063732,3.66923645449816,5.86679157952825,0.00720444479733541
"328",2013-05-15,7.9,-43.4,-9.8,-9.3,-19,3.7792892090479,3.66138792102091,5.87528595486891,0.0109914583699398
"329",2013-06-15,8,-39.8,-4.4,-8.3,-17,3.7590439524966,3.6088266023435,5.90863568047847,0.00782695743765041
"330",2013-07-15,8.1,-42.4,-2.6,-7.8,-18.6,3.72931219684419,3.59854572295115,5.85929802525044,0.0109662902069162
"331",2013-08-15,8.3,-44,-6.8,-7.1,-21.2,3.75904399681435,3.62101863706479,5.92152569125382,0.00724988521156781
"332",2013-09-15,8.5,-38.2,-0.8,-4.8,-18.2,3.74522556361901,3.62886823368292,5.90395732965863,0.00848875590099293
"333",2013-10-15,8.5,-37,-1.4,-5.2,-17.1,3.74787835957148,3.62021071422725,5.93595525124522,0.00664519900997288
"334",2013-11-15,8.5,-35.7,-6,-2.7,-12.7,3.7551111033547,3.61796703254961,5.98313031856459,0.0068353872659607
"335",2013-12-15,8.5,-37.5,-5.3,-2.8,-7.5,3.7235095285371,3.62029832235023,5.99984657113859,0.00464314214276385
"336",2014-01-15,8.4,-33.6,-6.5,-3.5,-5.6,3.73888345618276,3.60902861399756,6.01246553270724,0.00926447209292733
"337",2014-02-15,8.5,-30.7,-2.8,-3.1,-5.3,3.75601320862425,3.61638750841225,5.97671028626108,0.00741261377808679
"338",2014-03-15,8.6,-29.4,-3.8,-3.2,-2.6,3.76597651314063,3.64439072091626,6.00221109991518,0.00586872561415287
"339",2014-04-15,8.7,-28,0.4,-1.8,-0.3,3.76621306031767,3.62695527453447,6.00557619904508,0.0111473783197033
"340",2014-05-15,8.7,-22.8,0.4,-2.6,-2.8,3.76141950835422,3.63304797074223,5.99433972878739,0.0066707096131797
"341",2014-06-15,8.6,-25.2,1.7,-2,-1.7,3.73825635962272,3.61856245595921,6.01424106725257,0.00429292529815808
"342",2014-07-15,8.5,-18.6,0.8,-1.7,0.2,3.7381082754274,3.60777041279407,6.03143975031168,0.00427597645002819
"343",2014-08-15,8.3,-19.3,4.7,-1,-1.7,3.73602689367371,3.6318203454922,6.00163256719085,0.00789497465057446
"344",2014-09-15,8.2,-18.1,4.5,-1.6,-3.9,3.75328334935188,3.62843839817699,6.02396233340981,0.00782399136567689
"345",2014-10-15,8.1,-11.1,4,-1.3,-3.9,3.73797180245859,3.63484693711125,6.04336539999172,0.00567636077743621
"346",2014-11-15,8,-14.8,7.3,0.9,-1.7,3.73002706074984,3.60359238934854,6.02097278172796,0.0150527707726405
"347",2014-12-15,8.1,-14.5,3.2,1.1,-3.6,3.75935581851847,3.62571120887211,6.06163892017904,0.00717674823239195
"348",2015-01-15,8.1,-7.9,6.3,0.8,-3.2,3.75596646412578,3.61426631555379,6.0603867447195,0.014581581685752
"349",2015-02-15,8.2,-10.1,3.4,-0.5,-3.7,3.75210729300509,3.59119163889025,6.12878713935794,0.0134156043698624
"350",2015-03-15,8.3,-8.3,2,-1.3,-4,3.75689422668779,3.59222511034656,6.19512682996198,0.00573409846607267
"351",2015-04-15,8.1,-6.9,4.6,-1.3,-1,3.75947606524299,3.62425806318175,6.19570371420143,0.00927960041230956
"352",2015-05-15,8.1,-5.3,8.3,0.3,-3.3,3.77384001647792,3.65222692681922,6.18611556683862,0.0113228619251279
"353",2015-06-15,8.1,-3.2,8.4,1.4,-1.7,3.74705141707451,3.67352661107484,6.19556296171447,0.0107377723549785
"354",2015-07-15,8,0.1,6.2,1.7,0.5,3.77946960409672,3.68970837632611,6.15590968572274,0.0126814496004653
"355",2015-08-15,7.9,10.1,8.4,1.3,-1.2,3.78194850730645,3.69830217033403,6.19507197026543,0.0130613062859447
"356",2015-09-15,7.7,-2.2,7.4,1,0.3,3.78498294835943,3.66178722724699,6.09126539168481,0.0217113604257399
"357",2015-10-15,7.7,1.9,8.4,1.7,0.5,3.76549435907756,3.6520100339095,6.03797777845935,0.0184948535274634
"358",2015-11-15,7.8,5.1,10.2,0.7,-0.7,3.7443368988365,3.63807999786464,6.13173297971156,0.0107373754729215
"359",2015-12-15,7.9,11,15.8,2,1,3.7261201179451,3.61738612433031,6.15321202237635,0.0103029913804336
"360",2016-01-15,7.7,7.2,10.3,0.2,0.9,3.74486171816246,3.64087774509119,6.09360621088835,0.015546801061361
"361",2016-02-15,7.6,6.3,8.7,1.1,-1.3,3.7542798345903,3.63355358206425,6.07974145870171,0.0181728020889414
"362",2016-03-15,7.4,10.2,7.9,-0.1,-3.2,3.73726367818022,3.62778564323219,6.06444074683765,0.0189893063761442
"363",2016-04-15,7.5,4.4,6.9,-0.1,-5.4,3.74131483743316,3.6015512127525,6.08392949076021,0.0104780280165861
"364",2016-05-15,7.4,4.5,3.6,1.1,-4.7,3.71886591643822,3.59133213127268,6.08205516832439,0.0105753532440976
"365",2016-06-15,7.4,9.6,4.6,1.3,-5,3.70695848443804,3.56903973659846,6.09871976697788,0.00941132693890058
"366",2016-07-15,7.2,10.7,5.9,2.7,-1.5,3.74342753060823,3.61541408880614,6.07477035026142,0.0205511862346128
"367",2016-08-15,7.1,12.5,6.4,2.7,-4,3.72712505642593,3.60102895366967,6.10129846811427,0.00914931974790908
"368",2016-09-15,7,14.8,8.7,-1.2,-4,3.75376155401331,3.62302348862748,6.11017234668521,0.00736852853726235
"369",2016-10-15,6.8,14.5,5.3,0.3,-0.9,3.7487074576611,3.61593198338734,6.10872818547455,0.00967120388709236
"370",2016-11-15,6.7,19.8,7.2,1,1.8,3.74448145426865,3.6098135029354,6.10672089397358,0.0073839881261989
"371",2016-12-15,6.6,15.7,6.1,0.9,1.6,3.76865977661295,3.64798288188989,6.12025476987465,0.00783063165998965
"372",2017-01-15,6.6,15.5,9.1,2.5,2.2,3.77248160800618,3.64865337608593,6.17329364492851,0.0057609750113501
"373",2017-02-15,6.4,19.3,9.9,3.4,1.6,3.80217215438271,3.6644950958294,6.16341445029052,0.00594977484635076
"374",2017-03-15,6.4,18.1,10.4,3.5,3.9,3.83957081896477,3.68987439142937,6.19442356024116,0.00565344953424557
"375",2017-04-15,6.3,21.9,8.3,3.8,3.8,3.84446621524443,3.70570031590007,6.23285542519709,0.00582248862452889
"376",2017-05-15,6.2,20.3,8.5,4.7,4.2,3.8570754328138,3.72443287050479,6.23639300114302,0.00667616727372241
"377",2017-06-15,6.1,18.6,9.3,3.3,1.1,3.86168600277621,3.72825087024,6.24525990909898,0.00488281037634433
"378",2017-07-15,6.1,21.4,11,4.6,2.4,3.8288715941617,3.70945471410785,6.21519981441579,0.00591527963862582
"379",2017-08-15,6,22.5,12.2,4.2,4.8,3.85905590569732,3.73703230845894,6.24335552924465,0.00591792110653786
"380",2017-09-15,5.9,22.7,11,3.4,5.1,3.85747525045033,3.70131049925649,6.22373809302711,0.00650766350904311
"381",2017-10-15,5.7,20.7,10.1,5.2,3.5,3.84283424755467,3.70140232079222,6.26601311841178,0.00361920111398778
"382",2017-11-15,5.7,22.4,13.7,5.2,5,3.84627884270272,3.73917476853001,6.29457701986044,0.00427708858040268
"383",2017-12-15,5.5,31.9,6.1,6.7,3.2,3.85962003064368,3.71371548625694,6.27197019522106,0.00448062739726318
"384",2018-01-15,5.4,41.8,11.8,6.7,4.8,3.84083530266954,3.718738966304,6.28050638897602,0.0055277740779392
"385",2018-02-15,5.4,33.6,13.4,7.2,4,3.89175627045066,3.79851391169166,6.31082856181592,0.00477975305516596
"386",2018-03-15,5.2,30,10.6,8.1,3.6,3.90641152703182,3.79960726993209,6.26051303791758,0.0120151582714278
"387",2018-04-15,5.1,36,9.8,7,4.1,3.91721672313849,3.80487342226209,6.24757104898713,0.00972484728380194
"388",2018-05-15,5,35.1,5.3,5.8,3.8,3.87448626115071,3.77665964408265,6.28965637125057,0.00740773673500847
"389",2018-06-15,4.9,38.2,6.4,7,2.4,3.86970351730166,3.73540856327811,6.28145853600843,0.00560974843482654
"390",2018-07-15,4.9,31.4,6.5,5.5,2.5,3.87725022667246,3.77453071897126,6.28243896300045,0.00871636822650834
"391",2018-08-15,4.9,34,6.1,4.3,4,3.90088208019654,3.7547051287707,6.311155438492,0.00623134245347568
"392",2018-09-15,4.9,32.5,6.7,4.7,2,3.89927870718538,3.7820137387032,6.28205187796523,0.00618146299278713
"393",2018-10-15,4.9,35.1,9.7,4,2,3.89404299693526,3.79069370069346,6.270487302032,0.00606163673900977
"394",2018-11-15,4.8,34.1,10.4,3.5,-0.8,3.93577507679209,3.8189157613628,6.20905204794791,0.0103101669552754
"395",2018-12-15,4.7,29.5,5.7,4.1,-1.8,3.93986461008367,3.79275401780693,6.21272297494622,0.00672430692479529
"396",2019-01-15,4.6,29.8,9.6,4.5,-3.8,3.92648653740997,3.82419701898752,6.15113726397325,0.0135904109827309
"397",2019-02-15,4.6,29.7,7.1,3,-8.1,3.9238353510168,3.78983637058994,6.21533824986497,0.00830252403615477
"398",2019-03-15,4.6,28.5,8.6,3.4,-6.3,3.88814688158034,3.78229043109986,6.24500728695804,0.00568939099337687
"399",2019-04-15,4.4,28.4,8.9,3.2,-8.3,3.90221048343546,3.8099844261136,6.25575423135011,0.00731010512189051
"400",2019-05-15,4.4,29.6,6.4,3.4,-7.9,3.90988105413729,3.79604029163181,6.28941610560625,0.00383082512990864
"401",2019-06-15,4.3,23.4,7,2.2,-7.8,3.92989033151073,3.80782807090647,6.23477342539222,0.00920499888271256
"402",2019-07-15,4.3,25.5,5.9,0.2,-7.1,3.8844828280419,3.79835127486251,6.27431637860151,0.00508229316823494
"403",2019-08-15,4.4,17.9,6.5,1.2,-7,3.88926650113433,3.78029262761395,6.28257268961717,0.0051386651676523
"404",2019-09-15,4.4,15.4,5.2,2.3,-7.8,3.90229900950351,3.79792577089458,6.25387537843385,0.0123496895386206
"405",2019-10-15,4.5,15.5,4.7,0.9,-8.4,3.88306710839992,3.79286015952479,6.29857360433913,0.00430463181854494
"406",2019-11-15,4.5,13.7,4.8,0.9,-7.3,3.9004201410379,3.77794914874187,6.28804795429883,0.00939365264288977
"407",2019-12-15,4.5,4.5,4.4,-0.4,-7.4,3.90695300503481,3.79556711122281,6.32727066265464,0.00464775529007079
"408",2020-01-15,4.5,8.6,1.6,-0.4,-7.2,3.92763032501537,3.80479645550532,6.33874626153808,0.00808620386017155
"409",2020-02-15,4.3,8.4,2.9,-0.4,-8.1,3.89882849727698,3.79741491118978,6.32128887077877,0.00899153854772157
"410",2020-03-15,4.1,9.7,5.1,0.4,-5,3.91720617876072,3.79504512307692,6.22613184190078,0.0171348639011772
"411",2020-04-15,4,6.6,2.3,-2.6,-7.9,3.9251347445785,3.80530479038971,6.11467141627624,0.0429038386933503
"412",2020-05-15,4.1,-12.5,-14.9,-26.7,-22.6,3.90740998117361,3.73296319013377,6.16928870683032,0.0208453799270491
"413",2020-06-15,4.5,-7.6,-13.3,-24.7,-18.3,3.82071193130543,3.6912748047758,6.20837486626452,0.0179600684291585
"414",2020-07-15,4.6,-6,-2.6,-17.8,-15.8,3.67963948669317,3.58138947569029,6.25504084409477,0.0163693268106683
"415",2020-08-15,5.4,-5,-0.3,-12.7,-15.1,3.70303517852238,3.60157710534864,6.21798815564761,0.0112222564346747
"416",2020-09-15,5.5,-3.4,3.9,-9.5,-14.8,3.77099638125043,3.68159084144031,6.23029865292446,0.0112894963445555
"417",2020-10-15,5.5,4.2,6.2,-9.8,-13.8,3.8028256951027,3.66689185801667,6.22987837950624,0.0126172187263172
"418",2020-11-15,5.4,2.1,-1.1,-10.3,-16.7,3.7935139595038,3.66265776686053,6.19886764354192,0.00965999148017126
"419",2020-12-15,5.3,5.1,-2.9,-9.5,-12.1,3.82064778762289,3.70946468929653,6.33356959460084,0.0109741726830491
"420",2021-01-15,5,5.8,-4.5,-6.4,-7.9,3.85101029780634,3.68362227405954,6.3615562681203,0.00784946380911323
"421",2021-02-15,4.9,5.4,-11.9,-5.1,-7.1,3.8749517508144,3.74306258432686,6.38350600704914,0.00929634561200367
"422",2021-03-15,4.7,8.1,-13.5,-6,-7.9,3.8748375678644,3.74403823957516,6.39668400778039,0.010013187338019
"423",2021-04-15,4.7,11.5,-9.7,-2.3,-4.1,3.88315270426809,3.74804034244918,6.46588170246166,0.00806818361992507
"424",2021-05-15,4.6,21.8,1,7,0.8,3.89929614235487,3.7735112713614,6.4723474251477,0.00700454113279129
"425",2021-06-15,4.5,19,1.9,8.6,3,3.95087093924216,3.8510325134378,6.47397415534407,0.0113389573521965
"426",2021-07-15,4.4,17.9,9,9.1,5.6,3.95237554083043,3.84770879465904,6.50008111284138,0.00652846234506796
"427",2021-08-15,4.2,15.8,4.8,9.3,-0.2,3.96786541068318,3.86658060234246,6.52840451810925,0.010463946311884
"428",2021-09-15,4.1,20.5,1.2,7.1,-0.6,3.96918678889796,3.85290836729426,6.56727175616009,0.0046517653192279
"429",2021-10-15,4.2,21.5,2,8.4,0.6,4.00077664196262,3.88127850551443,6.54644049525266,0.00845887113231121
"430",2021-11-15,4.1,24.1,1.4,10,-4.7,4.00215809277579,3.8973077317176,6.58322253575919,0.00936481122659956
"431",2021-12-15,3.9,24.4,2.9,9.8,-11,4.00031917215046,3.90986705907179,6.53222122795484,0.00897047423087395
"432",2022-01-15,3.7,23.8,5.9,7.5,-10.4,3.99050985906663,3.92486759737489,6.55090489644646,0.0119462469598249
"433",2022-02-15,3.8,24.1,-3.1,6.7,-9.6,4.02965483135733,3.96248057028987,6.49131600340976,0.0131245986234672
"434",2022-03-15,3.6,24.4,4.8,6,-13.2,4.0340690812733,3.96222808403098,6.45055388229519,0.0139792593129362
