Identifier;DimensionGroupId;DimensionId;Index;Title;Description
307500;;BedrijfstakkenBranchesSBI2008;1;C Industrie;"Deze sectie omvat:
- de mechanische, fysische of chemische verwerking van materialen,
stoffen of onderdelen tot nieuwe producten. De verwerkte materialen,
stoffen of onderdelen zijn grondstoffen uit de landbouw, bosbouw,
visserij en mijnbouw, alsmede (half)fabricaten uit de industrie.
- reparatie en installatie van machines, apparatuur en andere
benodigdheden voor bedrijven (geen consumentengoederen).
Bij de eenheden in deze sectie gaat het vaak om fabrieken waar gewoonlijk
machines en apparaten worden gebruikt. Eenheden waar materialen of
stoffen met de hand of in de eigen woning tot nieuwe producten worden
verwerkt en die producten op de plaats waar deze zijn gemaakt, zelf
verkopen, zoals bakkerijen en kleermakerijen, vallen echter ook onder
deze sectie.
Industriële eenheden kunnen materialen zelf verwerken of dit aan andere
eenheden uitbesteden.  In beide gevallen valt dit onder de sectie
Industrie.
Reparatie van huishoudelijke apparaten en consumptiegoederen wordt
ingedeeld in afdeling 95; de reparatie van (bedrijfs-)auto's en motoren
in afdeling 45: de autobranche.
De vervaardiging van specifieke componenten en onderdelen, toebehoren en
hulpstukken voor machines en apparaten wordt gewoonlijk ingedeeld in
dezelfde klasse als de vervaardiging van de desbetreffende machines en
apparaten.
De vervaardiging van niet-specifieke componenten en onderdelen voor
machines en apparatuur, zoals motoren, zuigers, elektromotoren,
elektroinstallatiemateriaal, kleppen, kogellagers, rollagers, worden in de
passende klasse van de sectie industrie ingedeeld.
De sectie omvat niet:
- activiteiten die niet leiden tot een nieuw product, maar tot een
gewijzigde versie van hetzelfde product:
* het opsplitsen van partijen stukgoederen in kleinere partijen, inclusief
het verpakken, herverpakken;
* het bottelen van producten als alcoholhoudende dranken of chemicaliën;
* de montage van computers volgens de specifieke wensen van een klant;
* het mengen van verf;
Deze activiteiten worden ingedeeld in sectie G (groothandel en
detailhandel)."
307610;;BedrijfstakkenBranchesSBI2008;2;10-12 Voedings-, genotmiddelenindustrie;"Deze categorie is een samentelling van categorieën:
10 Vervaardiging van voedingsmiddelen
11 Vervaardiging van dranken
12 Vervaardiging van tabaksproducten"
312505;;BedrijfstakkenBranchesSBI2008;3;13-15 Textiel-, kleding-, lederindustrie;"Deze categorie is een samentelling van categorieën:
13 Vervaardiging van textiel
14 Vervaardiging van kleding
15 Vervaardiging van leer, lederwaren en schoenen"
315805;;BedrijfstakkenBranchesSBI2008;4;16+23 Hout- en bouwmaterialenindustrie;"Deze categorie is een samentelling van categorieën:
16 Primaire houtbewerking en vervaardiging van artikelen van hout, kurk,
riet en vlechtwerk ( geen meubels)
23 Vervaardiging van overige niet-metaalhoudende minerale producten"
317105;;BedrijfstakkenBranchesSBI2008;5;17-18 Papier- en grafische industrie;"Deze categorie is een samentelling van categorieën:
17 Vervaardiging van papier, karton en papier- en kartonwaren
18 Drukkerijen, reproductie van opgenomen media"
320005;;BedrijfstakkenBranchesSBI2008;6;19-22 Raffinaderijen en chemie;"Deze categorie is een samentelling van categorieën:
19 Vervaardiging van cokesovenproducten en aardolieverwerking
20 Vervaardiging van chemische producten
21 Vervaardiging van farmaceutische grondstoffen en producten
22 Rubber- en kunststofproductindustrie"
328105;;BedrijfstakkenBranchesSBI2008;7;24-25 Basismetaal, metaalprod.-industrie;"Deze categorie is een samentelling van categorieën:
24 Vervaardiging van metalen in primaire vorm
25 Vervaardiging van producten van metaal (geen machines en apparaten)"
332905;;BedrijfstakkenBranchesSBI2008;8;26-28 Elektrotechn. en machine-industrie;"Deze categorie is een samentelling van categorieën:
26 Vervaardiging van computers en van elektronische en optische apparatuur
27 Vervaardiging van elektrische apparatuur
28 Vervaardiging van overige machines en apparaten"
339205;;BedrijfstakkenBranchesSBI2008;9;29-30 Transportmiddelenindustrie;"Deze categorie is een samentelling van categorieën:
29 Vervaardiging van auto's, aanhangwagens en opleggers
30 Vervaardiging van overige transportmiddelen"
