Identifier;MeasureGroupId;Index;Title;Description;DataType;Unit;Decimals;PresentationType
M002289;;2;Producentenvertrouwen;"Het producentenvertrouwen is een stemmingsindicator die de richting aan
geeft waarin de industriële productie zich naar verwachting zal
ontwikkelen.
Hoe optimistischer of pessimistischer de ondernemers gestemd zijn, des te
meer zal de waarde van het producentenvertrouwen positief of negatief
afwijken van de nullijn en des te groter is de verwachting dat de
industriële productie in de komende maanden zal toe- of afnemen. Het
producentenvertrouwen is beschikbaar sinds 1985.";Double;%;1;
M002291;M002290;4;Verwachte bedrijvigheid;"Deelindicator gebaseerd op een vraag uit het conjunctuuronderzoek in de
industrie. Het betreft het saldo antwoordpercentage op de vraag of de
productie volgens de ondernemers in de komende drie maanden zal toenemen
gelijkblijven of afnemen.
Dit percentage is vervolgens ontdaan van seizoeninvloeden en
onvoldoende objectieve beoordeling.";Double;%;1;
M000210;M002290;5;Oordeel orderpositie;"Deelindicator gebaseerd op een vraag uit het conjunctuuronderzoek in de
industrie. Het betreft het saldo antwoordpercentage op de vraag of de
orderpositie naar het oordeel van de ondernemers te groot, normaal of te
klein is, gelet op de tijd van het jaar.
Dit percentage is vervolgens ontdaan van seizoeninvloeden en
onvoldoende objectieve beoordeling.";Double;%;1;
M000004;M002290;6;Oordeel voorraden;"Deelindicator gebaseerd op een vraag uit het conjunctuuronderzoek in de
industrie. Het betreft het saldo antwoordpercentage op de vraag of de
omvang van de voorraden gereed product naar het oordeel van de
ondernemers te groot, normaal of te klein is, gelet op de te verwachten
afzetontwikkeling.
Dit percentage is vervolgens ontdaan van seizoeninvloeden en
onvoldoende objectieve beoordeling. De uitkomst daarvan is geïnverteerd,
omdat een te grote voorraad als negatief wordt gezien. ";Double;%;1;
