Identifier;DimensionGroupId;DimensionId;Index;Title;Description;Status
1985MM01;0;Perioden;1;1985 januari;;Definitief
1985MM02;0;Perioden;2;1985 februari;;Definitief
1985MM03;0;Perioden;3;1985 maart;;Definitief
1985MM04;0;Perioden;4;1985 april;;Definitief
1985MM05;0;Perioden;5;1985 mei;;Definitief
1985MM06;0;Perioden;6;1985 juni;;Definitief
1985MM07;0;Perioden;7;1985 juli;;Definitief
1985MM08;0;Perioden;8;1985 augustus;;Definitief
1985MM09;0;Perioden;9;1985 september;;Definitief
1985MM10;0;Perioden;10;1985 oktober;;Definitief
1985MM11;0;Perioden;11;1985 november;;Definitief
1985MM12;0;Perioden;12;1985 december;;Definitief
1986MM01;0;Perioden;13;1986 januari;;Definitief
1986MM02;0;Perioden;14;1986 februari;;Definitief
1986MM03;0;Perioden;15;1986 maart;;Definitief
1986MM04;0;Perioden;16;1986 april;;Definitief
1986MM05;0;Perioden;17;1986 mei;;Definitief
1986MM06;0;Perioden;18;1986 juni;;Definitief
1986MM07;0;Perioden;19;1986 juli;;Definitief
1986MM08;0;Perioden;20;1986 augustus;;Definitief
1986MM09;0;Perioden;21;1986 september;;Definitief
1986MM10;0;Perioden;22;1986 oktober;;Definitief
1986MM11;0;Perioden;23;1986 november;;Definitief
1986MM12;0;Perioden;24;1986 december;;Definitief
1987MM01;0;Perioden;25;1987 januari;;Definitief
1987MM02;0;Perioden;26;1987 februari;;Definitief
1987MM03;0;Perioden;27;1987 maart;;Definitief
1987MM04;0;Perioden;28;1987 april;;Definitief
1987MM05;0;Perioden;29;1987 mei;;Definitief
1987MM06;0;Perioden;30;1987 juni;;Definitief
1987MM07;0;Perioden;31;1987 juli;;Definitief
1987MM08;0;Perioden;32;1987 augustus;;Definitief
1987MM09;0;Perioden;33;1987 september;;Definitief
1987MM10;0;Perioden;34;1987 oktober;;Definitief
1987MM11;0;Perioden;35;1987 november;;Definitief
1987MM12;0;Perioden;36;1987 december;;Definitief
1988MM01;0;Perioden;37;1988 januari;;Definitief
1988MM02;0;Perioden;38;1988 februari;;Definitief
1988MM03;0;Perioden;39;1988 maart;;Definitief
1988MM04;0;Perioden;40;1988 april;;Definitief
1988MM05;0;Perioden;41;1988 mei;;Definitief
1988MM06;0;Perioden;42;1988 juni;;Definitief
1988MM07;0;Perioden;43;1988 juli;;Definitief
1988MM08;0;Perioden;44;1988 augustus;;Definitief
1988MM09;0;Perioden;45;1988 september;;Definitief
1988MM10;0;Perioden;46;1988 oktober;;Definitief
1988MM11;0;Perioden;47;1988 november;;Definitief
1988MM12;0;Perioden;48;1988 december;;Definitief
1989MM01;0;Perioden;49;1989 januari;;Definitief
1989MM02;0;Perioden;50;1989 februari;;Definitief
1989MM03;0;Perioden;51;1989 maart;;Definitief
1989MM04;0;Perioden;52;1989 april;;Definitief
1989MM05;0;Perioden;53;1989 mei;;Definitief
1989MM06;0;Perioden;54;1989 juni;;Definitief
1989MM07;0;Perioden;55;1989 juli;;Definitief
1989MM08;0;Perioden;56;1989 augustus;;Definitief
1989MM09;0;Perioden;57;1989 september;;Definitief
1989MM10;0;Perioden;58;1989 oktober;;Definitief
1989MM11;0;Perioden;59;1989 november;;Definitief
1989MM12;0;Perioden;60;1989 december;;Definitief
1990MM01;0;Perioden;61;1990 januari;;Definitief
1990MM02;0;Perioden;62;1990 februari;;Definitief
1990MM03;0;Perioden;63;1990 maart;;Definitief
1990MM04;0;Perioden;64;1990 april;;Definitief
1990MM05;0;Perioden;65;1990 mei;;Definitief
1990MM06;0;Perioden;66;1990 juni;;Definitief
1990MM07;0;Perioden;67;1990 juli;;Definitief
1990MM08;0;Perioden;68;1990 augustus;;Definitief
1990MM09;0;Perioden;69;1990 september;;Definitief
1990MM10;0;Perioden;70;1990 oktober;;Definitief
1990MM11;0;Perioden;71;1990 november;;Definitief
1990MM12;0;Perioden;72;1990 december;;Definitief
1991MM01;0;Perioden;73;1991 januari;;Definitief
1991MM02;0;Perioden;74;1991 februari;;Definitief
1991MM03;0;Perioden;75;1991 maart;;Definitief
1991MM04;0;Perioden;76;1991 april;;Definitief
1991MM05;0;Perioden;77;1991 mei;;Definitief
1991MM06;0;Perioden;78;1991 juni;;Definitief
1991MM07;0;Perioden;79;1991 juli;;Definitief
1991MM08;0;Perioden;80;1991 augustus;;Definitief
1991MM09;0;Perioden;81;1991 september;;Definitief
1991MM10;0;Perioden;82;1991 oktober;;Definitief
1991MM11;0;Perioden;83;1991 november;;Definitief
1991MM12;0;Perioden;84;1991 december;;Definitief
1992MM01;0;Perioden;85;1992 januari;;Definitief
1992MM02;0;Perioden;86;1992 februari;;Definitief
1992MM03;0;Perioden;87;1992 maart;;Definitief
1992MM04;0;Perioden;88;1992 april;;Definitief
1992MM05;0;Perioden;89;1992 mei;;Definitief
1992MM06;0;Perioden;90;1992 juni;;Definitief
1992MM07;0;Perioden;91;1992 juli;;Definitief
1992MM08;0;Perioden;92;1992 augustus;;Definitief
1992MM09;0;Perioden;93;1992 september;;Definitief
1992MM10;0;Perioden;94;1992 oktober;;Definitief
1992MM11;0;Perioden;95;1992 november;;Definitief
1992MM12;0;Perioden;96;1992 december;;Definitief
1993MM01;0;Perioden;97;1993 januari;;Definitief
1993MM02;0;Perioden;98;1993 februari;;Definitief
1993MM03;0;Perioden;99;1993 maart;;Definitief
1993MM04;0;Perioden;100;1993 april;;Definitief
1993MM05;0;Perioden;101;1993 mei;;Definitief
1993MM06;0;Perioden;102;1993 juni;;Definitief
1993MM07;0;Perioden;103;1993 juli;;Definitief
1993MM08;0;Perioden;104;1993 augustus;;Definitief
1993MM09;0;Perioden;105;1993 september;;Definitief
1993MM10;0;Perioden;106;1993 oktober;;Definitief
1993MM11;0;Perioden;107;1993 november;;Definitief
1993MM12;0;Perioden;108;1993 december;;Definitief
1994MM01;0;Perioden;109;1994 januari;;Definitief
1994MM02;0;Perioden;110;1994 februari;;Definitief
1994MM03;0;Perioden;111;1994 maart;;Definitief
1994MM04;0;Perioden;112;1994 april;;Definitief
1994MM05;0;Perioden;113;1994 mei;;Definitief
1994MM06;0;Perioden;114;1994 juni;;Definitief
1994MM07;0;Perioden;115;1994 juli;;Definitief
1994MM08;0;Perioden;116;1994 augustus;;Definitief
1994MM09;0;Perioden;117;1994 september;;Definitief
1994MM10;0;Perioden;118;1994 oktober;;Definitief
1994MM11;0;Perioden;119;1994 november;;Definitief
1994MM12;0;Perioden;120;1994 december;;Definitief
1995MM01;0;Perioden;121;1995 januari;;Definitief
1995MM02;0;Perioden;122;1995 februari;;Definitief
1995MM03;0;Perioden;123;1995 maart;;Definitief
1995MM04;0;Perioden;124;1995 april;;Definitief
1995MM05;0;Perioden;125;1995 mei;;Definitief
1995MM06;0;Perioden;126;1995 juni;;Definitief
1995MM07;0;Perioden;127;1995 juli;;Definitief
1995MM08;0;Perioden;128;1995 augustus;;Definitief
1995MM09;0;Perioden;129;1995 september;;Definitief
1995MM10;0;Perioden;130;1995 oktober;;Definitief
1995MM11;0;Perioden;131;1995 november;;Definitief
1995MM12;0;Perioden;132;1995 december;;Definitief
1996MM01;0;Perioden;133;1996 januari;;Definitief
1996MM02;0;Perioden;134;1996 februari;;Definitief
1996MM03;0;Perioden;135;1996 maart;;Definitief
1996MM04;0;Perioden;136;1996 april;;Definitief
1996MM05;0;Perioden;137;1996 mei;;Definitief
1996MM06;0;Perioden;138;1996 juni;;Definitief
1996MM07;0;Perioden;139;1996 juli;;Definitief
1996MM08;0;Perioden;140;1996 augustus;;Definitief
1996MM09;0;Perioden;141;1996 september;;Definitief
1996MM10;0;Perioden;142;1996 oktober;;Definitief
1996MM11;0;Perioden;143;1996 november;;Definitief
1996MM12;0;Perioden;144;1996 december;;Definitief
1997MM01;0;Perioden;145;1997 januari;;Definitief
1997MM02;0;Perioden;146;1997 februari;;Definitief
1997MM03;0;Perioden;147;1997 maart;;Definitief
1997MM04;0;Perioden;148;1997 april;;Definitief
1997MM05;0;Perioden;149;1997 mei;;Definitief
1997MM06;0;Perioden;150;1997 juni;;Definitief
1997MM07;0;Perioden;151;1997 juli;;Definitief
1997MM08;0;Perioden;152;1997 augustus;;Definitief
1997MM09;0;Perioden;153;1997 september;;Definitief
1997MM10;0;Perioden;154;1997 oktober;;Definitief
1997MM11;0;Perioden;155;1997 november;;Definitief
1997MM12;0;Perioden;156;1997 december;;Definitief
1998MM01;0;Perioden;157;1998 januari;;Definitief
1998MM02;0;Perioden;158;1998 februari;;Definitief
1998MM03;0;Perioden;159;1998 maart;;Definitief
1998MM04;0;Perioden;160;1998 april;;Definitief
1998MM05;0;Perioden;161;1998 mei;;Definitief
1998MM06;0;Perioden;162;1998 juni;;Definitief
1998MM07;0;Perioden;163;1998 juli;;Definitief
1998MM08;0;Perioden;164;1998 augustus;;Definitief
1998MM09;0;Perioden;165;1998 september;;Definitief
1998MM10;0;Perioden;166;1998 oktober;;Definitief
1998MM11;0;Perioden;167;1998 november;;Definitief
1998MM12;0;Perioden;168;1998 december;;Definitief
1999MM01;0;Perioden;169;1999 januari;;Definitief
1999MM02;0;Perioden;170;1999 februari;;Definitief
1999MM03;0;Perioden;171;1999 maart;;Definitief
1999MM04;0;Perioden;172;1999 april;;Definitief
1999MM05;0;Perioden;173;1999 mei;;Definitief
1999MM06;0;Perioden;174;1999 juni;;Definitief
1999MM07;0;Perioden;175;1999 juli;;Definitief
1999MM08;0;Perioden;176;1999 augustus;;Definitief
1999MM09;0;Perioden;177;1999 september;;Definitief
1999MM10;0;Perioden;178;1999 oktober;;Definitief
1999MM11;0;Perioden;179;1999 november;;Definitief
1999MM12;0;Perioden;180;1999 december;;Definitief
2000MM01;0;Perioden;181;2000 januari;;Definitief
2000MM02;0;Perioden;182;2000 februari;;Definitief
2000MM03;0;Perioden;183;2000 maart;;Definitief
2000MM04;0;Perioden;184;2000 april;;Definitief
2000MM05;0;Perioden;185;2000 mei;;Definitief
2000MM06;0;Perioden;186;2000 juni;;Definitief
2000MM07;0;Perioden;187;2000 juli;;Definitief
2000MM08;0;Perioden;188;2000 augustus;;Definitief
2000MM09;0;Perioden;189;2000 september;;Definitief
2000MM10;0;Perioden;190;2000 oktober;;Definitief
2000MM11;0;Perioden;191;2000 november;;Definitief
2000MM12;0;Perioden;192;2000 december;;Definitief
2001MM01;0;Perioden;193;2001 januari;;Definitief
2001MM02;0;Perioden;194;2001 februari;;Definitief
2001MM03;0;Perioden;195;2001 maart;;Definitief
2001MM04;0;Perioden;196;2001 april;;Definitief
2001MM05;0;Perioden;197;2001 mei;;Definitief
2001MM06;0;Perioden;198;2001 juni;;Definitief
2001MM07;0;Perioden;199;2001 juli;;Definitief
2001MM08;0;Perioden;200;2001 augustus;;Definitief
2001MM09;0;Perioden;201;2001 september;;Definitief
2001MM10;0;Perioden;202;2001 oktober;;Definitief
2001MM11;0;Perioden;203;2001 november;;Definitief
2001MM12;0;Perioden;204;2001 december;;Definitief
2002MM01;0;Perioden;205;2002 januari;;Definitief
2002MM02;0;Perioden;206;2002 februari;;Definitief
2002MM03;0;Perioden;207;2002 maart;;Definitief
2002MM04;0;Perioden;208;2002 april;;Definitief
2002MM05;0;Perioden;209;2002 mei;;Definitief
2002MM06;0;Perioden;210;2002 juni;;Definitief
2002MM07;0;Perioden;211;2002 juli;;Definitief
2002MM08;0;Perioden;212;2002 augustus;;Definitief
2002MM09;0;Perioden;213;2002 september;;Definitief
2002MM10;0;Perioden;214;2002 oktober;;Definitief
2002MM11;0;Perioden;215;2002 november;;Definitief
2002MM12;0;Perioden;216;2002 december;;Definitief
2003MM01;0;Perioden;217;2003 januari;;Definitief
2003MM02;0;Perioden;218;2003 februari;;Definitief
2003MM03;0;Perioden;219;2003 maart;;Definitief
2003MM04;0;Perioden;220;2003 april;;Definitief
2003MM05;0;Perioden;221;2003 mei;;Definitief
2003MM06;0;Perioden;222;2003 juni;;Definitief
2003MM07;0;Perioden;223;2003 juli;;Definitief
2003MM08;0;Perioden;224;2003 augustus;;Definitief
2003MM09;0;Perioden;225;2003 september;;Definitief
2003MM10;0;Perioden;226;2003 oktober;;Definitief
2003MM11;0;Perioden;227;2003 november;;Definitief
2003MM12;0;Perioden;228;2003 december;;Definitief
2004MM01;0;Perioden;229;2004 januari;;Definitief
2004MM02;0;Perioden;230;2004 februari;;Definitief
2004MM03;0;Perioden;231;2004 maart;;Definitief
2004MM04;0;Perioden;232;2004 april;;Definitief
2004MM05;0;Perioden;233;2004 mei;;Definitief
2004MM06;0;Perioden;234;2004 juni;;Definitief
2004MM07;0;Perioden;235;2004 juli;;Definitief
2004MM08;0;Perioden;236;2004 augustus;;Definitief
2004MM09;0;Perioden;237;2004 september;;Definitief
2004MM10;0;Perioden;238;2004 oktober;;Definitief
2004MM11;0;Perioden;239;2004 november;;Definitief
2004MM12;0;Perioden;240;2004 december;;Definitief
2005MM01;0;Perioden;241;2005 januari;;Definitief
2005MM02;0;Perioden;242;2005 februari;;Definitief
2005MM03;0;Perioden;243;2005 maart;;Definitief
2005MM04;0;Perioden;244;2005 april;;Definitief
2005MM05;0;Perioden;245;2005 mei;;Definitief
2005MM06;0;Perioden;246;2005 juni;;Definitief
2005MM07;0;Perioden;247;2005 juli;;Definitief
2005MM08;0;Perioden;248;2005 augustus;;Definitief
2005MM09;0;Perioden;249;2005 september;;Definitief
2005MM10;0;Perioden;250;2005 oktober;;Definitief
2005MM11;0;Perioden;251;2005 november;;Definitief
2005MM12;0;Perioden;252;2005 december;;Definitief
2006MM01;0;Perioden;253;2006 januari;;Definitief
2006MM02;0;Perioden;254;2006 februari;;Definitief
2006MM03;0;Perioden;255;2006 maart;;Definitief
2006MM04;0;Perioden;256;2006 april;;Definitief
2006MM05;0;Perioden;257;2006 mei;;Definitief
2006MM06;0;Perioden;258;2006 juni;;Definitief
2006MM07;0;Perioden;259;2006 juli;;Definitief
2006MM08;0;Perioden;260;2006 augustus;;Definitief
2006MM09;0;Perioden;261;2006 september;;Definitief
2006MM10;0;Perioden;262;2006 oktober;;Definitief
2006MM11;0;Perioden;263;2006 november;;Definitief
2006MM12;0;Perioden;264;2006 december;;Definitief
2007MM01;0;Perioden;265;2007 januari;;Definitief
2007MM02;0;Perioden;266;2007 februari;;Definitief
2007MM03;0;Perioden;267;2007 maart;;Definitief
2007MM04;0;Perioden;268;2007 april;;Definitief
2007MM05;0;Perioden;269;2007 mei;;Definitief
2007MM06;0;Perioden;270;2007 juni;;Definitief
2007MM07;0;Perioden;271;2007 juli;;Definitief
2007MM08;0;Perioden;272;2007 augustus;;Definitief
2007MM09;0;Perioden;273;2007 september;;Definitief
2007MM10;0;Perioden;274;2007 oktober;;Definitief
2007MM11;0;Perioden;275;2007 november;;Definitief
2007MM12;0;Perioden;276;2007 december;;Definitief
2008MM01;0;Perioden;277;2008 januari;;Definitief
2008MM02;0;Perioden;278;2008 februari;;Definitief
2008MM03;0;Perioden;279;2008 maart;;Definitief
2008MM04;0;Perioden;280;2008 april;;Definitief
2008MM05;0;Perioden;281;2008 mei;;Definitief
2008MM06;0;Perioden;282;2008 juni;;Definitief
2008MM07;0;Perioden;283;2008 juli;;Definitief
2008MM08;0;Perioden;284;2008 augustus;;Definitief
2008MM09;0;Perioden;285;2008 september;;Definitief
2008MM10;0;Perioden;286;2008 oktober;;Definitief
2008MM11;0;Perioden;287;2008 november;;Definitief
2008MM12;0;Perioden;288;2008 december;;Definitief
2009MM01;0;Perioden;289;2009 januari;;Definitief
2009MM02;0;Perioden;290;2009 februari;;Definitief
2009MM03;0;Perioden;291;2009 maart;;Definitief
2009MM04;0;Perioden;292;2009 april;;Definitief
2009MM05;0;Perioden;293;2009 mei;;Definitief
2009MM06;0;Perioden;294;2009 juni;;Definitief
2009MM07;0;Perioden;295;2009 juli;;Definitief
2009MM08;0;Perioden;296;2009 augustus;;Definitief
2009MM09;0;Perioden;297;2009 september;;Definitief
2009MM10;0;Perioden;298;2009 oktober;;Definitief
2009MM11;0;Perioden;299;2009 november;;Definitief
2009MM12;0;Perioden;300;2009 december;;Definitief
2010MM01;0;Perioden;301;2010 januari;;Definitief
2010MM02;0;Perioden;302;2010 februari;;Definitief
2010MM03;0;Perioden;303;2010 maart;;Definitief
2010MM04;0;Perioden;304;2010 april;;Definitief
2010MM05;0;Perioden;305;2010 mei;;Definitief
2010MM06;0;Perioden;306;2010 juni;;Definitief
2010MM07;0;Perioden;307;2010 juli;;Definitief
2010MM08;0;Perioden;308;2010 augustus;;Definitief
2010MM09;0;Perioden;309;2010 september;;Definitief
2010MM10;0;Perioden;310;2010 oktober;;Definitief
2010MM11;0;Perioden;311;2010 november;;Definitief
2010MM12;0;Perioden;312;2010 december;;Definitief
2011MM01;0;Perioden;313;2011 januari;;Definitief
2011MM02;0;Perioden;314;2011 februari;;Definitief
2011MM03;0;Perioden;315;2011 maart;;Definitief
2011MM04;0;Perioden;316;2011 april;;Definitief
2011MM05;0;Perioden;317;2011 mei;;Definitief
2011MM06;0;Perioden;318;2011 juni;;Definitief
2011MM07;0;Perioden;319;2011 juli;;Definitief
2011MM08;0;Perioden;320;2011 augustus;;Definitief
2011MM09;0;Perioden;321;2011 september;;Definitief
2011MM10;0;Perioden;322;2011 oktober;;Definitief
2011MM11;0;Perioden;323;2011 november;;Definitief
2011MM12;0;Perioden;324;2011 december;;Definitief
2012MM01;0;Perioden;325;2012 januari;;Definitief
2012MM02;0;Perioden;326;2012 februari;;Definitief
2012MM03;0;Perioden;327;2012 maart;;Definitief
2012MM04;0;Perioden;328;2012 april;;Definitief
2012MM05;0;Perioden;329;2012 mei;;Definitief
2012MM06;0;Perioden;330;2012 juni;;Definitief
2012MM07;0;Perioden;331;2012 juli;;Definitief
2012MM08;0;Perioden;332;2012 augustus;;Definitief
2012MM09;0;Perioden;333;2012 september;;Definitief
2012MM10;0;Perioden;334;2012 oktober;;Definitief
2012MM11;0;Perioden;335;2012 november;;Definitief
2012MM12;0;Perioden;336;2012 december;;Definitief
2013MM01;0;Perioden;337;2013 januari;;Definitief
2013MM02;0;Perioden;338;2013 februari;;Definitief
2013MM03;0;Perioden;339;2013 maart;;Definitief
2013MM04;0;Perioden;340;2013 april;;Definitief
2013MM05;0;Perioden;341;2013 mei;;Definitief
2013MM06;0;Perioden;342;2013 juni;;Definitief
2013MM07;0;Perioden;343;2013 juli;;Definitief
2013MM08;0;Perioden;344;2013 augustus;;Definitief
2013MM09;0;Perioden;345;2013 september;;Definitief
2013MM10;0;Perioden;346;2013 oktober;;Definitief
2013MM11;0;Perioden;347;2013 november;;Definitief
2013MM12;0;Perioden;348;2013 december;;Definitief
2014MM01;0;Perioden;349;2014 januari;;Definitief
2014MM02;0;Perioden;350;2014 februari;;Definitief
2014MM03;0;Perioden;351;2014 maart;;Definitief
2014MM04;0;Perioden;352;2014 april;;Definitief
2014MM05;0;Perioden;353;2014 mei;;Definitief
2014MM06;0;Perioden;354;2014 juni;;Definitief
2014MM07;0;Perioden;355;2014 juli;;Definitief
2014MM08;0;Perioden;356;2014 augustus;;Definitief
2014MM09;0;Perioden;357;2014 september;;Definitief
2014MM10;0;Perioden;358;2014 oktober;;Definitief
2014MM11;0;Perioden;359;2014 november;;Definitief
2014MM12;0;Perioden;360;2014 december;;Definitief
2015MM01;0;Perioden;361;2015 januari;;Definitief
2015MM02;0;Perioden;362;2015 februari;;Definitief
2015MM03;0;Perioden;363;2015 maart;;Definitief
2015MM04;0;Perioden;364;2015 april;;Definitief
2015MM05;0;Perioden;365;2015 mei;;Definitief
2015MM06;0;Perioden;366;2015 juni;;Definitief
2015MM07;0;Perioden;367;2015 juli;;Definitief
2015MM08;0;Perioden;368;2015 augustus;;Definitief
2015MM09;0;Perioden;369;2015 september;;Definitief
2015MM10;0;Perioden;370;2015 oktober;;Definitief
2015MM11;0;Perioden;371;2015 november;;Definitief
2015MM12;0;Perioden;372;2015 december;;Definitief
2016MM01;0;Perioden;373;2016 januari;;Definitief
2016MM02;0;Perioden;374;2016 februari;;Definitief
2016MM03;0;Perioden;375;2016 maart;;Definitief
2016MM04;0;Perioden;376;2016 april;;Definitief
2016MM05;0;Perioden;377;2016 mei;;Definitief
2016MM06;0;Perioden;378;2016 juni;;Definitief
2016MM07;0;Perioden;379;2016 juli;;Definitief
2016MM08;0;Perioden;380;2016 augustus;;Definitief
2016MM09;0;Perioden;381;2016 september;;Definitief
2016MM10;0;Perioden;382;2016 oktober;;Definitief
2016MM11;0;Perioden;383;2016 november;;Definitief
2016MM12;0;Perioden;384;2016 december;;Definitief
2017MM01;0;Perioden;385;2017 januari;;Definitief
2017MM02;0;Perioden;386;2017 februari;;Definitief
2017MM03;0;Perioden;387;2017 maart;;Definitief
2017MM04;0;Perioden;388;2017 april;;Definitief
2017MM05;0;Perioden;389;2017 mei;;Definitief
2017MM06;0;Perioden;390;2017 juni;;Definitief
2017MM07;0;Perioden;391;2017 juli;;Definitief
2017MM08;0;Perioden;392;2017 augustus;;Definitief
2017MM09;0;Perioden;393;2017 september;;Definitief
2017MM10;0;Perioden;394;2017 oktober;;Definitief
2017MM11;0;Perioden;395;2017 november;;Definitief
2017MM12;0;Perioden;396;2017 december;;Definitief
2018MM01;0;Perioden;397;2018 januari;;Definitief
2018MM02;0;Perioden;398;2018 februari;;Definitief
2018MM03;0;Perioden;399;2018 maart;;Definitief
2018MM04;0;Perioden;400;2018 april;;Definitief
2018MM05;0;Perioden;401;2018 mei;;Definitief
2018MM06;0;Perioden;402;2018 juni;;Definitief
2018MM07;0;Perioden;403;2018 juli;;Definitief
2018MM08;0;Perioden;404;2018 augustus;;Definitief
2018MM09;0;Perioden;405;2018 september;;Definitief
2018MM10;0;Perioden;406;2018 oktober;;Definitief
2018MM11;0;Perioden;407;2018 november;;Definitief
2018MM12;0;Perioden;408;2018 december;;Definitief
2019MM01;0;Perioden;409;2019 januari;;Definitief
2019MM02;0;Perioden;410;2019 februari;;Definitief
2019MM03;0;Perioden;411;2019 maart;;Definitief
2019MM04;0;Perioden;412;2019 april;;Definitief
2019MM05;0;Perioden;413;2019 mei;;Definitief
2019MM06;0;Perioden;414;2019 juni;;Definitief
2019MM07;0;Perioden;415;2019 juli;;Definitief
2019MM08;0;Perioden;416;2019 augustus;;Definitief
2019MM09;0;Perioden;417;2019 september;;Definitief
2019MM10;0;Perioden;418;2019 oktober;;Definitief
2019MM11;0;Perioden;419;2019 november;;Definitief
2019MM12;0;Perioden;420;2019 december;;Definitief
2020MM01;0;Perioden;421;2020 januari;;Definitief
2020MM02;0;Perioden;422;2020 februari;;Definitief
2020MM03;0;Perioden;423;2020 maart;;Definitief
2020MM04;0;Perioden;424;2020 april;;Definitief
2020MM05;0;Perioden;425;2020 mei;;Definitief
2020MM06;0;Perioden;426;2020 juni;;Definitief
2020MM07;0;Perioden;427;2020 juli;;Definitief
2020MM08;0;Perioden;428;2020 augustus;;Definitief
2020MM09;0;Perioden;429;2020 september;;Definitief
2020MM10;0;Perioden;430;2020 oktober;;Definitief
2020MM11;0;Perioden;431;2020 november;;Definitief
2020MM12;0;Perioden;432;2020 december;;Definitief
2021MM01;0;Perioden;433;2021 januari;;Definitief
2021MM02;0;Perioden;434;2021 februari;;Definitief
2021MM03;0;Perioden;435;2021 maart;;Definitief
2021MM04;0;Perioden;436;2021 april;;Definitief
2021MM05;0;Perioden;437;2021 mei;;Definitief
2021MM06;0;Perioden;438;2021 juni;;Definitief
2021MM07;0;Perioden;439;2021 juli;;Definitief
2021MM08;0;Perioden;440;2021 augustus;;Definitief
2021MM09;0;Perioden;441;2021 september;;Definitief
2021MM10;0;Perioden;442;2021 oktober;;Definitief
2021MM11;0;Perioden;443;2021 november;;Definitief
2021MM12;0;Perioden;444;2021 december;;Definitief
2022MM01;0;Perioden;445;2022 januari;;Definitief
2022MM02;0;Perioden;446;2022 februari;;Definitief
2022MM03;0;Perioden;447;2022 maart;;Definitief
2022MM04;0;Perioden;448;2022 april;;Definitief
2022MM05;0;Perioden;449;2022 mei;;Definitief
2022MM06;0;Perioden;450;2022 juni;;Definitief
2022MM07;0;Perioden;451;2022 juli;;Definitief
2022MM08;0;Perioden;452;2022 augustus;;Definitief
2022MM09;0;Perioden;453;2022 september;;Definitief
2022MM10;0;Perioden;454;2022 oktober;;Definitief
2022MM11;0;Perioden;455;2022 november;;Definitief
2022MM12;0;Perioden;456;2022 december;;Definitief
2023MM01;0;Perioden;457;2023 januari;;Definitief
