"pub_date","L2_LRHUTTTT","L1_BCCI","L1_BRCI","L1_BSCI","L1_CSCICP02","L3_XTEXVA01","L3_XTIMVA01","L1_AEX","L1_AEXVLT","inflation","Perioden","Prijsindex_5","buildpermits","faillisementen","Consumentenvertrouwen_1","EconomischKlimaat_2","Koopbereidheid_3","EconomischeSituatieLaatste12Maanden_4","EconomischeSituatieKomende12Maanden_5","FinancieleSituatieLaatste12Maanden_6","FinancieleSituatieKomende12Maanden_7","GunstigeTijdVoorGroteAankopen_8","dax","cac40","ftse","sp500","fin_stress","GAS_EU","OIL_BRENT","GOLD","Short_interest","Long_interest"
"1990-03-15",6.3,4.5,26.6,0.6,5.3,2.74199995122519,2.68105897632225,5.33117469619373,0.0114303429291895,2.3,"1990MM03",82.3,3261,327,-14,-34,0,-54,-14,5,4,-8,7.58413771320935,7.58680353516258,7.71775168259505,5.82876913863108,0.0594,"1,58","31,02","1715,91",8.8,8.98
"1990-04-15",6.3,0.6,29.2,-0.6,6.1,2.71785296721826,2.69763708827756,5.41140470529055,0.00923455404286449,2.2,"1990MM04",82.4,3346,270,-9,-24,1,-45,-3,5,4,-7,7.50268858679884,7.62364194651157,7.65131031565812,5.80151392624799,0.0417,"1,75","39,93","1732,22",8.57,8.89
"1990-05-15",6.2,-3,31.1,0,5.4,2.72096683719723,2.68364506260483,5.38038765593225,0.00959486392360834,2.3,"1990MM05",82.5,3230,318,-5,-16,1,-38,7,5,6,-6,7.51572028544938,7.65302041380419,7.76008336553707,5.8895149049859,0.0411,"1,80","42,81","1846,51",8.48,8.95
"1990-06-15",6.2,-2.9,32.6,0.8,4.9,2.72155433253623,2.67839797178169,5.4067950180747,0.00553997330870969,2.3,"1990MM06",82.5,3450,284,-4,-12,2,-35,12,4,7,-6,7.54150804158948,7.6182510978767,7.77258432235704,5.88058882007569,0.0666,"2,86","44,26","1968,63",8.36,8.96
"1990-07-15",6.1,-2,27.7,1,5.1,2.69651095923689,2.6394602042769,5.42056042181581,0.00446049214498304,2.4,"1990MM07",82.6,3701,276,0,-4,2,-26,19,2,9,-6,7.56160016594121,7.58324752430336,7.75199129291443,5.87535197328688,0.0481,"3,95","41,09","1921,92",8.27,8.74
"1990-08-15",6.1,-0.7,29.6,-0.3,4.3,2.69969976619297,2.74662904870018,5.38942300664923,0.00557580126598423,2.4,"1990MM08",82.4,2759,270,1,0,1,-18,18,2,10,-7,7.39142140604966,7.43248380791712,7.6791589800842,5.77628915787411,0.1116,"4,89","40,47","1900,27",8.54,8.99
"1990-09-15",6,-1.6,27.3,-0.6,1,2.74454303609624,2.68312086863556,5.25093549742898,0.019770145821808,2.7,"1990MM09",82.5,3132,321,6,13,2,-2,28,2,12,-8,7.19141425462154,7.3125534981026,7.59599039064678,5.72374844741134,0.0732,"4,84","43,23","1866,30",8.51,9.16
"1990-10-15",6,-1.9,28.4,-0.6,-1.4,2.74348576523321,2.67984676875504,5.14407175858867,0.0122547494097098,2.9,"1990MM10",82.6,3329,331,12,26,4,15,36,3,12,-5,7.26857163542142,7.40549566319947,7.62574142670411,5.71702770140622,0.0515,"5,86","49,87","1858,42",8.51,9.19
"1990-11-15",6,0.5,22.4,-2.2,-3.2,2.7311156618521,2.69887040217602,5.17116016625375,0.0151067388216938,2.8,"1990MM11",82.7,3073,303,10,21,2,12,30,2,10,-5,7.27001356919355,7.38087903556412,7.67294396697286,5.77523454585126,0.037,"7,27","54,55","1866,98",8.82,9.13
"1990-12-15",5.9,-0.4,25,-2.1,-6.3,2.73515711285301,2.71110863711029,5.15875775880717,0.00842023331551908,2.6,"1990MM12",82.6,2648,211,9,19,2,13,24,1,9,-4,7.2365912735801,7.31920245876785,7.67019528603803,5.79975910270032,0.04,"6,16","61,96","1808,17",9.4,9.06
"1991-01-15",5.9,1.9,23,-1.4,-5.2,2.77434602930621,2.69266504037531,5.16114437812892,0.00823748249920611,3.2,"1991MM01",83.6,2843,324,3,8,0,1,14,-1,7,-5,7.25922874244552,7.36518012602101,7.68262070832527,5.84043812699907,0.0633,"6,13","65,19","1718,23",9.42,9.15
"1991-02-15",5.9,-0.4,21.8,-2.5,-9.9,2.7363022191035,2.69653213794541,5.17980876370355,0.015766387701426,2.9,"1991MM02",83.7,2632,319,2,7,-1,-1,15,-4,6,-6,7.35528957218496,7.4730690880322,7.77523380542833,5.90555258551485,0.0513,"7,15","64,77","1760,04",9.1,8.64
"1991-03-15",5.8,-3.5,23.6,-4.2,-9.9,2.72516919104992,2.66670953368262,5.27450045817208,0.0103211029090142,3.2,"1991MM03",83.6,2758,337,8,16,2,10,23,-1,10,-3,7.3233818811255,7.50439155916124,7.8064928516087,5.92751252386876,0.04,"8,91","68,04","1850,26",9.13,8.66
"1991-04-15",5.8,-4,22.5,-2.9,-5.3,2.74248202441546,2.67788305261766,5.34588252764964,0.00943669296658986,3.1,"1991MM04",83.8,2894,290,12,23,5,19,26,3,12,0,7.38204346327396,7.48380668766583,7.81851069971795,5.92783227210635,0.0936,"10,30","73,07","1834,57",9.19,8.57
"1991-05-15",5.8,-3.5,21.5,-5.8,-7.9,2.7295733512043,2.69789864537924,5.35145728962333,0.00938652732953018,3.2,"1991MM05",83.9,3127,343,11,18,6,16,20,3,12,1,7.44305493203628,7.52929906700101,7.82384599085363,5.96571071221179,0.039,"12,51","74,39","1807,84",9.13,8.59
"1991-06-15",5.8,-6.3,20.3,-4.9,-5.9,2.76857637182319,2.6699073280168,5.35654414498523,0.00649154893048544,3.4,"1991MM06",83.9,3169,315,12,20,7,18,21,5,11,4,7.39248123842458,7.46599868334416,7.78937176714263,5.91663324635164,0.0825,"15,43","70,02","1785,28",9.15,8.64
"1991-07-15",5.7,-7.4,15.2,-5.6,-5.9,2.72205318225971,2.70641186922549,5.32706108701701,0.00612708412534213,4.5,"1991MM07",83.9,3484,336,9,14,6,13,15,4,12,3,7.38974308463705,7.47005315319209,7.85894974572547,5.9605155226686,0.0537,"22,84","74,60","1775,14",9.17,8.82
"1991-08-15",5.7,-5.4,21.1,-6,-8.1,2.74505022519815,2.69538553110197,5.33569404544734,0.00488303175980152,4.6,"1991MM08",83.9,2937,287,10,13,8,14,12,7,13,4,7.40845784000767,7.53064095278474,7.88069094110659,5.97997376187032,0.0882,"31,05","83,65","1776,85",9.34,8.84
"1991-09-15",5.7,-9.8,23.4,-4.9,-8.9,2.74483560122904,2.68099556261215,5.33010251620498,0.0127965006449538,4.4,"1991MM09",84.1,3175,302,14,19,10,19,20,9,15,6,7.38117180952407,7.53934614108109,7.871578222677,5.96064441200076,0.0584,"27,62","80,77","1821,76",9.3,8.77
"1991-10-15",5.7,-10.4,19.2,-4.2,-8,2.7781108247536,2.76090409491231,5.29784952822323,0.00309772432946061,4.5,"1991MM10",84,3434,453,14,18,11,17,19,9,15,7,7.36503455846454,7.52655597102252,7.85010354517558,5.9724091716775,0.0589,"38,03","74,31","1790,43",9.33,8.72
"1991-11-15",5.7,-8.4,22,-6.3,-10.4,2.75032787083847,2.66389441578764,5.30257175882238,0.0056636185734201,4.8,"1991MM11",83.9,3074,419,17,25,12,23,26,10,17,9,7.35950586731482,7.46146793538473,7.79160544018871,5.92751252386876,0.0909,"28,26","85,53","1816,02",9.42,8.75
"1991-12-15",5.7,-8.9,20.7,-4.1,-9.4,2.72197879327871,2.68685965772714,5.30350994210258,0.00865880125108324,4.9,"1991MM12",83.9,2886,350,17,24,11,23,25,10,17,8,7.36344444971992,7.47630246355772,7.82128223420417,6.03330201706942,0.111,"27,23","95,76","1856,30",9.7,8.72
"1992-01-15",5.6,-10.5,20.5,-4.6,-8.8,2.72836432595348,2.66508247003615,5.31437184128139,0.00707060813145782,4.1,"1992MM01",85.1,2695,358,11,16,7,12,19,5,13,3,7.42993615771822,7.53652395173503,7.85212797599285,6.01317711102742,0.1056,"42,39","115,59","1947,83",9.55,8.39
"1992-02-15",5.6,-8.4,19.7,-3.4,-9.2,2.73942684289881,2.67392451375295,5.37827944045288,0.00672843271785622,4.4,"1992MM02",85.3,3112,351,9,13,6,10,16,5,11,2,7.46551792805876,7.59256783485246,7.8485825518169,6.022720966337,0.076,NA,NA,NA,9.6,8.3
"1992-03-15",5.6,-11.6,20.7,-3.5,-9.9,2.69928073343482,2.68077795923927,5.40946144342597,0.00439350360999463,4.2,"1992MM03",85.4,3407,414,4,1,5,-1,3,4,11,1,7.44911979309007,7.57167961322103,7.79979434107541,6.00064726273036,0.0441,NA,NA,NA,9.61,8.31
"1992-04-15",5.6,-14.6,16.2,-5.5,-9.1,2.7227926782541,2.66540116242326,5.39442182110731,0.0045817525837769,4.4,"1992MM04",85.7,3037,441,-2,-13,4,-13,-12,2,9,1,7.45477201166614,7.61633278538118,7.88386092995194,6.02815806046253,0.0242,NA,NA,NA,9.5,8.31
"1992-05-15",5.6,-12,17,-4.3,-8.9,2.74016935926599,2.70244101103268,5.42720063471752,0.00591713588645673,4.2,"1992MM05",85.6,3007,378,-4,-19,6,-19,-20,5,11,2,7.49906904135642,7.61741539201505,7.90381794870191,6.02912155297995,0.0307,NA,NA,NA,9.52,8.32
"1992-06-15",5.6,-12,18.9,-6.1,-8.4,2.68186463962234,2.68962360173146,5.43911362536806,0.0057836491796919,4,"1992MM06",85.6,3817,374,0,-10,6,-12,-9,5,13,1,7.4701956175446,7.54992489214962,7.83249023827194,6.01161028869166,0.0203,NA,NA,NA,9.52,8.3
"1992-07-15",5.6,-15.4,12.9,-5.5,-4.9,2.74306280001832,2.65690084493455,5.39110112022933,0.00615910118913229,3.1,"1992MM07",85.6,3434,421,4,-2,8,-4,0,6,15,4,7.38305112347041,7.47005315319209,7.78305737647582,6.05022859549553,0.0466,NA,NA,NA,9.58,8.34
"1992-08-15",5.7,-17.5,14.3,-8.2,-4.8,2.71235875934854,2.66203774206896,5.34099877534269,0.00908761052965029,3.5,"1992MM08",85.7,2878,315,9,7,10,4,10,7,18,6,7.33300338739649,7.42946150808851,7.74612775392276,6.02593843201971,0.0965,NA,NA,NA,9.82,8.36
"1992-09-15",5.7,-16.8,14.9,-5.7,-3.5,2.6851136478998,2.64951320971786,5.29982952159878,0.0109022597314926,3.4,"1992MM09",85.7,3199,514,9,7,11,3,10,8,18,6,7.2930788792606,7.45974201153864,7.84502441724148,6.03500281990506,0.2042,NA,NA,NA,9.35,8.04
"1992-10-15",5.8,-16.4,11.9,-7.7,-3.6,2.73888415283476,2.69650229827568,5.32212619229068,0.0104470415796292,3,"1992MM10",85.7,3125,506,12,13,11,10,17,9,20,5,7.3063166470229,7.4630187659528,7.88544211808954,6.03710688749309,0.1503,NA,NA,NA,8.74,7.65
"1992-11-15",5.8,-19.2,8.9,-7.4,-5.2,2.65691008852023,2.63539966522836,5.27552636501123,0.0102747418951543,2.9,"1992MM11",85.7,2814,464,17,24,12,19,28,8,22,7,7.34285685298261,7.47952548692409,7.92977447639038,6.06691983967239,0.1257,NA,NA,NA,8.78,7.51
"1992-12-15",5.9,-18.3,4.7,-12.9,-7.7,2.66183120804291,2.60572329545256,5.29200337429327,0.00562772270803635,2.6,"1992MM12",85.6,2565,509,15,20,11,18,23,8,20,5,7.33851772996518,7.5271482973287,7.95384544839114,6.07697686482071,0.0624,NA,NA,NA,8.66,7.4
"1993-01-15",5.9,-14.4,11.5,-13.3,-9.5,2.68444856927074,2.62834042580824,5.32296362395129,0.00535228751455944,2.5,"1993MM01",86.7,2578,454,14,21,9,21,21,6,18,3,7.36140086639206,7.47997696396395,7.93994280687512,6.08399814572888,0.1056,NA,NA,NA,8.11,7.128
"1993-02-15",6,-14.8,10.3,-12.5,-7,2.65411779620073,2.61617737986112,5.34411396496568,0.00535546616330194,2.4,"1993MM02",86.7,2627,461,17,26,10,26,26,8,20,4,7.42656098899297,7.59271904203275,7.96137020171951,6.09442720117851,0.0762,NA,NA,NA,8.09,6.866
"1993-03-15",6.1,-12.1,9,-13.4,-7.4,2.63379168306131,2.6073583054193,5.38494658607721,0.00551092939312827,2.3,"1993MM03",87.1,3049,639,19,27,13,26,28,11,20,7,7.4246663285278,7.61648050131991,7.9650940653726,6.11295185442134,0.0374,NA,NA,NA,7.6,6.563
"1993-04-15",6.2,-17.2,7,-13.4,-10.8,2.67917785282385,2.62185765010072,5.4190685912038,0.00657329458844416,2.3,"1993MM04",87.8,2767,507,21,29,16,32,26,14,21,13,7.39438858792795,7.56992765524265,7.9420423918085,6.08720645743374,0.0262,NA,NA,NA,7.53,6.596
"1993-05-15",6.3,-17.7,8,-13.7,-10.2,2.67556821384487,2.59634019942901,5.40125421188034,0.0057642934863401,2.3,"1993MM05",87.8,2846,496,22,31,17,35,27,14,23,12,7.39462214683406,7.54364401475803,7.9518057624688,6.10966972129892,0.0516,NA,NA,NA,7.07,6.67
"1993-06-15",6.4,-17.2,8.1,-14.4,-12.6,2.67280758311012,2.59360245466104,5.38372475979559,0.00638037754075405,2.1,"1993MM06",88,3375,557,24,35,17,39,30,14,24,12,7.43893047103305,7.58675283610864,7.97246601597457,6.11042466479652,0.0822,NA,NA,NA,6.73,6.59
"1993-07-15",6.4,-16.5,7.8,-13.6,-11.6,2.67672664332372,2.56364229476104,5.43776012085175,0.00520307670080475,2.2,"1993MM07",88.2,3332,569,24,33,18,38,27,16,24,15,7.50827714256576,7.64295564879096,7.98156244873128,6.10508337978873,0.0471,NA,NA,NA,6.55,6.43
"1993-08-15",6.5,-17,7,-12.4,-12.3,2.68877900096757,2.57645778504545,5.47572677856166,0.00674247645140118,2,"1993MM08",88.4,2908,508,25,33,20,38,28,17,24,17,7.56624890363036,7.70368465418511,8.03915739047324,6.13893582119954,0.0466,NA,NA,NA,6.36,6.178
"1993-09-15",6.6,-18.5,11.6,-13.5,-8.5,2.74384063416084,2.65560639307337,5.5453530107342,0.00645747999103956,1.8,"1993MM09",88.2,2969,586,24,33,19,38,27,17,24,17,7.55497892216913,7.65662099464289,8.0187900876488,6.12889767702445,0.0616,NA,NA,NA,6.35,5.975
"1993-10-15",6.6,-19.8,7.5,-11.8,-6.8,2.7395902591413,2.63338694732075,5.49465934112101,0.00888769768008193,1.9,"1993MM10",87.8,3030,504,24,31,20,36,26,19,24,17,7.63287581043288,7.68799716639302,8.06180227453835,6.14810495336175,0.0329,NA,NA,NA,6.3,5.825
"1993-11-15",6.7,-18.9,12,-11.3,-9.2,2.72623396168074,2.64079890658381,5.58639517377204,0.00689722265779755,1.7,"1993MM11",87.9,2997,596,25,33,20,38,28,17,25,17,7.62701841090019,7.65449066515531,8.06050843957996,6.13511026079401,0.0592,NA,NA,NA,5.96,5.806
"1993-12-15",6.7,-17.7,14.1,-12.6,-5.3,2.72645532775312,2.56954623172903,5.58644733181091,0.0103143127915491,1.7,"1993MM12",88,3033,551,26,34,20,38,31,16,26,17,7.721033864065,7.7267418227782,8.13692785576199,6.14515085957704,0.0524,NA,NA,NA,5.6,5.682
"1994-01-15",6.7,-16.4,11.6,-12.6,-7.9,2.73912557394906,2.56373169472843,5.66826514549062,0.00736828990288785,2.4,"1994MM01",88.7,2587,535,25,33,20,39,28,20,26,14,7.69284337793623,7.75551013578771,8.15817265553433,6.17713462748308,0.0448,NA,NA,NA,5.22,5.607
"1994-02-15",6.8,-17.3,12.7,-9.7,-6.7,2.74103214467026,2.59062299537805,5.72195607717331,0.00815773567955512,3,"1994MM02",88.7,2820,534,26,34,21,42,27,21,27,15,7.65123428711852,7.71338261441322,8.11015687890953,6.14662902996703,0.0609,NA,NA,NA,5.29,5.865
"1994-03-15",6.8,-17.8,10.8,-7.4,-5.8,2.78714532915991,2.6635346736396,5.67473628835337,0.00989254909915083,2.9,"1994MM03",89,3053,686,27,36,21,43,29,19,27,16,7.66990594303939,7.64103617020934,8.03476061051064,6.09980309929063,0.1146,NA,NA,NA,5.32,6.29
"1994-04-15",6.8,-14.1,11,-7.1,-4.7,2.77263007846145,2.66347241322666,5.62745445204829,0.0108950897679627,2.8,"1994MM04",89.3,2960,497,31,43,23,51,35,22,28,20,7.71980043342378,7.68063742756094,8.0472855731863,6.1112677711692,0.0893,NA,NA,NA,5.3,6.544
"1994-05-15",6.9,-14.3,8.8,-5.3,-3,2.76477680199715,2.64393735993637,5.64821474623384,0.00820512899144058,2.9,"1994MM05",89.4,3316,432,31,42,24,50,34,22,27,24,7.66731738538073,7.61574182156196,7.9964855677958,6.12358870003502,0.061,NA,NA,NA,5.13,6.752
"1994-06-15",6.9,-12,12.5,-5.3,-1.3,2.77335517108226,2.64012806270513,5.61711640974329,0.00680570861278549,3,"1994MM06",89.4,3616,621,33,43,26,51,34,24,28,27,7.61127348209011,7.54538974961182,7.97906486839569,6.09643246098858,0.0609,NA,NA,NA,5.05,7.113
"1994-07-15",7,-10.5,17.8,-3,-2.4,2.77574224364818,2.67555625030122,5.57585484800536,0.010684725145475,2.7,"1994MM07",89.6,3530,463,33,42,28,51,33,24,29,30,7.67424117993323,7.6377164326648,8.03352870739245,6.12743672994142,0.0895,NA,NA,NA,4.92,6.905
"1994-08-15",7.1,-7.8,12.3,-0.3,-2.1,2.79000347215665,2.6618827586024,5.63461793455703,0.00614879859880168,2.6,"1994MM08",89.7,3057,602,33,41,27,49,33,25,28,29,7.69943022463525,7.63486905646894,8.08681021036314,6.16434583073206,0.0711,NA,NA,NA,4.97,7.121
"1994-09-15",7.2,-6.7,11.8,0.1,-0.4,2.78083108999341,2.67633244513923,5.65730625402319,0.00706450053501314,2.7,"1994MM09",89.8,2959,548,30,37,26,46,27,23,27,28,7.60205182327046,7.53865467213609,8.01509604634868,6.13710048948806,0.0812,NA,NA,NA,5.07,7.488
"1994-10-15",7.3,-7.7,14,1.5,0.3,2.75160858010983,2.66897127937941,5.60754829572088,0.00611369836428833,2.8,"1994MM10",90.1,3156,473,24,22,25,36,8,24,23,28,7.63122799592321,7.55260464842199,8.03831829735361,6.15772024913674,0.0727,NA,NA,NA,5.2,7.551
"1994-11-15",7.4,-9.2,11,1.8,-0.2,2.81013510491042,2.68306461710487,5.63207112720568,0.00923754913930653,2.5,"1994MM11",90.2,2870,622,14,0,22,21,-20,23,19,25,7.6291400150496,7.58877928188614,8.0331392864555,6.11741415081198,0.0742,NA,NA,NA,5.23,7.536
"1994-12-15",7.5,-8.2,9,1.6,0.9,2.79835647415236,2.69473755573021,5.62688111719825,0.00704926251627819,2.6,"1994MM12",90.5,2853,451,11,-5,21,15,-25,22,20,23,7.64850621067801,7.53966512402369,8.02796596720274,6.12963824849082,0.0575,NA,NA,NA,5.42,7.587
"1995-01-15",7.7,-8.9,11.2,2.3,-0.6,2.82335528888913,2.69893366171186,5.64272570492644,0.00500842682220476,2.4,"1995MM01",92.3,2728,514,13,-2,23,16,-21,23,22,24,7.61323606003186,7.49437460948116,8.003563672961,6.15362594123154,0.0621,NA,NA,NA,5.18,7.709
"1995-02-15",7.8,-7.5,8.5,2,-0.3,2.84341049943671,2.73051583515146,5.62549195905947,0.00564071480228464,2.4,"1995MM02",92.4,2602,453,13,0,21,18,-17,21,23,20,7.64866833645124,7.4826255654577,8.00946278878329,6.18906465400635,0.0641,NA,NA,NA,5.11,7.539
"1995-03-15",8,-11.7,7.7,2.3,2.3,2.89146180278172,2.77731277817376,5.61934300858049,0.00394648307330489,2.3,"1995MM03",92.4,2836,565,12,0,21,15,-15,20,23,18,7.55731097780083,7.52806291336513,8.05130903423218,6.21602707410999,0.1085,NA,NA,NA,5.1,7.42
"1995-04-15",8.1,-11.4,4.6,3.4,1.6,2.87346790367485,2.74904309719608,5.57822787677646,0.00726679342956037,2.3,"1995MM04",92.4,2665,478,13,0,21,14,-15,20,23,22,7.60983739931759,7.55929890968701,8.07611125312596,6.24360367795283,0.054,NA,NA,NA,4.69,7.173
"1995-05-15",8.2,-10.2,10.7,2.4,-0.5,2.84044946180849,2.75661866441901,5.6344751323232,0.00369043451963672,2.1,"1995MM05",92.4,3177,443,15,1,24,15,-13,22,24,26,7.64966879057036,7.57455848420248,8.10753929326677,6.27927165751856,0.0697,NA,NA,NA,4.49,6.916
"1995-06-15",8.3,-7.9,10.1,1.4,1.4,2.87056942704477,2.78544838815543,5.67071483021292,0.00618745328797329,2.1,"1995MM06",92.3,3312,455,16,2,25,14,-9,23,25,27,7.64445992795977,7.52768642357192,8.1060922611519,6.30032697382473,0.0457,NA,NA,NA,4.28,6.831
"1995-07-15",8.4,-10.8,14.1,-0.4,-0.7,2.90317368117158,2.81024179726552,5.67542799656792,0.00437531952538341,1.8,"1995MM07",92.7,2805,476,16,3,25,12,-7,23,26,26,7.70639247131492,7.56008046502183,8.1499771848385,6.33160860141724,0.0402,NA,NA,NA,4.18,6.851
"1995-08-15",8.4,-6.3,10.1,0.5,-1.4,2.90225644133561,2.79816182926681,5.73230525566884,0.00756420776422026,1.5,"1995MM08",92.4,3084,506,20,11,26,19,3,23,27,26,7.71165191972007,7.54083394581887,8.15415520298791,6.33128831265284,0.0398,NA,NA,NA,4.1,6.744
"1995-09-15",8.4,-6,8,-0.8,0.4,2.93284949201603,2.82425725359389,5.7308376794527,0.00501364152684502,1.5,"1995MM09",92.5,2752,510,20,13,25,20,6,25,27,24,7.69678975460154,7.48907665777964,8.1628583504914,6.37060274534443,0.0597,NA,NA,NA,3.92,6.579
"1995-10-15",8.4,-5.9,12.5,-1,-1.3,2.82398401871156,2.73187568917379,5.74030120833572,0.00608332245828044,1.3,"1995MM10",92.3,2842,528,27,27,27,34,20,25,31,27,7.68052662271501,7.50328963067508,8.16879818758478,6.36561097195872,0.0488,NA,NA,NA,3.94,6.59
"1995-11-15",8.4,-4.2,8.1,-1.9,2.1,2.8503852322273,2.73620496012402,5.71355370613398,0.00710102947699818,1.6,"1995MM11",92.3,2953,515,33,37,30,43,31,27,34,29,7.72088305701198,7.51114187913531,8.20639261349684,6.40583983328007,0.042,NA,NA,NA,3.82,6.352
"1995-12-15",8.4,-6.8,10.8,-0.3,1.5,2.85405430621959,2.73235996280317,5.76626697256999,0.00520490086122608,1.7,"1995MM12",92.3,2802,404,34,38,32,48,28,29,34,33,7.72342532930509,7.53476265703754,8.21319203037694,6.42313330882147,0.0638,NA,NA,NA,3.66,6.092
"1996-01-15",8.3,-9,15.2,-0.7,-0.6,2.78320886065937,2.71382711411541,5.78390630316348,0.00589084483950973,1.9,"1996MM01",92.3,2656,494,35,37,34,49,24,32,34,34,7.80913539812054,7.61134771740362,8.23198806182797,6.45523004009512,0.0549,NA,NA,NA,3.28,5.867
"1996-02-15",8.3,-9.3,14.2,-1.6,-0.9,2.70384556265352,2.65747757104998,5.81642397381983,0.00681686553992398,1.8,"1996MM02",92,2752,440,36,42,33,53,30,31,35,34,7.81810034315291,7.59629187159762,8.22351990010966,6.46213981431035,0.0563,NA,NA,NA,3.1,6.214
"1996-03-15",8.2,-6.3,14,-2.9,-1.4,2.85697320306942,2.6942208750386,5.83196866627242,0.00688228919115201,2,"1996MM03",92.1,2658,477,35,41,32,52,29,30,34,32,7.81977695057179,7.62305528814644,8.21600700106613,6.4700252102867,0.0456,NA,NA,NA,3.17,6.448
"1996-04-15",8.1,-2.6,11.8,-2.7,-5.5,3.01452416694398,2.90018834601533,5.85806637253931,0.00627746615144367,2,"1996MM04",92.1,2750,437,35,41,31,53,30,30,32,30,7.82109361000693,7.67173366312734,8.24745578664074,6.4833672303924,0.0734,NA,NA,NA,2.94,6.346
"1996-05-15",8,1.1,15.6,-4.5,-4.4,3.01295029977276,2.8908841467373,5.89728574932645,0.00617325602576546,2,"1996MM05",92.3,2975,482,36,45,30,55,34,28,32,29,7.83352496686742,7.65449066515531,8.22892429317004,6.5059634089429,0.084,NA,NA,NA,2.7,6.348
"1996-06-15",7.9,-0.6,11.8,-3.7,-2.4,2.9912168710031,2.88030969706377,5.92729502284789,0.00616676525934142,1.8,"1996MM06",92,3526,454,34,41,29,52,30,29,30,29,7.85183234650756,7.66091510637531,8.2190566610606,6.5082175763697,0.0813,NA,NA,NA,2.9,6.465
"1996-07-15",7.8,0.7,15.4,-3.4,-3.2,2.95780220697861,2.86813886904158,5.9142408793522,0.00627022291489655,2.2,"1996MM07",92.2,3176,450,34,40,31,51,29,31,31,30,7.82064021772146,7.5988503674406,8.21695257653167,6.46139006737678,0.0789,NA,NA,NA,3.08,6.41
"1996-08-15",7.7,-4,14.7,-3.3,-1.2,2.96797977110486,2.87253838138088,5.86687273757087,0.0108823192997962,1.9,"1996MM08",92.2,3054,438,32,37,30,47,26,29,30,30,7.83774770840766,7.58609333170934,8.26038946385922,6.48002920940754,0.0574,NA,NA,NA,3.01,6.242
"1996-09-15",7.6,-1.9,12.1,-1.8,-2.4,2.99126622120766,2.86296199668699,5.89626732972316,0.00838436666734361,2,"1996MM09",92.2,3371,454,31,33,30,43,24,29,30,30,7.88438447032042,7.66519097239894,8.28240711596797,6.53281455110061,0.0463,NA,NA,NA,2.81,6.102
"1996-10-15",7.5,-1,17.3,-2.8,-2.4,2.98402102363992,2.89135584321995,5.93334584871969,0.00571231820468723,2.4,"1996MM10",92.5,3145,550,30,30,30,40,20,29,29,31,7.89035792185812,7.668794725585,8.28881096659612,6.55858073591133,0.0735,NA,NA,NA,2.89,5.879
"1996-11-15",7.4,-2.5,16.7,-4.1,2,2.99491739617704,2.89913326356474,5.93114601994347,0.00674471425078449,2.3,"1996MM11",92.4,3119,455,32,32,31,41,22,30,32,32,7.95466720375448,7.74746727546401,8.30844552038576,6.62938969896788,0.054,NA,NA,NA,3.01,5.76
"1996-12-15",7.3,2.2,21.5,-2.2,-0.4,2.98045105120392,2.90993629773083,6.02182128208554,0.00620164468894819,2.5,"1996MM12",92.4,2634,446,30,29,30,38,20,29,30,31,7.96556990200071,7.74746727546401,8.3232442983813,6.60764967334769,0.1222,NA,NA,NA,3.08,5.718
"1997-01-15",7.2,0.1,18,-1.7,0.5,2.973709579821,2.93337173269863,6.04983390685721,0.0109495913568246,2.3,"1997MM01",93,2474,536,31,29,32,38,20,30,31,36,8.01885591297198,7.8306641020993,8.36072645268772,6.66716029989386,0.1538,NA,NA,NA,3.03,5.655
"1997-02-15",7.1,0.6,18.3,-1,3.9,2.99190928047499,2.93289137471481,6.09013992808723,0.00973593122959008,2.2,"1997MM02",93.2,2411,477,26,22,28,34,10,29,29,27,8.08980145384949,7.86626225177916,8.36829862840067,6.67307039108292,0.1562,NA,NA,NA,3.01,5.468
"1997-03-15",7,1.3,23.1,0.1,4.3,3.02582136786736,2.94952454397566,6.17561837670013,0.00872404453083863,2,"1997MM03",93.3,2770,437,20,13,26,28,-3,30,26,22,8.13383102696438,7.88484001164495,8.36936578801862,6.62952175490078,0.1608,NA,NA,NA,3.2,5.645
"1997-04-15",6.9,2.8,23.5,1.3,3.7,3.04687148839731,2.95321397671527,6.17280647597729,0.0155109619145987,1.8,"1997MM04",93.5,3129,470,14,-1,23,19,-20,29,22,19,8.14267138920623,7.87834478426367,8.39750834847026,6.68628535993314,0.1564,NA,NA,NA,3.2,5.794
"1997-05-15",6.8,2.4,22.2,0.8,6.5,3.04806074111848,2.97661844476265,6.20138263653667,0.0161793683996619,2.2,"1997MM05",93.5,2835,481,6,-16,21,2,-35,29,19,15,8.17828237828274,7.85705512653607,8.43843128751221,6.74321080450766,0.0805,NA,NA,NA,3.22,5.702
"1997-06-15",6.7,-3,22.1,2.2,4.1,3.05210640642027,2.95945019332082,6.23466252660591,0.00909402262762955,2.2,"1997MM06",93.5,3540,418,5,-20,21,-6,-34,29,19,15,8.23400497790462,7.95798233863351,8.43481110401868,6.78574584113656,0.1151,NA,NA,NA,3.23,5.618
"1997-07-15",6.6,0.8,21.4,2.2,4.4,3.05825888968866,2.96904015616307,6.32497958316454,0.00683758418263732,2.3,"1997MM07",93.6,3092,492,1,-26,18,-14,-37,26,17,13,8.39061358361606,8.03128778067914,8.49851992615062,6.86098856369506,0.1609,NA,NA,NA,3.25,5.488
"1997-08-15",6.5,3.9,21.3,3.8,6,3.0758952346344,2.97494493760044,6.45391186871759,0.0132617784469574,2.6,"1997MM08",93.7,2855,364,0,-27,17,-18,-35,24,17,11,8.27379336987045,7.9267830883074,8.48001040028852,6.80180566840099,0.1524,NA,NA,NA,3.42,5.604
"1997-09-15",6.4,2.6,21.8,4,4.3,3.07991904241217,3.00064023264531,6.32679188271734,0.0216723774440477,2.6,"1997MM09",93.8,3432,475,-3,-33,17,-26,-40,23,17,10,8.33204126578474,8.00913043042744,8.56487802022517,6.85359475095007,0.1101,NA,NA,NA,3.43,5.554
"1997-10-15",6.3,3.9,20.3,5.1,5.6,3.07206045334473,2.9971334267116,6.37573576930623,0.0159315535948472,2.3,"1997MM10",93.6,3478,497,-4,-35,17,-31,-39,23,18,10,8.23048661954235,7.91545771017819,8.48514505311269,6.81850867312929,0.1454,NA,NA,NA,3.58,5.568
"1997-11-15",6.2,7.1,24.5,4.9,5.2,3.08984148469096,2.99875156100001,6.30680990378751,0.0223697428531132,2.5,"1997MM11",93.8,3086,471,-3,-35,18,-25,-45,25,19,10,8.28704518558621,7.95661690805273,8.48297430760725,6.86213012650962,0.1179,NA,NA,NA,3.75,5.538
"1997-12-15",6.1,12.7,26.8,4.5,4.7,3.09417784269377,3.01955624787756,6.33183057007891,0.0152299621077181,2.3,"1997MM12",93.8,3172,429,-4,-37,19,-28,-46,27,19,11,8.34860879942988,8.00600080106627,8.54393248860586,6.87773926469115,0.0953,NA,NA,NA,3.69,5.292
"1998-01-15",5.9,9,24.8,5.7,7.5,3.10072021489475,3.02590229106875,6.37052145842746,0.0160587360863612,1.8,"1998MM01",94.9,2519,415,-1,-33,21,-30,-35,26,23,13,8.39897926456458,8.06214913900337,8.60492930572032,6.88783827502801,0.0778,NA,NA,NA,3.48,5.068
"1998-02-15",5.8,6.7,26.3,3.6,7.9,3.10217622624938,3.02092168352464,6.4198570923107,0.0115639854906237,2.2,"1998MM02",94.9,2649,423,2,-23,19,-34,-12,24,26,6,8.45401052147021,8.13795120270929,8.65995927851136,6.9559166415166,0.0638,NA,NA,NA,3.44,5.014
"1998-03-15",5.7,4.5,28.8,3.9,6.2,3.12098246656805,3.00908181221061,6.52652172332846,0.00794683657663476,2.3,"1998MM03",95,3168,538,4,-14,15,-34,5,21,26,0,8.53645645759708,8.26237837078975,8.68815045105527,7.0046551037221,0.0648,NA,NA,NA,3.45,4.94
"1998-04-15",5.6,3.6,31.4,3.5,9.5,3.1089889822117,3.01359608600053,6.56934527706821,0.0112898268319511,2.4,"1998MM04",95.2,2765,502,1,-14,10,-41,13,15,24,-8,8.56431147877818,8.26382749781411,8.68750962461015,7.01369062939081,0.0592,NA,NA,NA,3.56,4.945
"1998-05-15",5.5,3.3,27.5,4.3,6.8,3.12352458107915,3.00709345006317,6.56789384005535,0.0164667453851699,2,"1998MM05",95.2,2812,356,-4,-19,5,-46,9,9,22,-15,8.62281191585531,8.30428703667858,8.6777291894073,6.99468493673115,0.0855,NA,NA,NA,3.63,4.997
"1998-06-15",5.4,1.1,29.3,3.7,8.9,3.09869661523926,3.00691084300543,6.62982971785416,0.0176944607254922,2.2,"1998MM06",95.3,3480,439,-9,-22,0,-50,6,3,20,-24,8.67279939625285,8.34366094204554,8.67121816579825,7.03336535071358,0.0754,NA,NA,NA,3.54,4.847
"1998-07-15",5.3,4,27,3.4,7.5,3.11721833140144,3.00248460601643,6.63551691057294,0.0109747417010957,2,"1998MM07",95.1,3293,444,-15,-28,-5,-55,-2,-2,17,-31,8.67610792356094,8.33742279181169,8.67198939387571,7.02168203892944,0.0486,NA,NA,NA,3.5,4.763
"1998-08-15",5.2,3.8,29,2.7,8.8,3.09016221899451,3.00488121455295,6.65745883633572,0.010404890582546,1.7,"1998MM08",95.1,2758,326,-20,-37,-9,-62,-11,-7,15,-36,8.47871839527768,8.2335642220338,8.56586904473696,6.86409596024601,0.1803,NA,NA,NA,3.44,4.533
"1998-09-15",5.1,5,27.8,1.3,5.8,3.08912734729903,3.04010438462139,6.53393113701721,0.0195589394136671,1.7,"1998MM09",95,3698,540,-25,-44,-12,-69,-20,-9,14,-41,8.39636029475831,8.07026524317763,8.52999093036321,6.9246222384442,0.3532,NA,NA,NA,3.35,4.192
"1998-10-15",5,6,28.7,3.1,1.5,3.12001657717635,3.0014035306868,6.37453210401525,0.0277391399734628,1.9,"1998MM10",94.8,2916,364,-30,-53,-15,-77,-29,-13,11,-43,8.45339897646741,8.16704828941226,8.60124016098505,7.00185567633588,0.3229,NA,NA,NA,3.32,4.143
"1998-11-15",4.9,5.6,26.8,-0.1,-1.9,3.07249560233769,2.9890887076699,6.43357477366195,0.0294459780516393,1.7,"1998MM11",94.9,2886,378,-31,-55,-15,-81,-29,-13,9,-42,8.52240760012629,8.25410743631696,8.65589368410403,7.05929971254057,0.2079,NA,NA,NA,3.42,4.185
"1998-12-15",4.8,7.5,28.8,-1.9,0.3,3.08757624538183,3.00816675469251,6.53630284523872,0.0176972294415613,1.7,"1998MM12",94.8,3426,306,-28,-50,-14,-77,-24,-14,11,-39,8.51850629371993,8.27961087907993,8.6797541366329,7.11414322018729,0.1347,NA,NA,NA,3.33,3.953
"1999-01-15",4.7,10.2,26,-1.6,2.1,3.09290510092523,2.99968798036674,6.61411079859965,0.017247407670881,2.2,"1999MM01",95.1,2497,285,-25,-45,-11,-72,-19,-12,11,-33,8.55261632577097,8.35509765580403,8.68202943386917,7.15433407880278,0.1349,NA,NA,NA,3.1321,3.801
"1999-02-15",4.6,12.4,26.2,-2.2,0.2,3.08752092439552,3.0197678415074,6.6018505069614,0.0262467239796557,2.1,"1999MM02",95.1,2572,327,-29,-55,-12,-79,-30,-14,7,-31,8.49779831302317,8.31701880279569,8.72828037151156,7.12151894120252,0.0939,NA,NA,NA,3.0934,3.932
"1999-03-15",4.6,13.6,26.6,-2,-0.5,3.08811740556894,3.00882989358272,6.60442554920623,0.0117351875115716,2.2,"1999MM03",95.2,3215,390,-32,-59,-14,-83,-36,-17,4,-30,8.48987749564927,8.34233488706031,8.7475585711883,7.15957957346144,0.0707,NA,NA,NA,3.0467,4.139
"1999-04-15",4.5,13.4,29.6,-2.8,-1.9,3.09950606390073,3.03661516587392,6.59729619837634,0.0125856427575949,2.2,"1999MM04",95.5,2941,342,-34,-62,-16,-84,-40,-18,3,-33,8.58680132924136,8.39057501262415,8.78755617990624,7.19682143343357,0.1335,NA,NA,NA,2.6965,3.995
"1999-05-15",4.4,7.5,30.8,-2,0.3,3.07699678280608,3.03316497491966,6.66103905991224,0.00925600486516961,2.3,"1999MM05",95.5,3023,263,-35,-61,-18,-82,-39,-19,2,-36,8.53081792061978,8.37822764080695,8.73652150520874,7.17153390109745,0.0816,NA,NA,NA,2.579,4.193
"1999-06-15",4.4,15.9,31.2,-2.8,-0.3,3.10842317457265,3.06105557678422,6.62624679205141,0.00906916070496503,2.3,"1999MM06",95.5,3318,364,-34,-56,-19,-81,-32,-22,3,-37,8.59016852609252,8.41993528588505,8.75123711719874,7.22454213868754,0.1513,NA,NA,NA,2.6267,4.513
"1999-07-15",4.3,13.2,32.5,-2.3,1.1,3.10332123082092,3.03192887351414,6.64285430237703,0.00709534639643616,2.1,"1999MM07",95.7,3082,281,-34,-54,-20,-81,-28,-24,2,-38,8.53736244110606,8.38527422590357,8.73743652553837,7.1919713297418,0.1066,NA,NA,NA,2.6765,4.821
"1999-08-15",4.3,15.6,31.9,-2.1,0.9,3.12396926830967,3.08001132766645,6.62883116642668,0.0118839902665885,2.6,"1999MM08",95.7,3058,273,-36,-57,-22,-83,-31,-24,-1,-40,8.56993174471381,8.43146540082246,8.73976056114471,7.18569759929861,0.1262,NA,NA,NA,2.695,5.03
"1999-09-15",4.2,12.7,33.1,-3,2.7,3.13621324497384,3.07032696266505,6.65830213326944,0.0131780413146103,2.2,"1999MM09",95.8,3130,346,-33,-50,-22,-81,-20,-26,0,-40,8.54671899855034,8.43194460641363,8.70446908928412,7.15673027587751,0.1384,NA,NA,NA,2.7267,5.215
"1999-10-15",4.2,16.2,26.4,-1.8,4.5,3.14508871765457,3.0907748914986,6.60997724628422,0.0114430111099745,2.1,"1999MM10",96,2896,308,-33,-48,-23,-82,-15,-26,-2,-40,8.6171109042191,8.49466535798476,8.74124835833265,7.21739211248606,0.1163,NA,NA,NA,3.3757,5.449
"1999-11-15",4.1,16.9,33.3,2.6,8.3,3.13326633090502,3.07145983502424,6.65182303310497,0.0128417876714388,2.2,"1999MM11",96.1,3344,332,-32,-47,-22,-81,-14,-25,-2,-38,8.68203622472128,8.58328427863661,8.79440062517936,7.23627457044766,0.1466,NA,NA,NA,3.4677,5.178
"1999-12-15",4.1,16.4,29.9,3.1,5.9,3.17713877766857,3.13092979097156,6.70222114970055,0.00863799113366174,2.2,"1999MM12",96.8,3492,329,-27,-38,-20,-73,-2,-26,-1,-34,8.84766749592298,8.69254381159083,8.84364397997918,7.29250734549276,0.1572,NA,NA,NA,3.446,5.276
"2000-01-15",4,17.8,27.1,2.4,8,3.18534396310532,3.12435385316563,6.81454736547864,0.00719424144799167,2,"2000MM01",98.4,2622,310,-25,-33,-19,-69,2,-24,0,-33,8.82989954310946,8.64114561215357,8.74329237055608,7.24026249452734,0.1171,NA,NA,NA,3.3431,5.666
"2000-02-15",4,17.3,28.9,2.7,9,3.21261964936665,3.14591682572025,6.72455774379767,0.018079258426796,2,"2000MM02",98.5,2996,345,-27,-37,-20,-75,0,-24,-3,-32,8.94174822912105,8.73084543620709,8.73754887586341,7.21994949209044,0.1317,NA,NA,NA,3.5368,5.655
"2000-03-15",3.9,17.4,27,2.8,8.5,3.2226515913455,3.15734679148119,6.79980884012247,0.0135937720978184,1.9,"2000MM03",98.6,3330,365,-20,-23,-17,-61,15,-23,1,-31,8.93582327792303,8.74608814048871,8.78572305488679,7.31227324272712,0.1093,NA,NA,NA,3.747,5.479
"2000-04-15",3.9,17.3,29,4.2,9.4,3.22797098000472,3.16345653050579,6.78792923898082,0.0142072678258893,2.1,"2000MM04",99.4,2842,306,-19,-20,-19,-54,15,-23,1,-34,8.91121712161215,8.76712981551629,8.7526446728305,7.28099333177372,0.1518,NA,NA,NA,3.9253,5.381
"2000-05-15",3.8,19.2,29.2,4.8,9.6,3.2736608538867,3.21107248487711,6.7849482776424,0.0151394096613506,2.4,"2000MM05",99.4,3190,379,-20,-21,-19,-54,12,-24,2,-34,8.86921109724706,8.7681479630729,8.75768929690506,7.25883457937797,0.1327,NA,NA,NA,4.362,5.501
"2000-06-15",3.8,16.5,28.4,5.1,7.9,3.28873268589822,3.22095242427428,6.7728137445381,0.00991291445481889,2.7,"2000MM06",99.4,3167,336,-22,-26,-19,-57,4,-23,1,-36,8.83901723098659,8.7712988377988,8.75031878718965,7.2824862109364,0.0883,NA,NA,NA,4.5017,5.309
"2000-07-15",3.7,18.5,25.9,4.8,9.4,3.30931139412802,3.2392813466001,6.79894904478066,0.0104121096535189,2.8,"2000MM07",100.7,2944,356,-22,-26,-19,-55,3,-22,2,-37,8.88049792602443,8.78607314170162,8.75861661195412,7.26600994374292,0.0772,NA,NA,NA,4.5829,5.401
"2000-08-15",3.7,20.5,26.7,6.1,7,3.32829792913718,3.24403259615977,6.79557857203367,0.00698022228021641,2.5,"2000MM08",100.7,3142,452,-18,-20,-17,-49,10,-21,3,-35,8.88411844823873,8.79866903329854,8.80577988387281,7.32493816743445,0.0897,NA,NA,NA,4.7771,5.361
"2000-09-15",3.6,22.6,26.3,4.8,7.6,3.31578600501386,3.27269861021529,6.82261167760893,0.00605482154856536,2.9,"2000MM09",101,2909,354,-16,-16,-17,-47,15,-21,5,-33,8.82440139956156,8.74299399039866,8.74738388444493,7.2699718465577,0.0595,NA,NA,NA,4.8528,5.414
"2000-10-15",3.6,22.4,29.2,4.1,7,3.33751289929708,3.25911479996733,6.76910865072031,0.00677071422736163,3.1,"2000MM10",101.4,2836,440,-17,-17,-17,-45,12,-24,5,-32,8.86466753104401,8.76368760187456,8.77003532585753,7.26501007186582,0.0577,NA,NA,NA,5.0413,5.348
"2000-11-15",3.5,18.3,28.4,5.5,8.7,3.37903475278523,3.25400535606338,6.79577513222777,0.0111578350282539,3,"2000MM11",101.4,2742,495,-20,-21,-19,-48,6,-24,1,-33,8.75972047100657,8.68745567531923,8.72293829495224,7.18155388394222,0.0439,NA,NA,NA,5.092,5.296
"2000-12-15",3.4,21.8,26,5.4,7.9,3.36128335457226,3.3045523639087,6.74983980210081,0.0118025805429475,2.9,"2000MM12",101.4,2690,360,-21,-24,-20,-49,1,-25,-1,-33,8.7692910691871,8.68717558657473,8.73592703424175,7.18559913648791,0.1091,NA,NA,NA,4.9392,5.029
"2001-01-15",3.4,27.1,24.3,5,7.3,3.37871407574833,3.31840011002606,6.73663169425921,0.0127602982643823,4.2,"2001MM01",104.3,3285,447,-25,-29,-21,-52,-7,-26,-5,-34,8.82396294991931,8.69926308887997,8.74790800822677,7.21964936789717,0.0928,NA,NA,NA,4.7707,4.93
"2001-02-15",3.3,21.1,25.7,3.9,4.3,3.38653694354634,3.33510493040289,6.73180312055198,0.00819509218729406,4.5,"2001MM02",104.6,3118,451,-24,-29,-20,-53,-6,-26,-4,-30,8.73363275860144,8.58811379989037,8.68573691871501,7.1228182230763,0.0699,NA,NA,NA,4.7558,4.916
"2001-03-15",3.2,18.5,25.1,2.2,2.6,3.40862413619011,3.35899858434863,6.65409426262654,0.00831155215987112,4.6,"2001MM03",104.5,3172,453,-19,-19,-19,-45,8,-27,-2,-29,8.6707637364264,8.55264724170871,8.63652173355087,7.05645968852837,0.1685,NA,NA,NA,4.7086,4.826
"2001-04-15",3.2,15.9,21.4,1.3,0.5,3.37534293159908,3.3067124411258,6.57731884425905,0.017807343858205,4.9,"2001MM04",104.7,2700,427,-15,-9,-20,-35,17,-30,-1,-29,8.74265561462764,8.63764462550653,8.69399956752208,7.13046670569396,0.1426,NA,NA,NA,4.682,5.016
"2001-05-15",3.2,15.7,19.4,-0.5,-1.2,3.35115676075715,3.27268375174599,6.63214223811884,0.0144440544952982,4.9,"2001MM05",104.7,3211,544,-11,1,-19,-26,29,-31,2,-29,8.71984987520651,8.60413938879839,8.66495784309813,7.13554398188646,0.1557,NA,NA,NA,4.6367,5.221
"2001-06-15",3.1,16,23,-1.4,-0.4,3.34908639434275,3.25924922457635,6.61534204240824,0.0113099369394383,4.5,"2001MM06",104.8,3057,440,-14,-4,-20,-28,20,-31,0,-29,8.70919769728043,8.56127324766066,8.63808250869169,7.11018987639464,0.1229,NA,NA,NA,4.4536,5.17
"2001-07-15",3.1,13.1,23.7,-1.7,-4.8,3.3257705527554,3.22877926653382,6.59906611488293,0.0105903651310245,4.6,"2001MM07",104.9,3253,540,-20,-17,-23,-39,5,-29,-4,-34,8.67610792356094,8.53415055242562,8.61778035028985,7.09939163507561,0.0781,NA,NA,NA,4.4671,5.172
"2001-08-15",3.1,12.2,26.3,-4.2,-4.2,3.32304619515566,3.21687356655162,6.55630609562471,0.0101684878511226,4.7,"2001MM08",105,2581,520,-22,-22,-22,-46,2,-27,-3,-35,8.55413629779126,8.453047093324,8.58391682345914,7.03313600654644,0.0906,NA,NA,NA,4.3535,4.979
"2001-09-15",3.1,6.5,25.1,-3.7,-5.6,3.360850153835,3.25311948730916,6.50579112621129,0.00945044995047268,4.7,"2001MM09",105.1,2832,462,-25,-27,-23,-51,-4,-27,-6,-36,8.36826383386403,8.31361204737122,8.49768410111198,6.94787937377702,0.1343,NA,NA,NA,3.9829,4.979
"2001-10-15",3.1,5.4,26.4,-4.9,-4.8,3.30056572411412,3.22068490818735,6.35062598443579,0.0351037691789645,4.3,"2001MM10",105.1,3164,589,-26,-29,-24,-53,-4,-28,-8,-37,8.42488706916933,8.37592682693542,8.52510187423906,6.96581664603971,0.0606,NA,NA,NA,3.5999,4.765
"2001-11-15",3.1,7.3,22.1,-8.5,-8,3.29514102610463,3.1886918623895,6.36576902324642,0.0238807164318395,4.2,"2001MM11",105.1,2471,530,-22,-19,-23,-43,4,-25,-7,-37,8.51517318377386,8.40649848734894,8.55710599149446,7.03830092597642,0.0746,NA,NA,NA,3.3857,4.62
"2001-12-15",3.1,4.9,25.7,-8.3,-6,3.27544057240299,3.16692732740739,6.43492920104962,0.0167835442391219,4.4,"2001MM12",105.4,2216,431,-15,-8,-20,-30,14,-21,-5,-35,8.54871125712466,8.43914085187856,8.55975445378289,7.04584622258545,0.0479,NA,NA,NA,3.3449,4.89
"2002-01-15",3.1,4.9,24.2,-7.8,-3.7,3.26622705757207,3.14452796778034,6.46620727799169,0.0145603347648246,4,"2002MM01",106.9,1977,602,-10,2,-18,-18,22,-19,-2,-32,8.5384868365926,8.40332326587316,8.54962162081949,7.03014984399266,0.1172,NA,NA,NA,3.3388,4.969
"2002-02-15",3.2,4.3,25.4,-7.2,1.7,3.2509578009729,3.14261890011032,6.447370146329,0.0121868668978556,3.8,"2002MM02",107,2043,520,-7,6,-16,-12,24,-16,-1,-30,8.52497882019949,8.40357427641267,8.53719187792293,7.00916498287287,0.0871,NA,NA,NA,3.3571,5.025
"2002-03-15",3.2,4.7,26.7,-4.8,0.5,3.2881660763181,3.14979594105807,6.42989730395612,0.0113233951741557,3.6,"2002MM03",107.1,2219,506,-6,7,-15,-11,26,-17,1,-29,8.59365226195657,8.45276560172555,8.57012710214713,7.04524508954008,0.0567,NA,NA,NA,3.3908,5.272
"2002-04-15",3.3,2.6,24.6,-5,0.7,3.26124582695545,3.17839495801435,6.49182200850274,0.00824290554181996,3.6,"2002MM04",107.3,2364,486,-3,13,-13,-6,32,-17,4,-26,8.5253994666446,8.40351825858848,8.54977656021737,6.9818604347954,0.0635,NA,NA,NA,3.4069,5.25
"2002-05-15",3.4,0.8,23,-5.2,-2.3,3.28026284973216,3.18174329455871,6.44887374726567,0.00966953832822183,3.3,"2002MM05",107.4,2400,532,1,19,-11,0,38,-17,6,-23,8.48017640726625,8.36045519934812,8.53406999317707,6.97273746541861,0.06,NA,NA,NA,3.4671,5.306
"2002-06-15",3.4,-1.1,20.1,-5.2,-3.6,3.28202086438373,3.17648466642124,6.39492979886911,0.0100237777123592,3.4,"2002MM06",107.3,2624,535,4,24,-9,7,40,-16,8,-19,8.38538832097987,8.26821631208063,8.44599787540161,6.89752311581543,0.1385,NA,NA,NA,3.464,5.162
"2002-07-15",3.5,-4.7,16.8,-5.3,-5.3,3.25673590944865,3.18740429217493,6.30105308234884,0.0243819665352103,3.4,"2002MM07",107.5,2404,672,11,34,-5,21,48,-13,13,-15,8.2161259068365,8.13604400534971,8.3537797903068,6.8152232312218,0.1469,NA,NA,NA,3.41,4.993
"2002-08-15",3.6,-10,14,-7,-6.6,3.27547385763436,3.156832129416,6.11244308973962,0.0392598007418003,3.3,"2002MM08",107.4,2344,493,12,34,-3,24,44,-12,13,-10,8.21957927871634,8.12154274981073,8.34931872416651,6.82009278896357,0.1526,NA,NA,NA,3.3519,4.711
"2002-09-15",3.7,-12.2,9.4,-3.8,-8.4,3.29201796010238,3.18232759448607,6.1308605616637,0.0339880240741177,3.3,"2002MM09",107.5,2320,575,11,32,-2,24,40,-12,12,-7,7.92625236782144,7.92928850190949,8.22196271432662,6.70353164845518,0.3002,NA,NA,NA,3.3101,4.497
"2002-10-15",3.8,-13.6,11.9,-5.6,-10.8,3.28040043450999,3.15051775132227,5.89381352218277,0.0319487535214835,3.2,"2002MM10",107.5,2889,703,13,33,0,27,39,-10,13,-4,8.05606211575709,8.05517044253255,8.30392569868517,6.78644604457433,0.2493,NA,NA,NA,3.2613,4.58
"2002-11-15",3.9,-11.3,7.5,-7,-11.2,3.28120146751794,3.16832343570798,6.04195373868664,0.031629690391649,3.1,"2002MM11",107.7,2722,586,14,35,1,27,43,-10,13,-1,8.10781646328787,8.10972104114574,8.3355273961262,6.84194661561783,0.2147,NA,NA,NA,3.1241,4.555
"2002-12-15",4,-17.2,8.3,-6,-10.6,3.28941905063273,3.17863512788156,6.09925595191307,0.0210805951079968,3.1,"2002MM12",107.5,2984,561,14,35,0,28,41,-9,11,-1,7.96992136143049,8.02744712833946,8.27903749519819,6.77971734942011,0.1441,NA,NA,NA,2.941,4.363
"2003-01-15",4.1,-14.4,5.4,-5.7,-11.8,3.28308909984372,3.18286389840881,5.98790753062968,0.017275462446726,2.4,"2003MM01",108.3,1953,657,16,37,1,33,41,-7,12,0,7.91856681664145,7.9854434719634,8.17959229074957,6.75191986168956,0.251,NA,NA,NA,2.8318,4.189
"2003-02-15",4.2,-13,7.6,-6.7,-17.6,3.28762087077714,3.17490528914649,5.89441131060104,0.0188593569357526,2.4,"2003MM02",108.3,2065,639,19,41,5,37,45,-4,15,4,7.84269112496307,7.92083512123075,8.2040155441122,6.73477003218979,0.3566,NA,NA,NA,2.6875,3.971
"2003-03-15",5.3,-19.3,5.8,-8.7,-17.1,3.29736803938774,3.17241344208734,5.78578984720621,0.0272614547495451,2.4,"2003MM03",108.3,2899,620,20,41,6,37,45,-2,15,5,7.79312076365792,7.87034162278728,8.19237677470417,6.74309286878278,0.4635,NA,NA,NA,2.53,4.013
"2003-04-15",5.4,-20.8,7.4,-9.2,-17.4,3.3234852893269,3.20428621997491,5.70761212076135,0.0413714789084213,2.1,"2003MM04",108.3,2217,794,20,39,7,36,41,0,15,6,7.98685851051813,7.99080371751153,8.27537637483641,6.82102020880916,0.3796,NA,NA,NA,2.5333,4.232
"2003-05-15",5.6,-23.6,7.1,-9.6,-16.4,3.31615237701704,3.21511585985196,5.83517806914236,0.0221101417808085,2,"2003MM05",108.4,1827,757,20,37,9,37,38,3,16,8,8.00057748140632,8.00361377945362,8.30600293834346,6.87066592080699,0.5225,NA,NA,NA,2.4005,3.913
"2003-06-15",5.7,-24.6,-1.6,-9.7,-14.6,3.28374144626492,3.18449031950722,5.8285892638184,0.0185504901124471,2,"2003MM06",108.5,2588,737,21,37,10,39,34,6,16,8,8.07731677076088,8.03401519135494,8.30181936525383,6.88192451894762,0.4972,NA,NA,NA,2.1519,3.722
"2003-07-15",5.8,-24.3,-2.9,-10.8,-15.1,3.24165755445194,3.13724003193662,5.87159143171316,0.0200066738593663,2.1,"2003MM07",108.4,2166,757,25,42,13,45,38,11,19,10,8.15704367728649,8.07411033096637,8.33254893925264,6.89801802296109,0.4211,NA,NA,NA,2.13,4.036
"2003-08-15",5.9,-21.2,-4.3,-10.4,-17.1,3.25452589746428,3.13064747508117,5.95597470605498,0.0173180728764964,2.1,"2003MM08",108.6,2027,596,23,38,13,41,35,10,19,10,8.15610282181698,8.10513235584192,8.33353476484747,6.91573337890505,0.289,NA,NA,NA,2.1404,4.185
"2003-09-15",6,-20.1,-5.8,-10.4,-14,3.2421016323439,3.11887998569268,5.98967506815727,0.0094477074410587,2,"2003MM09",108.5,2471,869,22,35,14,40,31,12,20,9,8.08849426507712,8.05038126007947,8.31661805887912,6.90371710723362,0.3165,NA,NA,NA,2.1473,4.212
"2003-10-15",6.1,-21.1,-8.1,-9.3,-12.9,3.25263323515731,3.13364213816282,5.90873247432124,0.0120532550151782,2,"2003MM10",108.3,2401,805,10,12,9,21,3,9,13,5,8.2041221946053,8.12361711317422,8.3634824375938,6.95722136793674,0.2729,NA,NA,NA,2.1436,4.27
"2003-11-15",6.2,-22.9,-7.5,-8,-14.6,3.24065392091203,3.12846031327393,5.98512528598387,0.0125327704398014,2,"2003MM11",108.3,2184,786,4,1,5,10,-7,6,10,0,8.22843052226342,8.1387954463355,8.37622854854764,6.96432458432741,0.2129,NA,NA,NA,2.159,4.409
"2003-12-15",6.2,-23.3,-5.3,-6.9,-13.6,3.27438014201327,3.13917195467333,5.99360416550527,0.0130162471108044,1.7,"2003MM12",108.3,3377,731,1,-2,3,5,-10,4,9,-2,8.28530146415101,8.17692573460912,8.40668609979217,7.01384356929851,0.1504,NA,NA,NA,2.1463,4.326
"2004-01-15",6.4,-23.7,-12.4,-4.2,-12.5,3.29573878526597,3.17612611890761,6.01632302566718,0.00725510093573493,1.3,"2004MM01",108.4,1920,732,2,1,2,9,-6,1,9,-2,8.30859338968913,8.19931028112349,8.38724399114408,7.03097241635623,0.189,NA,NA,NA,2.0895,4.181
"2004-02-15",6.5,-19,-5.3,-3.6,-15.4,3.27935761888999,3.18136177568872,6.06153758788601,0.00876966622508851,1.2,"2004MM02",109.1,1957,768,1,-2,3,7,-11,0,9,0,8.29857934348785,8.22294022880626,8.41009788194283,7.04310746169233,0.1335,NA,NA,NA,2.0705,4.122
"2004-03-15",6.5,-17.6,-3.7,-4.6,-8.1,3.29521594080586,3.21761683495611,6.06629543763902,0.00736200501735211,1.1,"2004MM03",109.8,2506,902,-4,-12,2,-4,-20,0,8,-1,8.25756716181945,8.19567300803499,8.38610457171962,7.02661325751369,0.1967,NA,NA,NA,2.0288,3.934
"2004-04-15",6.6,-21.2,-7.1,-3.2,-9.7,3.29649328772039,3.1757439393446,6.00665892830249,0.0141474641845838,1.4,"2004MM04",110.3,2072,739,-5,-15,1,-8,-22,1,7,-4,8.29034527766572,8.20911248197778,8.40954120686165,7.00967994280063,0.1275,NA,NA,NA,2.0488,4.127
"2004-05-15",6.7,-15.5,-6.6,-2.4,-9.5,3.30099493506333,3.17936764293358,6.01089584240156,0.00919166694605725,1.5,"2004MM05",110.2,2092,744,-7,-18,0,-11,-26,0,6,-4,8.27420653954682,8.20784608664418,8.39631290818201,7.02169097083672,0.1994,NA,NA,NA,2.0859,4.371
"2004-06-15",6.9,-16.7,-6,-0.9,-9.4,3.31241070012546,3.2089997961443,5.99678726741632,0.0124602953196617,1.4,"2004MM06",110.7,2883,848,-12,-28,-1,-22,-35,-1,3,-6,8.30714600215383,8.22496479742157,8.40382292711984,7.03952008219883,0.1155,NA,NA,NA,2.1127,4.422
"2004-07-15",7,-17.3,-6.3,-0.3,-9.2,3.32344998436179,3.2075153974409,6.02652275365118,0.0072634567775927,1.1,"2004MM07",111.2,2725,745,-16,-35,-4,-33,-37,-2,0,-10,8.26760558454923,8.20168763710052,8.3923326914633,7.00462784735167,0.1198,NA,NA,NA,2.116,4.306
"2004-08-15",6.9,-15.9,-6.7,-0.1,-5.3,3.34027729779522,3.23424665083092,5.98286292768325,0.00895920528487278,1.1,"2004MM08",111.4,2945,752,-26,-51,-10,-50,-52,-7,-5,-18,8.23885663619566,8.18709898000106,8.4027470382245,7.00691258567157,0.124,NA,NA,NA,2.1143,4.146
"2004-09-15",6.8,-11.8,-1.9,-1,-6.4,3.36519925417685,3.24608129913465,5.9587066713806,0.0102994042739991,1,"2004MM09",111.1,2516,833,-28,-54,-11,-57,-50,-8,-5,-21,8.26690963497575,8.19990655839868,8.42744348054207,7.01623289188984,0.0616,NA,NA,NA,2.1186,4.09
"2004-10-15",6.7,-12.2,-0.9,-0.6,-7.6,3.38491781145094,3.24690578287609,5.95253357819806,0.00708268909128947,1.4,"2004MM10",111.7,2472,703,-25,-47,-10,-53,-41,-7,-1,-21,8.28406243356896,8.21792966353192,8.43905870424904,7.03014984399266,0.06,NA,NA,NA,2.1473,3.964
"2004-11-15",6.7,-6.8,0.8,-0.9,-9.5,3.36505837338341,3.26805042738878,5.97216517674933,0.00957938443462359,1.3,"2004MM11",111.4,3023,824,-25,-48,-10,-56,-41,-4,-2,-24,8.3250636936312,8.23051061929754,8.45599844861562,7.06801862089949,0.0381,NA,NA,NA,2.1703,3.845
"2004-12-15",6.8,-7.5,-5,-1.6,-10.6,3.38074418649805,3.25914659861058,5.99511944591263,0.00592085586780141,1.2,"2004MM12",111.2,4350,759,-26,-50,-11,-58,-41,-3,-3,-26,8.35610384616402,8.24830929739557,8.47934589407055,7.09996119411097,0.0319,NA,NA,NA,2.1732,3.632
"2005-01-15",6.8,-7,-5.9,-2,-13.8,3.39403259335916,3.2731607221023,6.03575439553996,0.00579684008101281,1.5,"2005MM01",112.4,2048,797,-26,-53,-8,-63,-43,-1,-3,-21,8.35581481077468,8.2722359268825,8.48720805807413,7.07434542641566,0.0181,NA,NA,NA,2.1454,3.558
"2005-02-15",7,-6,-3.5,-1.8,-11.3,3.38038614872828,3.2752557081115,6.06663594705845,0.0054544069845201,1.6,"2005MM02",112.4,1927,840,-27,-57,-7,-67,-47,0,-3,-19,8.37804381520411,8.30081667002082,8.51087326267142,7.09307232447169,0.03,NA,NA,NA,2.1383,3.547
"2005-03-15",7,-5,-5.8,-2.9,-9.9,3.36591556751752,3.27941989230084,6.09840823219706,0.00519517145238914,1.8,"2005MM03",112.5,2369,988,-28,-59,-6,-74,-45,0,-3,-17,8.37764833007729,8.31085268220593,8.49584695344399,7.07376956355,0.0261,NA,NA,NA,2.1372,3.689
"2005-04-15",7.2,-2.5,-2.6,-3.2,-10.8,3.40546758452824,3.28581186449139,6.07624480048491,0.00531916842608935,1.5,"2005MM04",112.8,2295,819,-30,-63,-7,-77,-50,1,-6,-16,8.33922371313514,8.27172988755747,8.47672534153614,7.05345605204978,0.0259,NA,NA,NA,2.1372,3.477
"2005-05-15",7.1,-0.7,0,-3.4,-7,3.41063742430918,3.30237728393766,6.01494307792448,0.00787094783636157,1.3,"2005MM05",112.7,2535,831,-26,-55,-7,-76,-34,-1,-6,-16,8.40304526441438,8.32378560626077,8.5099671463245,7.0829682965388,0.0338,NA,NA,NA,2.1256,3.304
"2005-06-15",7.1,-1.2,-5.9,-2.7,-11.8,3.41137942420482,3.29802057276483,6.06177450801813,0.00566226035177674,1.6,"2005MM06",112.7,3003,904,-22,-42,-8,-72,-12,-5,-3,-16,8.43082447006105,8.34980361910156,8.53958074849157,7.08282557217429,0.0521,NA,NA,NA,2.111,3.134
"2005-07-15",7.2,0.7,-4.6,-4.8,-11.1,3.47083870281026,3.34523229776187,6.11625433056021,0.00658696063210413,1.6,"2005MM07",112.8,2489,814,-19,-37,-7,-70,-4,-6,-2,-14,8.49423157977889,8.40105036253498,8.57211685093724,7.11816210444616,0.0247,NA,NA,NA,2.1194,3.269
"2005-08-15",7,0.5,-5.8,-4.6,-8.6,3.42091617180081,3.2874292807708,6.14842382663328,0.00642436616115569,1.8,"2005MM08",112.9,2436,798,-19,-36,-7,-70,-3,-7,-1,-13,8.48253755017613,8.38921432364047,8.5748770043193,7.10687655694326,0.036,NA,NA,NA,2.1325,3.283
"2005-09-15",7,6.3,-5.5,-3.7,-12.6,3.44125403025123,3.32552429470018,6.12811020026284,0.0064021972487963,1.8,"2005MM09",113.3,2536,828,-14,-28,-5,-66,11,-8,1,-9,8.52597851063949,8.43381593464163,8.60844061946673,7.11380154806445,0.0413,NA,NA,NA,2.1391,3.116
"2005-10-15",6.9,6.4,-2.7,-2.4,-12.6,3.48382177678683,3.3773449426126,6.15287911104046,0.00584734071912463,1.6,"2005MM10",114,3124,789,-12,-22,-5,-65,20,-9,1,-8,8.50290557256162,8.39760983002056,8.57872089797592,7.09590151415811,0.0404,NA,NA,NA,2.1966,3.279
"2005-11-15",6.9,4,0.7,0.1,-9.6,3.49304182410152,3.39234633651737,6.13154113203657,0.00917424611849904,1.8,"2005MM11",113.7,3266,930,-14,-28,-5,-66,9,-10,1,-7,8.55514384877461,8.42670161777955,8.59844136213101,7.13048272811284,0.0311,NA,NA,NA,2.3609,3.478
"2005-12-15",6.9,5.5,1.2,-0.7,-8.3,3.49203323351947,3.38591339960136,6.19472541174157,0.00406057273129156,2,"2005MM12",113.8,3168,744,-11,-21,-5,-61,20,-10,3,-7,8.59568265022307,8.45855297012406,8.63387336219622,7.12952992502291,0.029,NA,NA,NA,2.4729,3.353
"2006-01-15",6.8,3.3,10.3,-0.3,-7.5,3.50789018710687,3.39997085345886,6.24218388713805,0.00594386510183535,1.3,"2006MM01",115.2,2205,832,-7,-10,-4,-50,30,-11,5,-6,8.64367603412451,8.50673675978367,8.65874480176033,7.15467782063049,0.0384,NA,NA,NA,2.5117,3.327
"2006-02-15",6.8,2.8,11,1.8,-5.8,3.50882008383653,3.40660563949939,6.27664881676982,0.00800497160987368,1.1,"2006MM02",115.5,2335,826,-4,-6,-3,-46,34,-10,8,-7,8.66493021145674,8.51728322636297,8.6641466043724,7.15513087571389,0.0455,NA,NA,NA,2.6004,3.476
"2006-03-15",6.5,7.1,9.7,1.4,-6.7,3.52921525015472,3.44255206553266,6.29084129149388,0.00694531406324426,1,"2006MM03",115.8,3158,907,-6,-9,-4,-46,28,-10,8,-10,8.69451561969702,8.5604155216404,8.6935972908188,7.16616557922334,0.0432,NA,NA,NA,2.7226,3.656
"2006-04-15",6.5,4.1,11.2,2.5,-3.8,3.53340379438482,3.44304671791296,6.30449232894052,0.00568554889573053,1.2,"2006MM04",116.6,2534,776,-6,-8,-4,-42,25,-10,8,-11,8.70116174732889,8.55418062457823,8.70335737214126,7.17824794549257,0.03,NA,NA,NA,2.7938,3.921
"2006-05-15",6.3,6.8,15.1,4.5,-2.6,3.55151934212562,3.43286336569846,6.30146455074363,0.0071311571489076,1.2,"2006MM05",116.8,2459,835,-7,-7,-6,-32,18,-11,6,-14,8.64696801297975,8.5031308132249,8.65238816534205,7.14684301617225,0.0421,NA,NA,NA,2.889,3.964
"2006-06-15",6.2,14,19.2,2.6,-3.3,3.56871701428906,3.45260368709291,6.23678633423522,0.0145296702206611,1.3,"2006MM06",116.9,3131,715,-9,-9,-9,-27,9,-13,3,-19,8.64528909884455,8.51036190340975,8.67135528300874,7.14692960892758,0.0508,NA,NA,NA,2.9857,3.973
"2006-07-15",6.2,15.2,19.6,5.2,1.2,3.58343502390689,3.47756369690168,6.24002783504196,0.0136763674309758,1.3,"2006MM07",118.8,2575,729,-13,-18,-10,-34,-2,-11,1,-20,8.64505332040814,8.51907540334349,8.68749274003708,7.15200259833357,0.0317,NA,NA,NA,3.1022,3.994
"2006-08-15",6,10.6,19.8,6.5,0.2,3.56618048095572,3.4742709080086,6.27278010774808,0.0105005968284373,1.4,"2006MM08",119.1,2671,733,-11,-14,-9,-28,1,-9,1,-19,8.67583147100278,8.5496681335082,8.68374101062896,7.17305365495377,0.023,NA,NA,NA,3.2265,3.903
"2006-09-15",6,12.9,19.3,6.3,1.2,3.58803909957929,3.47383948387645,6.2999364933676,0.00662834283764378,1.1,"2006MM09",119.3,3398,736,-7,-7,-7,-21,6,-9,2,-15,8.70023616759131,8.56598521577441,8.69295994647336,7.19732305406808,0.0204,NA,NA,NA,3.3354,3.778
"2006-10-15",5.9,13.2,21.1,7.2,2.9,3.55893638698381,3.47613839565128,6.32678778112706,0.00728429601399087,0.9,"2006MM10",120.1,2320,712,-8,-7,-9,-22,7,-11,0,-17,8.74335935754427,8.58461442479343,8.72081954656992,7.22834486673864,0.0179,NA,NA,NA,3.502,3.82
"2006-11-15",5.9,14.8,22.3,7.6,3,3.59114936273252,3.48008374400831,6.33541685499511,0.00455530696240898,1,"2006MM11",119.9,2889,711,-7,-3,-9,-18,12,-11,1,-16,8.74976257027362,8.58066366808482,8.70763170016768,7.24467741786987,0.0248,NA,NA,NA,3.5972,3.749
"2006-12-15",5.9,18.2,21.8,6.7,1.4,3.58620122989277,3.47795349722946,6.31858089205718,0.00621740692022414,1.1,"2006MM12",119.8,3830,667,-3,4,-7,-10,17,-10,1,-12,8.79435814060137,8.62006737659453,8.73565376342938,7.25721428472778,0.02,NA,NA,NA,3.6842,3.819
"2007-01-15",5.9,19.1,21.7,7.1,3.6,3.5950636928241,3.5006382773101,6.35851213187244,0.00646581706716968,1.4,"2007MM01",122.8,2311,799,-7,-4,-9,-17,9,-12,-2,-12,8.82307511667182,8.63200471588078,8.73280446181797,7.27117541603511,0.0232,NA,NA,NA,3.7519,4.052
"2007-02-15",5.8,18.7,17.4,5.4,5.3,3.60447474965358,3.49006727057906,6.36633080441385,0.00671258530365119,1.5,"2007MM02",123,2037,661,-4,4,-9,-12,20,-13,-1,-14,8.8121646229691,8.61546621837811,8.72769719918398,7.24908707898173,0.0341,NA,NA,NA,3.8182,4.074
"2007-03-15",5.7,15.8,17.7,7.2,3.3,3.64431496279121,3.52738849932257,6.34240623518988,0.00816051750499151,1.8,"2007MM03",123.5,3020,692,0,12,-7,-5,28,-12,2,-12,8.84174173464885,8.63660337472735,8.74957394808293,7.25901759076643,0.0918,NA,NA,NA,3.8909,3.978
"2007-04-15",5.7,19.4,17.7,6.8,2.8,3.62665594444177,3.51558444697093,6.37212716117819,0.0119513630756714,1.8,"2007MM04",124.7,2538,649,1,12,-7,-2,26,-12,3,-12,8.91043322582704,8.69283247798985,8.77171140137435,7.30139743401967,0.0522,NA,NA,NA,3.9753,4.194
"2007-05-15",5.5,18.9,16,5.9,4,3.62015043118565,3.52522813754626,6.40633681302898,0.00681199172088737,1.8,"2007MM05",124.8,2459,729,-2,9,-9,-3,21,-14,3,-16,8.97246890020469,8.71669957296429,8.79807720936702,7.33342815787156,0.0314,NA,NA,NA,4.0714,4.328
"2007-06-15",5.3,18.2,19.2,6.2,3.9,3.62688451181463,3.513774400518,6.42353938771353,0.00599114282946804,1.7,"2007MM06",124.9,3254,622,-4,3,-9,-7,14,-15,2,-15,8.98811138032476,8.70862812429395,8.79602116713568,7.31545121400189,0.0628,NA,NA,NA,4.1478,4.614
"2007-07-15",5.3,23.6,19.2,5.4,5.8,3.60598080653714,3.51341702161296,6.44202006315068,0.00734845231004889,1.5,"2007MM07",125.2,3197,671,-6,-4,-8,-12,3,-13,2,-13,8.9338145217441,8.65714295580391,8.75779939483551,7.28294674282152,0.0489,NA,NA,NA,4.2162,4.564
"2007-08-15",5.2,23.7,19.3,5.9,4.2,3.60894672708938,3.5170544961831,6.42044410109021,0.00949281488422064,1.1,"2007MM08",125,3039,635,-8,-8,-8,-14,-1,-12,2,-13,8.94091331446128,8.64165612369172,8.74882855377736,7.29572828184045,0.0674,NA,NA,NA,4.5436,4.383
"2007-09-15",5.3,20.3,18.4,5.4,5.3,3.64380974767303,3.52389584563943,6.39740802799246,0.0170864355479042,1.3,"2007MM09",124.6,3665,648,-16,-26,-9,-31,-21,-13,-2,-13,8.96973394916612,8.65097029352671,8.77443664452511,7.33089657210324,0.0852,NA,NA,NA,4.7417,4.343
"2007-10-15",5.2,16.4,19.2,3.8,-2.2,3.64963136223546,3.53613791940074,6.42588565939951,0.0114863203523723,1.6,"2007MM10",125.1,2841,745,-27,-48,-13,-53,-43,-16,-7,-17,8.98959646608354,8.67384648480648,8.81308151494384,7.34561013304342,0.0493,NA,NA,NA,4.6874,4.376
"2007-11-15",5.2,15.8,19.5,5.3,-0.7,3.65685510917658,3.5467079160002,6.43804830777173,0.0074582475803425,1.9,"2007MM11",125,3116,624,-34,-61,-16,-66,-57,-18,-12,-18,8.97087941546739,8.64304488973217,8.7691185441559,7.30056735041251,0.0556,NA,NA,NA,4.6385,4.209
"2007-12-15",5.1,17.8,19.7,5.9,-1.5,3.65959889835062,3.54688345627206,6.36021870398187,0.0111963345891047,1.9,"2007MM12",125.1,3313,477,-35,-64,-15,-68,-61,-16,-12,-17,8.99557659011614,8.633033020803,8.77290459031392,7.29190140074168,0.0444,NA,NA,NA,4.8484,4.338
"2008-01-15",5.1,21.8,19.2,4.9,-3.4,3.67322926846062,3.54869091157151,6.38045025602608,0.0092596452129359,2,"2008MM01",127.9,2479,710,-36,-65,-17,-71,-60,-18,-15,-19,8.83225937308078,8.49080610200555,8.67927799349121,7.22878753653537,0.1241,NA,NA,NA,4.4815,4.131
"2008-02-15",5,19.5,15.8,5.1,-4.8,3.70657463324432,3.5852077273889,6.22183967585056,0.0238772867438023,2.2,"2008MM02",128.2,2193,515,-37,-66,-18,-73,-59,-17,-16,-19,8.81702069110955,8.47442350053293,8.68004303295346,7.19340779694292,0.0894,NA,NA,NA,4.3621,4.046
"2008-03-15",5,20,16.3,5,-8.1,3.69303603982712,3.56988237078025,6.22684307862048,0.0174063849551236,2.2,"2008MM03",128.3,2856,461,-36,-61,-19,-72,-50,-19,-16,-22,8.78492306828206,8.45682087536803,8.64858982415127,7.18743034411651,0.1762,NA,NA,NA,4.5964,3.974
"2008-04-15",4.7,18.5,15.8,3.9,-6.6,3.72907680990436,3.6356443006434,6.20780535109944,0.0162182113041782,2,"2008MM04",130.2,2856,590,-36,-60,-20,-71,-49,-21,-17,-23,8.84632711464317,8.51650095967912,8.71395988055644,7.23388129602409,0.1442,NA,NA,NA,4.7835,4.21
"2008-05-15",4.7,13.6,12.3,2.5,-11.2,3.72966789558886,3.614062338472,6.2763188721726,0.0114490736793811,2.3,"2008MM05",130.7,2775,415,-32,-51,-19,-67,-36,-21,-14,-22,8.86739785361504,8.52004507791931,8.70839189614779,7.24449891083149,0.1051,NA,NA,NA,4.8574,4.362
"2008-06-15",4.8,16.8,15.6,2.1,-11,3.69112745862604,3.59010723267932,6.29347406696785,0.00912382262230091,2.6,"2008MM06",131.4,2762,554,-34,-54,-21,-70,-38,-21,-18,-23,8.76691165277474,8.39724909439793,8.63513619691565,7.15461535691366,0.1599,NA,NA,NA,4.9405,4.734
"2008-07-15",4.8,14.8,11.7,2.8,-11.6,3.6999065550048,3.58944396860453,6.16431311872759,0.0114235273495409,3.2,"2008MM07",133.4,2954,585,-37,-59,-22,-74,-44,-22,-21,-24,8.77640789491192,8.38762191585283,8.59635549361774,7.14470706027989,0.1271,NA,NA,NA,4.961,4.687
"2008-08-15",4.8,25.6,6.7,1.9,-19.3,3.72162254586525,3.63584864182604,6.09981601563091,0.0168981831064836,3.2,"2008MM08",133.3,3172,513,-33,-50,-21,-67,-32,-22,-17,-25,8.7675315576146,8.40795853607212,8.63703634315884,7.15682381963138,0.0931,NA,NA,NA,4.9652,4.398
"2008-09-15",4.7,14.3,9.2,1.5,-14.5,3.71145699055263,3.62628887449982,6.12964359410052,0.0132141685358279,3.1,"2008MM09",132.7,3349,591,-31,-47,-21,-65,-28,-22,-16,-26,8.67094722458961,8.3020426353359,8.4975005580705,7.06164305455444,0.1239,NA,NA,NA,5.0192,4.353
"2008-10-15",4.7,12.6,9.4,-2,-11.4,3.73410191731204,3.63385710925044,5.90573120272616,0.0336149181149187,2.8,"2008MM10",131.7,2919,561,-28,-40,-20,-60,-21,-21,-16,-24,8.5147843354509,8.15681714053743,8.38418733031869,6.87600658066756,0.3179,NA,NA,NA,5.1131,4.228
"2008-11-15",4.8,7.5,9.8,-7.8,-14.3,3.74942947216468,3.65416719647047,5.69441263477261,0.0537154785999855,2.3,"2008MM11",130.9,3253,684,-29,-39,-23,-59,-18,-22,-17,-29,8.4487944164904,8.09030420168104,8.36357570275064,6.79820822335425,0.2197,NA,NA,NA,4.2383,3.963
"2008-12-15",4.7,-1.1,2.3,-11.4,-14.3,3.7346612154719,3.64553260613472,5.63986283435432,0.0400241098487739,1.9,"2008MM12",130.2,3167,668,-33,-47,-24,-64,-31,-21,-23,-28,8.47849398281581,8.07650599593638,8.39710253920495,6.80599937002775,0.2435,NA,NA,NA,3.2926,3.647
"2009-01-15",4.7,-7.5,-5.1,-20.8,-15.1,3.70083172168247,3.58658899002825,5.62061069499984,0.0289464777794901,1.9,"2009MM01",130.8,2050,790,-38,-57,-25,-71,-44,-21,-25,-28,8.3752493930635,7.99763620063203,8.33076724657109,6.71644949042893,0.1952,NA,NA,NA,2.4565,3.763
"2009-02-15",4.8,-11.5,-11,-21.9,-15.1,3.62095358139422,3.54930929744746,5.62878993809275,0.0256906643737346,2,"2009MM02",130.5,1955,766,-37,-58,-23,-73,-43,-20,-23,-26,8.25420112732379,7.90192514153033,8.25064621699146,6.59999297722974,0.1841,NA,NA,NA,1.9431,3.797
"2009-03-15",4.8,-16.6,-11.3,-25.4,-15.2,3.54598149619965,3.46273584082943,5.49867976243153,0.0203868907740853,2,"2009MM03",130.3,2330,1040,-41,-61,-27,-77,-46,-28,-26,-28,8.3150182564863,7.93999272613018,8.27540187060315,6.681945670791,0.2593,NA,NA,NA,1.6355,3.658
"2009-04-15",4.9,-22.9,-16.1,-25.2,-18.3,3.50025279541736,3.38521726460306,5.47576557454022,0.0289066230107576,1.8,"2009MM04",129,2403,949,-41,-60,-29,-78,-42,-32,-27,-27,8.46998631413636,8.058279868114,8.3531908552293,6.7717178890346,0.1954,NA,NA,NA,1.4223,3.771
"2009-05-15",5,-25.9,-13.9,-24.8,-15.1,3.49150238373949,3.38819868125107,5.57756196649404,0.0181928719886119,1.6,"2009MM05",129,2126,758,-37,-53,-26,-75,-30,-31,-23,-24,8.50528655268805,8.09488195128151,8.39341972694289,6.82343846618977,0.2013,NA,NA,NA,1.2817,3.853
"2009-06-15",5.2,-26.8,-15.7,-23.5,-10,3.43897059467744,3.34535766156199,5.65100829620503,0.016623978091682,1.4,"2009MM06",128.9,2237,1023,-32,-42,-25,-70,-15,-34,-18,-24,8.47816960732774,8.05211817768673,8.35448605487039,6.82363427428373,0.1672,NA,NA,NA,1.2279,3.956
"2009-07-15",5.2,-33.6,-16.9,-23.7,-11.6,3.42158487878765,3.32031564982608,5.63608603423731,0.0166232788360418,0.2,"2009MM07",128,2683,921,-33,-42,-27,-69,-15,-37,-16,-26,8.58150796321129,8.13922749072287,8.43563598297298,6.89515622362674,0.1925,NA,NA,NA,0.975,3.764
"2009-08-15",5.3,-38.2,-13.7,-22.9,-10,3.43972036606293,3.32860978379644,5.75263090940775,0.01572163119365,0.3,"2009MM08",128.4,1852,775,-35,-46,-27,-71,-22,-37,-17,-27,8.60604800977326,8.20345185025156,8.49880514320925,6.9281655599696,0.1251,NA,NA,NA,0.8605,3.609
"2009-09-15",5.5,-29.7,-9.3,-19,-7.2,3.46958443156705,3.33689511953306,5.79507736944472,0.0116140320981201,0.4,"2009MM09",128.4,2598,907,-32,-39,-27,-65,-13,-38,-16,-28,8.64385406327298,8.24154769769891,8.54362086422967,6.96326562733734,0.1143,NA,NA,NA,0.7721,3.58
"2009-10-15",5.6,-30.6,-11.9,-17.8,-4.9,3.50191368878689,3.36949916193121,5.83941292806756,0.0100446479183507,0.7,"2009MM10",126.5,2291,835,-31,-37,-26,-65,-10,-37,-16,-26,8.59692076531726,8.19082294095983,8.52607366258075,6.94330574714022,0.1325,NA,NA,NA,0.7375,3.533
"2009-11-15",5.7,-29.9,-14.7,-16.6,-6.6,3.50662889546519,3.39701736846098,5.80923118929098,0.0157608049093007,1,"2009MM11",126.5,2137,871,-26,-29,-23,-60,1,-35,-15,-20,8.6351451363622,8.21070876457249,8.55462387945169,6.99908482372696,0.0938,NA,NA,NA,0.7162,3.52
"2009-12-15",5.8,-30.5,-4.5,-12.5,-2.9,3.52261456859503,3.383233715717,5.82186385491098,0.0144618902744717,1.1,"2009MM12",126.9,3068,836,-16,-11,-20,-44,22,-32,-9,-20,8.69239448855172,8.27800411593647,8.59654025454097,7.01669934407726,0.1272,NA,NA,NA,0.712,3.438
"2010-01-15",5.9,-30.4,0.6,-10.2,-1.9,3.5427377777626,3.40201659764852,5.91958714318103,0.00995140167796527,0.8,"2010MM01",126.8,1559,789,-11,0,-18,-33,33,-31,-4,-20,8.63209029593197,8.22669648452801,8.55419991704533,6.97902422036506,0.088,NA,NA,NA,0.6797,3.467
"2010-02-15",6.1,-27.1,-1.4,-9.9,0.1,3.54851060649658,3.42672678849169,5.89751379821673,0.00931562550636442,0.8,"2010MM02",127,1527,811,-6,8,-15,-24,40,-27,0,-18,8.6302468319376,8.21846366635725,8.58569260784093,7.00713896010691,0.1149,NA,NA,NA,0.6617,3.356
"2010-03-15",6.2,-27.2,2.5,-8.3,-1.5,3.52678489386294,3.44194477304443,5.85895652682049,0.0117975071469491,1,"2010MM03",127.9,2023,996,-2,12,-11,-15,39,-21,3,-15,8.72478439834741,8.28753094198126,8.64463610389442,7.0642717755233,0.1512,NA,NA,NA,0.645,3.368
"2010-04-15",6.2,-27.3,-1.3,-7,-1.1,3.59386684246935,3.49435492567866,5.927165726999,0.00865424819985045,1.1,"2010MM04",128.6,1811,778,1,18,-10,-8,44,-19,6,-16,8.72187948184688,8.2472174302634,8.62214758946322,7.07892314853022,0.1851,NA,NA,NA,0.6447,3.321
"2010-05-15",6.2,-26.5,3.6,-5.2,-6.9,3.59893472000368,3.46188297208821,5.92869104718932,0.0118219491240017,1,"2010MM05",128.8,1878,603,4,23,-9,0,46,-19,7,-16,8.69355201942357,8.16267593485211,8.55418062464448,6.99339157564673,0.5488,NA,NA,NA,0.6865,3.018
"2010-06-15",6.1,-29,-6.9,-3.3,-6.1,3.61727377605758,3.49402132210865,5.85345302752004,0.0253500910938437,0.8,"2010MM06",128.5,2279,990,6,25,-8,6,45,-17,9,-15,8.69375150927368,8.14406648286782,8.50043350973955,6.93800312624122,0.4811,NA,NA,NA,0.7276,2.899
"2010-07-15",6.1,-28.5,-1.4,-3.8,-6.3,3.64154226839507,3.55301196022321,5.84604113940666,0.0137658951446471,1.6,"2010MM07",128.4,2710,735,6,25,-7,8,42,-17,9,-14,8.72387725998182,8.20060119676538,8.56750600528983,7.00451892525208,0.2658,NA,NA,NA,0.8488,2.853
"2010-08-15",6.2,-33.9,-1.2,-4.5,-4.9,3.68257977442064,3.58387801734719,5.89161154843472,0.014255425633283,1.5,"2010MM08",128.6,2037,800,5,25,-7,8,41,-16,7,-14,8.68697313240126,8.15788336178445,8.56124839099136,6.95590710236466,0.2172,NA,NA,NA,0.8955,2.558
"2010-09-15",6.2,-33.6,-2,-4.7,-4.6,3.66784648510486,3.59249719328584,5.84627826719534,0.0120467074972281,1.6,"2010MM09",128.8,2076,706,2,18,-9,8,29,-16,4,-14,8.73697429924802,8.22018238989553,8.62130094026744,7.03983557655269,0.2818,NA,NA,NA,0.8805,2.524
"2010-10-15",6.1,-28.7,-1.2,-4,-5.7,3.69703257317161,3.5910115392651,5.89514625476619,0.00943511905082835,1.6,"2010MM10",128.7,1828,766,-2,9,-9,1,17,-16,1,-13,8.79503249995482,8.25153350299895,8.64386111843444,7.07602862830318,0.1486,NA,NA,NA,0.9977,2.577
"2010-11-15",6,-25.2,7.4,-1.6,-4.3,3.71790321995175,3.57551622514078,5.90273475300907,0.00705175743497191,1.6,"2010MM11",128.8,3128,870,1,13,-8,5,21,-15,1,-10,8.80814345261646,8.19158491121473,8.61763559782052,7.07373575192346,0.1381,NA,NA,NA,1.042,2.785
"2010-12-15",6,-25.1,5.4,-1.8,-4.5,3.6977132164559,3.5561764604155,5.87437744940881,0.0104792290157003,1.9,"2010MM12",129.5,2285,647,-2,7,-8,-2,15,-15,0,-10,8.84133109204521,8.24401345758656,8.68269066404544,7.13699223943246,0.0928,NA,NA,NA,1.0217,3.155
"2011-01-15",5.9,-27.5,14.9,1,-8.4,3.70828986892491,3.60131139634858,5.95624583485927,0.00687165907929623,2,"2011MM01",130.6,1657,726,-4,4,-9,-6,15,-17,-1,-8,8.86467318829961,8.29542369565517,8.67639962404749,7.15938520924487,0.05,NA,NA,NA,1.0172,3.228
"2011-02-15",5.9,-18.4,6.4,2.5,-4.1,3.70837945860582,3.59485593805229,5.97461492565237,0.008125602567353,1.9,"2011MM02",130.3,1691,784,-2,6,-8,-8,19,-16,0,-7,8.89183061508823,8.32126348585763,8.69851424787661,7.1908417860077,0.0688,NA,NA,NA,1.0867,3.408
"2011-03-15",5.8,-17.7,11.2,2.2,-2.8,3.71454115035896,3.59600450102979,5.99008387360739,0.00687278713973708,2,"2011MM03",130.2,2112,884,-1,6,-6,-6,18,-15,0,-5,8.85954951976601,8.29134095793249,8.68419801104379,7.18979392425311,0.1297,NA,NA,NA,1.1755,3.423
"2011-04-15",5.9,-13.3,15.4,4.7,-3.4,3.74583145158438,3.6308959391908,5.96923119139475,0.00972895238090227,2.1,"2011MM04",131.1,1815,696,7,22,-4,9,35,-12,3,-2,8.92458443812787,8.32042861583611,8.71109739336465,7.21789086302336,0.0831,NA,NA,NA,1.3212,3.647
"2011-05-15",5.7,-15.5,8,4.9,-3.4,3.75490649190129,3.63618695029353,5.94823837709044,0.00810324224582664,2.3,"2011MM05",131.1,1566,893,10,30,-4,17,43,-12,3,-2,8.89476486169077,8.29578312200373,8.6978466911095,7.20429794356807,0.0756,NA,NA,NA,1.4251,3.403
"2011-06-15",5.8,-17.7,9.9,1.8,-5.9,3.74830246305524,3.65030800585412,5.91788817881559,0.00832248350682398,2.3,"2011MM06",131.2,1794,674,11,31,-3,21,42,-11,3,-1,8.90601933439152,8.28959221075795,8.69042358104778,7.18587175765614,0.1073,NA,NA,NA,1.4886,3.283
"2011-07-15",5.8,-15,7.5,-0.4,-7.7,3.78150840417871,3.63263058819566,5.89437604233758,0.00934272046939847,2.6,"2011MM07",131.6,1871,703,14,38,-1,29,47,-10,5,1,8.87609346028177,8.20870143019205,8.66823049175697,7.16416340179948,0.0711,NA,NA,NA,1.5976,3.172
"2011-08-15",5.7,-17.2,3.4,-3.6,-4.7,3.74381136689137,3.63627833119315,5.85802429695439,0.0101482302090823,2.6,"2011MM08",131.5,1368,799,13,34,0,27,41,-9,5,2,8.66299772710536,8.08848811818929,8.5931351949914,7.10569589952752,0.091,NA,NA,NA,1.5521,2.677
"2011-09-15",6,-16.4,-1.4,-6,-12.6,3.74351012506063,3.65137555217191,5.73978983977758,0.0224646407906554,2.7,"2011MM09",131.6,2155,793,13,34,-1,26,41,-10,6,1,8.61287058015474,8.00033606833984,8.54256849774747,7.03122879880773,0.1278,NA,NA,NA,1.5365,2.336
"2011-10-15",6,-19.2,1.2,-5,-17,3.77422903175446,3.64402122965165,5.69168519531877,0.0236384787578289,2.6,"2011MM10",131.3,2408,799,11,28,0,23,33,-10,6,2,8.7227982129708,8.0842047951933,8.62050765048338,7.13353539057712,0.1105,NA,NA,NA,1.5759,2.464
"2011-11-15",6.2,-22.7,-8.3,-5.8,-21.1,3.76623412552133,3.66427190532246,5.78430497220724,0.0173113434564185,2.6,"2011MM11",131.3,2292,1022,12,28,1,27,28,-9,6,7,8.71421284074993,8.05662336106975,8.61348468999589,7.12846383685461,0.1949,NA,NA,NA,1.4847,2.446
"2011-12-15",6.4,-14.1,-5.9,-6.6,-19.1,3.74669617232842,3.63937179998557,5.76161634661594,0.0207647929408749,2.4,"2011MM12",131.5,1988,758,14,31,3,31,31,-7,8,10,8.68242794637924,8.05826719686301,8.62556313903146,7.13696040226172,0.1901,NA,NA,NA,1.4261,2.376
"2012-01-15",6.6,-23.5,-7.8,-3.9,-22.4,3.72956270579636,3.62000459104159,5.80595842688438,0.0127796971384697,2.5,"2012MM01",132.8,1173,1021,13,27,4,28,27,-8,7,11,8.77321587604256,8.10123827180839,8.64498817937698,7.17962044672953,0.1691,NA,NA,NA,1.2222,2.197
"2012-02-15",6.5,-27.3,-2.5,-5.1,-23.9,3.73275321491714,3.61202670155648,5.82551007140904,0.00915175852295539,2.5,"2012MM02",132.9,1354,944,11,23,3,23,22,-9,7,11,8.83289114019774,8.14683938872653,8.67786541680514,7.21940779140158,0.1096,NA,NA,NA,1.0483,2.236
"2012-03-15",6.6,-29.5,-4.8,-4.2,-21,3.76625689797953,3.63428705242547,5.83597100899261,0.00846232092041089,2.5,"2012MM03",133,1475,915,6,16,0,17,15,-10,4,6,8.84604073062693,8.13850926230003,8.66016736036734,7.25025926703457,0.116,NA,NA,NA,0.8585,2.249
"2012-04-15",6.5,-32.5,-1.8,-5.1,-22.7,3.78893466711929,3.66168297801115,5.8223463164379,0.0103626722914455,2.4,"2012MM04",132.9,1271,864,2,5,0,8,3,-7,1,7,8.81895418032126,8.07489812530885,8.65483110654394,7.24273356748958,0.0951,NA,NA,NA,0.7443,2.291
"2012-05-15",6.5,-32.9,-3.2,-6.3,-17.9,3.80351074894599,3.69174230051344,5.77012606215581,0.0146935740908129,2.1,"2012MM05",133,1439,1022,6,12,1,15,9,-6,1,9,8.74263488126601,8.01202155701899,8.57939772260656,7.17803425933096,0.1571,NA,NA,NA,0.6849,1.961
"2012-06-15",6.8,-39.4,-1.8,-8,-22.6,3.77355266958069,3.6748829185438,5.71070076299932,0.0118443011561295,2.1,"2012MM06",133,1847,891,7,15,2,18,12,-5,0,10,8.76659375598336,8.06985863477435,8.6253657846314,7.21682697920466,0.1457,NA,NA,NA,0.6589,1.926
"2012-07-15",6.7,-40.7,-7.6,-8,-24.7,3.80656312374856,3.68964343380949,5.77316823280738,0.012662399331159,2.3,"2012MM07",132.9,1648,1087,11,23,3,23,23,-3,2,9,8.82059010134782,8.09914724904847,8.63680562908477,7.22934586414494,0.0953,NA,NA,NA,0.497,1.747
"2012-08-15",6.7,-42.3,-3.3,-8.3,-17.3,3.80063466282569,3.68979801575793,5.82707888919727,0.0105187226901249,2.3,"2012MM08",133,1349,822,9,20,2,22,18,-3,1,7,8.84948384582466,8.13536747843521,8.650236965174,7.24891647384681,0.0807,NA,NA,NA,0.3324,1.757
"2012-09-15",6.8,-34.1,-9.4,-7.6,-19.2,3.78672145521223,3.68305000236832,5.83440265707326,0.00905428685525719,2.3,"2012MM09",132.9,1634,890,9,20,1,21,19,-5,-1,9,8.88407683508545,8.11815341696908,8.65558029307108,7.27286359264307,0.1009,NA,NA,NA,0.2463,1.844
"2012-10-15",6.8,-45,-6.3,-8.7,-16.6,3.77933473811705,3.67748684146849,5.81155942322566,0.00958168840674239,2.9,"2012MM10",132.8,1468,1092,12,26,3,27,25,-4,1,11,8.89022186479915,8.1401026953527,8.66262601439908,7.25287575028502,0.0639,NA,NA,NA,0.2079,1.767
"2012-11-15",6.9,-43.1,-8.9,-9.7,-15.7,3.78274926606854,3.69492943000034,5.82886701385472,0.00848046536134179,2.8,"2012MM11",132.8,1525,967,17,32,7,33,32,-1,5,16,8.90997824636703,8.17675149502345,8.67706458608145,7.25571842274547,0.0534,NA,NA,NA,0.192,1.65
"2012-12-15",7,-46.2,-2.9,-9.6,-24,3.77371833405097,3.6549431409887,5.8503405980479,0.00926825511450134,2.9,"2012MM12",132.7,1359,833,20,39,8,40,38,1,7,17,8.93753247999283,8.20003289215396,8.68233464588418,7.26276179084619,0.0518,NA,NA,NA,0.1855,1.562
"2013-01-15",7.2,-47.7,-10.9,-9.5,-22.7,3.78975258068446,3.66014809236612,5.86982110874195,0.00375709512051088,3,"2013MM01",132.3,1133,1104,21,39,8,41,38,0,7,18,8.95880375108375,8.22486034700419,8.74463149145528,7.31195958284493,0.1023,NA,NA,NA,0.2049,1.738
"2013-02-15",7.4,-46.1,-8,-10.1,-19.8,3.79155368354224,3.67118328661903,5.90301494987918,0.00608113972560011,3,"2013MM02",132.5,1035,1063,21,41,7,43,40,-1,7,15,8.95437660589799,8.22228507387272,8.75790940388162,7.32295950997129,0.0869,NA,NA,NA,0.2234,1.827
"2013-03-15",7.5,-42.9,-11.9,-7.1,-27.2,3.78624978251765,3.66590940367132,5.85541086314154,0.00915993729991859,2.9,"2013MM03",132.4,1355,1103,22,43,8,46,41,0,8,16,8.96127755735251,8.22454411633849,8.76587975582291,7.35831480430099,0.0371,NA,NA,NA,0.2061,1.669
"2013-04-15",7.7,-45.3,-11.4,-8.4,-23.4,3.80646500063732,3.66923645449816,5.86679157952825,0.00720444479733541,2.6,"2013MM04",132.2,1313,1039,24,47,8,49,45,-1,9,17,8.97635197242364,8.25758013889205,8.76874538439763,7.37623897013764,0.0679,NA,NA,NA,0.2089,1.663
"2013-05-15",7.9,-43.4,-9.8,-9.3,-19,3.7792892090479,3.66138792102091,5.87528595486891,0.0109914583699398,2.8,"2013MM05",132.1,1414,1185,26,50,10,51,49,0,11,18,9.02987786735341,8.28111385443018,8.79226105282945,7.39678917252116,0.0445,NA,NA,NA,0.2012,1.691
"2013-06-15",8,-39.8,-4.4,-8.3,-17,3.7590439524966,3.6088266023435,5.90863568047847,0.00782695743765041,2.9,"2013MM06",131.9,1419,1047,23,45,8,47,43,-1,9,16,8.98208631110005,8.22654938054403,8.73480145123177,7.38167624375088,0.0962,NA,NA,NA,0.2103,2
"2013-07-15",8.1,-42.4,-2.6,-7.8,-18.6,3.72931219684419,3.59854572295115,5.85929802525044,0.0109662902069162,3.1,"2013MM07",131.7,1546,1155,23,44,10,47,40,1,10,18,9.02111138093221,8.29222045340964,8.79801681301873,7.42995397180266,0.0613,NA,NA,NA,0.2214,2.032
"2013-08-15",8.3,-44,-6.8,-7.1,-21.2,3.75904399681435,3.62101863706479,5.92152569125382,0.00724988521156781,2.8,"2013MM08",131.8,1094,878,25,46,11,50,41,3,11,19,9.00000814185767,8.27735608203235,8.76606685047313,7.39815570376472,0.0459,NA,NA,NA,0.2259,2.196
"2013-09-15",8.5,-38.2,-0.8,-4.8,-18.2,3.74522556361901,3.62886823368292,5.90395732965863,0.00848875590099293,2.4,"2013MM09",131.7,1577,879,26,49,11,54,43,4,11,19,9.05886615284707,8.32928162543323,8.77372512629956,7.42747129513114,0.0468,NA,NA,NA,0.2232,2.322
"2013-10-15",8.5,-37,-1.4,-5.2,-17.1,3.74787835957148,3.62021071422725,5.93595525124522,0.00664519900997288,1.6,"2013MM10",131.4,1399,1133,23,44,10,49,38,2,9,18,9.10874165210619,8.36634475182037,8.81453841027141,7.47110126624398,0.0508,NA,NA,NA,0.2258,2.177
"2013-11-15",8.5,-35.7,-6,-2.7,-12.7,3.7551111033547,3.61796703254961,5.98313031856459,0.0068353872659607,1.5,"2013MM11",131.4,1456,920,23,43,10,47,40,2,10,19,9.14902861842005,8.36525571820606,8.80246236982755,7.49876455601721,0.048,NA,NA,NA,0.2234,2.056
"2013-12-15",8.5,-37.5,-5.3,-2.8,-7.5,3.7235095285371,3.62029832235023,5.99984657113859,0.00464314214276385,1.7,"2013MM12",131.4,1351,943,22,41,10,44,38,1,10,20,9.16452260224224,8.36542804277885,8.81716445611309,7.52205403049927,0.0595,NA,NA,NA,0.2735,2.156
"2014-01-15",8.4,-33.6,-6.5,-3.5,-5.6,3.73888345618276,3.60902861399756,6.01246553270724,0.00926447209292733,1.4,"2014MM01",131.7,1590,938,25,45,12,49,40,2,11,22,9.13846626109545,8.33464446042018,8.78115616224739,7.48582262272325,0.0512,NA,NA,NA,0.292,2.098
"2014-02-15",8.5,-30.7,-2.8,-3.1,-5.3,3.75601320862425,3.61638750841225,5.97671028626108,0.00741261377808679,1.1,"2014MM02",131.5,1286,900,24,45,11,48,41,1,10,21,9.17906434418045,8.39119451718317,8.82610337399128,7.52803599779552,0.0536,NA,NA,NA,0.2881,1.891
"2014-03-15",8.6,-29.4,-3.8,-3.2,-2.6,3.76597651314063,3.64439072091626,6.00221109991518,0.00586872561415287,0.8,"2014MM03",131.4,1422,781,23,43,10,47,40,0,9,21,9.16491510655973,8.38742613335717,8.7945824595826,7.53494424622247,0.0633,NA,NA,NA,0.3053,1.81
"2014-04-15",8.7,-28,0.4,-1.8,-0.3,3.76621306031767,3.62695527453447,6.00557619904508,0.0111473783197033,1.2,"2014MM04",131.8,1422,1040,24,44,10,48,41,-1,10,21,9.16985482803758,8.40902655049127,8.82173238093444,7.54112588958805,0.0303,NA,NA,NA,0.3297,1.846
"2014-05-15",8.7,-22.8,0.4,-2.6,-2.8,3.76141950835422,3.63304797074223,5.99433972878739,0.0066707096131797,0.8,"2014MM05",131.8,1383,792,25,47,11,53,41,0,11,22,9.20465117222606,8.41617209661575,8.83120068903557,7.56193808560141,0.0304,NA,NA,NA,0.3246,1.709
"2014-06-15",8.6,-25.2,1.7,-2,-1.7,3.73825635962272,3.61856245595921,6.01424106725257,0.00429292529815808,0.9,"2014MM06",131.9,1511,653,23,43,10,51,35,-1,9,21,9.19350650547156,8.39453726740039,8.81639365709582,7.58081708231497,0.0304,NA,NA,NA,0.2414,1.598
"2014-07-15",8.5,-18.6,0.8,-1.7,0.2,3.7381082754274,3.60777041279407,6.03143975031168,0.00427597645002819,0.9,"2014MM07",132.1,1783,866,23,43,9,52,34,-1,9,20,9.14926044635595,8.35376564619337,8.81434529587976,7.56562239467698,0.0293,NA,NA,NA,0.205,1.407
"2014-08-15",8.3,-19.3,4.7,-1,-1.7,3.73602689367371,3.6318203454922,6.00163256719085,0.00789497465057446,1,"2014MM08",132.4,1242,679,23,43,10,53,34,0,9,19,9.15590212920817,8.38504142700975,8.82758539625527,7.60258603908497,0.0228,NA,NA,NA,0.1916,1.2
"2014-09-15",8.2,-18.1,4.5,-1.6,-3.9,3.75328334935188,3.62843839817699,6.02396233340981,0.00782399136567689,0.9,"2014MM09",132.4,1604,799,21,40,9,50,30,0,9,18,9.1563381280115,8.39304398729248,8.79825845025708,7.58695060297968,0.0363,NA,NA,NA,0.0971,1.154
"2014-10-15",8.1,-11.1,4,-1.3,-3.9,3.73797180245859,3.63484693711125,6.04336539999172,0.00567636077743621,1.1,"2014MM10",133,1533,760,18,34,8,42,26,0,7,17,9.14065477314475,8.35068746495904,8.78668583466781,7.60988700180924,0.0514,NA,NA,NA,0.0826,1.032
"2014-11-15",8,-14.8,7.3,0.9,-1.7,3.73002706074984,3.60359238934854,6.02097278172796,0.0150527707726405,1,"2014MM11",133.1,1432,699,15,28,6,37,19,-2,5,15,9.20842349684438,8.38712554759602,8.81323027797731,7.63412447537255,0.0291,NA,NA,NA,0.0809,0.934
"2014-12-15",8.1,-14.5,3.2,1.1,-3.6,3.75935581851847,3.62571120887211,6.06163892017904,0.00717674823239195,0.7,"2014MM12",133.1,1798,762,13,24,5,32,17,-3,4,15,9.19070381100023,8.36001292702861,8.78967534279094,7.62992709115142,0.0338,NA,NA,NA,0.0809,0.777
"2015-01-15",8.1,-7.9,6.3,0.8,-3.2,3.75596646412578,3.61426631555379,6.0603867447195,0.014581581685752,0,"2015MM01",133.7,1358,671,9,17,3,27,7,-5,2,12,9.27746806765034,8.43473506897572,8.81720887655796,7.598394311885,0.1669,NA,NA,NA,0.0627,0.52
"2015-02-15",8.2,-10.1,3.4,-0.5,-3.7,3.75210729300509,3.59119163889025,6.12878713935794,0.0134156043698624,0.2,"2015MM02",133.8,1913,679,1,3,-1,16,-10,-5,-2,6,9.3415142514992,8.50744179673396,8.84602203376804,7.65183318821063,0.1174,NA,NA,NA,0.0482,0.416
"2015-03-15",8.3,-8.3,2,-1.3,-4,3.75689422668779,3.59222511034656,6.19512682996198,0.00573409846607267,0.4,"2015MM03",134.2,1729,862,-2,0,-3,14,-14,-7,-2,1,9.38983877425029,8.52389868664812,8.8206993992149,7.63428399077666,0.0977,NA,NA,NA,0.0272,0.326
"2015-04-15",8.1,-6.9,4.6,-1.3,-1,3.75947606524299,3.62425806318175,6.19570371420143,0.00927960041230956,0.6,"2015MM04",135.1,1852,624,-3,-3,-4,9,-15,-9,-2,0,9.34612745837205,8.52644827747443,8.84802097053928,7.6427687133213,0.0606,NA,NA,NA,0.0047,0.314
"2015-05-15",8.1,-5.3,8.3,0.3,-3.3,3.77384001647792,3.65222692681922,6.18611556683862,0.0113228619251279,1.1,"2015MM05",135,1351,516,-3,-3,-3,7,-13,-9,-2,1,9.34258020828831,8.5187699750393,8.85143435566592,7.65320544299663,0.1134,NA,NA,NA,-0.0104,0.754
"2015-06-15",8.1,-3.2,8.4,1.4,-1.7,3.74705141707451,3.67352661107484,6.19556296171447,0.0107377723549785,1,"2015MM06",135,1672,650,-3,-2,-4,7,-11,-11,-2,2,9.30063524403263,8.47432748389486,8.7827830173932,7.63196988412488,0.0666,NA,NA,NA,-0.0139,1.054
"2015-07-15",8,0.1,6.2,1.7,0.5,3.77946960409672,3.68970837632611,6.15590968572274,0.0126814496004653,1,"2015MM07",135.3,1477,583,-1,2,-2,11,-7,-10,0,3,9.33335328431096,8.53358016120592,8.80931038486585,7.6515195671149,0.0478,NA,NA,NA,-0.0187,0.986
"2015-08-15",7.9,10.1,8.4,1.3,-1.2,3.78194850730645,3.69830217033403,6.19507197026543,0.0130613062859447,0.8,"2015MM08",135.3,1504,444,1,6,-1,13,-1,-9,0,4,9.23595548195935,8.44525674794038,8.74000067063955,7.58689483612177,0.088,NA,NA,NA,-0.0277,0.853
"2015-09-15",7.7,-2.2,7.4,1,0.3,3.78498294835943,3.66178722724699,6.09126539168481,0.0217113604257399,0.6,"2015MM09",135.3,1602,562,-1,-1,-1,8,-10,-7,-1,6,9.17579451933493,8.40184744193836,8.7097290867278,7.56009610515831,0.0826,NA,NA,NA,-0.037,0.866
"2015-10-15",7.7,1.9,8.4,1.7,0.5,3.76549435907756,3.6520100339095,6.03797777845935,0.0184948535274634,0.6,"2015MM10",137.4,1509,540,-2,-3,-1,9,-15,-8,0,5,9.29193322966919,8.49651285086645,8.75795661270595,7.63981548470171,0.0591,NA,NA,NA,-0.0536,0.725
"2015-11-15",7.8,5.1,10.2,0.7,-0.7,3.7443368988365,3.63807999786464,6.13173297971156,0.0107373754729215,0.7,"2015MM11",137.7,1659,524,-1,-4,1,6,-15,-7,2,7,9.33980868750841,8.50867705141553,8.75717027606253,7.64032022640851,0.042,NA,NA,NA,-0.0876,0.716
"2015-12-15",7.9,11,15.8,2,1,3.7261201179451,3.61738612433031,6.15321202237635,0.0103029913804336,0.7,"2015MM12",137.4,1662,683,-2,-6,1,5,-16,-6,3,6,9.28201056772319,8.4418358364318,8.739103951906,7.62263456801826,0.0513,NA,NA,NA,-0.1263,0.754
"2016-01-15",7.7,7.2,10.3,0.2,0.9,3.74486171816246,3.64087774509119,6.09360621088835,0.015546801061361,0.6,"2016MM01",138.3,1224,502,-2,-8,2,2,-18,-4,4,5,9.18994482484177,8.39322054407437,8.71338474762535,7.57056695071276,0.0586,NA,NA,NA,-0.1461,0.646
"2016-02-15",7.6,6.3,8.7,1.1,-1.3,3.7542798345903,3.63355358206425,6.07974145870171,0.0181728020889414,0.6,"2016MM02",138.3,1679,587,-2,-7,1,3,-17,-6,3,5,9.15856279097238,8.37874683842374,8.71556854329909,7.56643004519777,0.0388,NA,NA,NA,-0.1836,0.371
"2016-03-15",7.4,10.2,7.9,-0.1,-3.2,3.73726367818022,3.62778564323219,6.06444074683765,0.0189893063761442,0.6,"2016MM03",138.6,1529,635,-2,-5,1,5,-15,-5,4,4,9.20688538698325,8.38595860117771,8.72824795121803,7.6303350354846,0.0277,NA,NA,NA,-0.2285,0.32
"2016-04-15",7.5,4.4,6.9,-0.1,-5.4,3.74131483743316,3.6015512127525,6.08392949076021,0.0104780280165861,0,"2016MM04",137.6,1776,498,-3,-10,2,10,-29,0,5,1,9.21422977114758,8.39592006369268,8.73903988655087,7.63303079693575,0.0365,NA,NA,NA,-0.2492,0.395
"2016-05-15",7.4,4.5,3.6,1.1,-4.7,3.71886591643822,3.59133213127268,6.08205516832439,0.0105753532440976,0,"2016MM05",137.8,1528,531,-23,-31,-17,6,-69,4,-16,-38,9.23627516240266,8.41308081140184,8.73725998310615,7.64823916374627,0.0517,NA,NA,NA,-0.2572,0.384
"2016-06-15",7.4,9.6,4.6,1.3,-5,3.70695848443804,3.56903973659846,6.09871976697788,0.00941132693890058,0,"2016MM06",138,1946,496,-31,-52,-17,-38,-66,5,-17,-39,9.17782646163251,8.35172402719377,8.78021874559694,7.64914967034943,0.0745,NA,NA,NA,-0.2679,0.25
"2016-07-15",7.2,10.7,5.9,2.7,-1.5,3.74342753060823,3.61541408880614,6.07477035026142,0.0205511862346128,-0.2,"2016MM07",138.5,1909,466,-27,-52,-11,-56,-47,6,-10,-29,9.24353333933195,8.3983668750067,8.81349796663623,7.68414010304048,0.0829,NA,NA,NA,-0.2945,0.062
"2016-08-15",7.1,12.5,6.4,2.7,-4,3.72712505642593,3.60102895366967,6.10129846811427,0.00914931974790908,0.2,"2016MM08",138.7,1685,456,-26,-51,-10,-67,-35,-2,-6,-22,9.26791946015361,8.39800872258596,8.82195359540277,7.68292011626013,0.0483,NA,NA,NA,-0.2982,0.027
"2016-09-15",7,14.8,8.7,-1.2,-4,3.75376155401331,3.62302348862748,6.11017234668521,0.00736852853726235,0.1,"2016MM09",138.4,1937,392,-29,-58,-10,-73,-44,-3,-2,-23,9.26017946497023,8.40026823485466,8.83917520785463,7.68168490255838,0.0571,NA,NA,NA,-0.3016,0.061
"2016-10-15",6.8,14.5,5.3,0.3,-0.9,3.7487074576611,3.61593198338734,6.10872818547455,0.00967120388709236,0.4,"2016MM10",139.1,1685,392,-28,-58,-9,-75,-40,-5,0,-22,9.27472354661061,8.41388828731832,8.84710110066543,7.6620680655149,0.0453,NA,NA,NA,-0.309,0.156
"2016-11-15",6.7,19.8,7.2,1,1.8,3.74448145426865,3.6098135029354,6.10672089397358,0.0073839881261989,0.6,"2016MM11",139.6,1935,587,-30,-61,-9,-76,-46,-7,1,-22,9.27240393966032,8.42909173192068,8.82229266711407,7.69567161055934,0.0682,NA,NA,NA,-0.3127,0.385
"2016-12-15",6.6,15.7,6.1,0.9,1.6,3.76865977661295,3.64798288188989,6.12025476987465,0.00783063165998965,1,"2016MM12",139.8,2087,410,-26,-53,-7,-71,-35,-7,3,-18,9.34845396265277,8.48926892474729,8.873860107979,7.71370872185862,0.0594,NA,NA,NA,-0.3158,0.436
"2017-01-15",6.6,15.5,9.1,2.5,2.2,3.77248160800618,3.64865337608593,6.17329364492851,0.0057609750113501,1.7,"2017MM01",140.3,1887,511,-19,-40,-6,-70,-9,-7,5,-16,9.35316800769897,8.46566827062642,8.86773740813655,7.73143503647968,0.0335,NA,NA,NA,-0.3255,0.481
"2017-02-15",6.4,19.3,9.9,3.4,1.6,3.80217215438271,3.6644950958294,6.16341445029052,0.00594977484635076,1.8,"2017MM02",140.7,2066,386,-19,-39,-6,-71,-8,-6,6,-18,9.37876668175382,8.48850150918545,8.89060330430571,7.76795803721796,0.0508,NA,NA,NA,-0.3286,0.486
"2017-03-15",6.4,18.1,10.4,3.5,3.9,3.83957081896477,3.68987439142937,6.19442356024116,0.00565344953424557,1.1,"2017MM03",141,2292,413,-19,-41,-5,-72,-9,-5,8,-17,9.4184003452925,8.54139978660221,8.89876169002647,7.76756876432582,0.0451,NA,NA,NA,-0.3293,0.485
"2017-04-15",6.3,21.9,8.3,3.8,3.8,3.84446621524443,3.70570031590007,6.23285542519709,0.00582248862452889,1.6,"2017MM04",142.1,1958,363,-18,-39,-4,-77,-1,-6,8,-15,9.42851236683799,8.56927888659134,8.88237781146635,7.77661889680402,0.0437,NA,NA,NA,-0.3304,0.498
"2017-05-15",6.2,20.3,8.5,4.7,4.2,3.8570754328138,3.72443287050479,6.23639300114302,0.00667616727372241,1.1,"2017MM05",141.9,2352,457,-14,-31,-2,-71,8,-3,9,-11,9.44264658322017,8.57236861833658,8.92532141694389,7.788128655915,0.047,NA,NA,NA,-0.3295,0.589
"2017-06-15",6.1,18.6,9.3,3.3,1.1,3.86168600277621,3.72825087024,6.24525990909898,0.00488281037634433,1.1,"2017MM06",142.5,2270,381,-9,-24,1,-62,14,0,10,-6,9.41939474466462,8.54104255608519,8.89736786830212,7.79293088195551,0.0568,NA,NA,NA,-0.33,0.503
"2017-07-15",6.1,21.4,11,4.6,2.4,3.8288715941617,3.70945471410785,6.21519981441579,0.00591527963862582,1.3,"2017MM07",142.7,2474,346,-3,-12,3,-54,31,2,12,-4,9.4024678597592,8.5357735072882,8.90544431878971,7.81209489950261,0.1216,NA,NA,NA,-0.3304,0.688
"2017-08-15",6,22.5,12.2,4.2,4.8,3.85905590569732,3.73703230845894,6.24335552924465,0.00591792110653786,1.4,"2017MM08",143.7,1991,385,-4,-10,0,-45,25,0,10,-9,9.39730445587835,8.53416629860904,8.91336190129506,7.8126411832823,0.1004,NA,NA,NA,-0.3291,0.542
"2017-09-15",5.9,22.7,11,3.4,5.1,3.85747525045033,3.70131049925649,6.22373809302711,0.00650766350904311,1.5,"2017MM09",143.8,2232,336,-6,-11,-2,-38,15,-2,8,-12,9.45945262685219,8.58107088031477,8.90555280513051,7.83176022263466,0.0536,NA,NA,NA,-0.3294,0.532
"2017-10-15",5.7,20.7,10.1,5.2,3.5,3.84283424755467,3.70140232079222,6.26601311841178,0.00361920111398778,1.3,"2017MM10",144.6,2153,408,-5,-8,-3,-30,14,-4,8,-12,9.49020977835028,8.61310138128599,8.92173788909748,7.8537057826665,0.0289,NA,NA,NA,-0.3295,0.541
"2017-11-15",5.7,22.4,13.7,5.2,5,3.84627884270272,3.73917476853001,6.29457701986044,0.00427708858040268,1.5,"2017MM11",145.6,2149,344,-10,-15,-7,-31,0,-7,2,-15,9.4745475886251,8.58910261291337,8.89928051552732,7.88140132371313,0.0414,NA,NA,NA,-0.329,0.468
"2017-12-15",5.5,31.9,6.1,6.7,3.2,3.85962003064368,3.71371548625694,6.27197019522106,0.00448062739726318,1.3,"2017MM12",144.4,1915,290,-20,-29,-14,-38,-21,-14,-3,-24,9.4663490708635,8.5778291183923,8.94738991033807,7.89118493828801,0.0413,NA,NA,NA,-0.3279,0.452
"2018-01-15",5.4,41.8,11.8,6.7,4.8,3.84083530266954,3.718738966304,6.28050638897602,0.0055277740779392,1.5,"2018MM01",145.7,1971,423,-26,-39,-17,-50,-29,-16,-6,-28,9.48717485668695,8.6092125398243,8.92712830715861,7.94584233664633,0.0424,NA,NA,NA,-0.3285,0.611
"2018-02-15",5.4,33.6,13.4,7.2,4,3.89175627045066,3.79851391169166,6.31082856181592,0.00477975305516596,1.2,"2018MM02",146,2108,302,-28,-43,-18,-55,-32,-18,-7,-28,9.42833867790835,8.57932072733833,8.88625706103924,7.90611622904825,0.1277,NA,NA,NA,-0.3285,0.761
"2018-03-15",5.2,30,10.6,8.1,3.6,3.90641152703182,3.79960726993209,6.26051303791758,0.0120151582714278,1,"2018MM03",145.3,2300,361,-30,-46,-20,-61,-30,-22,-8,-30,9.4006904858982,8.55010554963469,8.86171864192404,7.87886373168131,0.0753,NA,NA,NA,-0.3279,0.626
"2018-04-15",5.1,36,9.8,7,4.1,3.91721672313849,3.80487342226209,6.24757104898713,0.00972484728380194,1.1,"2018MM04",146.1,2161,336,-39,-58,-26,-60,-57,-23,-18,-36,9.4424127703888,8.61622371487919,8.92389750534994,7.88157881749314,0.0673,NA,NA,NA,-0.3285,0.69
"2018-05-15",5,35.1,5.3,5.8,3.8,3.87448626115071,3.77665964408265,6.28965637125057,0.00740773673500847,1.7,"2018MM05",146.5,2199,391,NA,NA,NA,NA,NA,NA,NA,NA,9.44184008496252,8.59385787419812,8.94614044910888,7.9029570086762,0.0926,NA,NA,NA,-0.3252,0.671
"2018-06-15",4.9,38.2,6.4,7,2.4,3.86970351730166,3.73540856327811,6.28145853600843,0.00560974843482654,1.7,"2018MM06",147.2,2319,324,NA,NA,NA,NA,NA,NA,NA,NA,9.41784222730043,8.5798918557423,8.94074702786832,7.90778775806277,0.1021,NA,NA,NA,-0.322,0.565
"2018-07-15",4.9,31.4,6.5,5.5,2.5,3.87725022667246,3.77453071897126,6.28243896300045,0.00871636822650834,2.1,"2018MM07",147.4,2425,371,NA,NA,NA,NA,NA,NA,NA,NA,9.45763004511847,8.61455577360115,8.95529324644345,7.9431757088003,0.0701,NA,NA,NA,-0.3207,0.474
"2018-08-15",4.9,34,6.1,4.3,4,3.90088208019654,3.7547051287707,6.311155438492,0.00623134245347568,2.1,"2018MM08",147.7,2023,331,NA,NA,NA,NA,NA,NA,NA,NA,9.42254912126046,8.59542196530619,8.91360408721934,7.97299002332468,0.0386,NA,NA,NA,-0.319,0.473
"2018-09-15",4.9,32.5,6.7,4.7,2,3.89927870718538,3.7820137387032,6.28205187796523,0.00618146299278713,1.9,"2018MM09",148.9,2103,310,NA,NA,NA,NA,NA,NA,NA,NA,9.4130142798588,8.61131907640203,8.92401740156833,7.97727511661101,0.0868,NA,NA,NA,-0.3188,0.551
"2018-10-15",4.9,35.1,9.7,4,2,3.89404299693526,3.79069370069346,6.270487302032,0.00606163673900977,2.1,"2018MM10",148,2301,400,NA,NA,NA,NA,NA,NA,NA,NA,9.34552749764292,8.53570870465796,8.87180001193311,7.90534577065671,0.1236,NA,NA,NA,-0.3177,0.582
"2018-11-15",4.8,34.1,10.4,3.5,-0.8,3.93577507679209,3.8189157613628,6.20905204794791,0.0103101669552754,2,"2018MM11",147.7,2028,350,NA,NA,NA,NA,NA,NA,NA,NA,9.32876677698167,8.51797686866099,8.85083287662198,7.92304752271283,0.0667,NA,NA,NA,-0.3164,0.518
"2018-12-15",4.7,29.5,5.7,4.1,-1.8,3.93986461008367,3.79275401780693,6.21272297494622,0.00672430692479529,2,"2018MM12",148.5,1852,327,NA,NA,NA,NA,NA,NA,NA,NA,9.26473006386827,8.46182633575359,8.81404807931504,7.82678230285493,0.0834,NA,NA,NA,-0.3119,0.401
"2019-01-15",4.6,29.8,9.6,4.5,-3.8,3.92648653740997,3.82419701898752,6.15113726397325,0.0135904109827309,2.2,"2019MM01",150.9,1932,392,NA,NA,NA,NA,NA,NA,NA,NA,9.3212643476602,8.51573617348093,8.8492126580614,7.90252445484169,0.0741,NA,NA,NA,-0.308,0.332
"2019-02-15",4.6,29.7,7.1,3,-8.1,3.9238353510168,3.78983637058994,6.21533824986497,0.00830252403615477,2.6,"2019MM02",150.9,1878,345,NA,NA,NA,NA,NA,NA,NA,NA,9.35146135982185,8.56417787621205,8.86428034639274,7.93182000820709,0.083,NA,NA,NA,-0.3084,0.236
"2019-03-15",4.6,28.5,8.6,3.4,-6.3,3.88814688158034,3.78229043109986,6.24500728695804,0.00568939099337687,2.8,"2019MM03",151.3,1997,357,NA,NA,NA,NA,NA,NA,NA,NA,9.35236410578895,8.58495086022102,8.89277627187407,7.94958551909732,0.0534,NA,NA,NA,-0.3092,0.15
"2019-04-15",4.4,28.4,8.9,3.2,-8.3,3.90221048343546,3.8099844261136,6.25575423135011,0.00731010512189051,2.9,"2019MM04",151.4,2008,419,NA,NA,NA,NA,NA,NA,NA,NA,9.42093188122221,8.62809216951671,8.91169174546004,7.98814591651489,0.0425,NA,NA,NA,-0.3105,0.195
"2019-05-15",4.4,29.6,6.4,3.4,-7.9,3.90988105413729,3.79604029163181,6.28941610560625,0.00383082512990864,2.4,"2019MM05",151.6,2146,326,NA,NA,NA,NA,NA,NA,NA,NA,9.36963549733702,8.55788011435074,8.87650268921201,7.92010502243202,0.0803,NA,NA,NA,-0.3119,0.11
"2019-06-15",4.3,23.4,7,2.2,-7.8,3.92989033151073,3.80782807090647,6.23477342539222,0.00920499888271256,2.7,"2019MM06",151.5,2021,344,NA,NA,NA,NA,NA,NA,NA,NA,9.42535495698933,8.61956388069422,8.91268878163821,7.98676332399504,0.0704,NA,NA,NA,-0.3289,-0.092
"2019-07-15",4.3,25.5,5.9,0.2,-7.1,3.8844828280419,3.79835127486251,6.27431637860151,0.00508229316823494,2.5,"2019MM07",152.3,2408,410,NA,NA,NA,NA,NA,NA,NA,NA,9.40829246949743,8.61593382629369,8.93416514836644,7.99980604882875,0.1335,NA,NA,NA,-0.3649,-0.206
"2019-08-15",4.4,17.9,6.5,1.2,-7,3.88926650113433,3.78029262761395,6.28257268961717,0.0051386651676523,2.8,"2019MM08",151.5,1520,330,NA,NA,NA,NA,NA,NA,NA,NA,9.38758910648655,8.60894796369773,8.88283583243687,7.98154876708549,0.1487,NA,NA,NA,-0.4077,-0.499
"2019-09-15",4.4,15.4,5.2,2.3,-7.8,3.90229900950351,3.79792577089458,6.25387537843385,0.0123496895386206,2.6,"2019MM09",151.8,1829,342,NA,NA,NA,NA,NA,NA,NA,NA,9.4277137138459,8.64431735836401,8.91034280016612,7.99858401767656,0.1029,NA,NA,NA,-0.4176,-0.427
"2019-10-15",4.5,15.5,4.7,0.9,-8.4,3.88306710839992,3.79286015952479,6.29857360433913,0.00430463181854494,2.7,"2019MM10",151.7,1963,393,NA,NA,NA,NA,NA,NA,NA,NA,9.46240485526216,8.65344635269069,8.8885360203652,8.01880985982988,0.0752,NA,NA,NA,-0.4129,-0.314
"2019-11-15",4.5,13.7,4.8,0.9,-7.3,3.9004201410379,3.77794914874187,6.28804795429883,0.00939365264288977,2.6,"2019MM11",151.7,1797,366,NA,NA,NA,NA,NA,NA,NA,NA,9.49072436937005,8.68358350417003,8.901979288316,8.05229012590125,0.0483,NA,NA,NA,-0.4013,-0.192
"2019-12-15",4.5,4.5,4.4,-0.4,-7.4,3.90695300503481,3.79556711122281,6.32727066265464,0.00464775529007079,2.7,"2019MM12",151.6,2003,354,NA,NA,NA,NA,NA,NA,NA,NA,9.49167809398009,8.69585138946454,8.92829569979418,8.0804788821998,0.0447,NA,NA,NA,-0.3947,-0.135
"2020-01-15",4.5,8.6,1.6,-0.4,-7.2,3.92763032501537,3.80479645550532,6.33874626153808,0.00808620386017155,1.8,"2020MM01",153,1886,345,NA,NA,NA,NA,NA,NA,NA,NA,9.47131672966957,8.66670567611305,8.89370997756851,8.07884946259735,0.2193,NA,NA,NA,-0.3911,-0.17
"2020-02-15",4.3,8.4,2.9,-0.4,-8.1,3.89882849727698,3.79741491118978,6.32128887077877,0.00899153854772157,1.6,"2020MM02",153,1918,373,NA,NA,NA,NA,NA,NA,NA,NA,9.38348239286903,8.57732826321085,8.79188122041258,7.99098992568897,0.2666,NA,NA,NA,-0.4088,-0.335
"2020-03-15",4.1,9.7,5.1,0.4,-5,3.91720617876072,3.79504512307692,6.22613184190078,0.0171348639011772,1.4,"2020MM03",152.9,2265,365,NA,NA,NA,NA,NA,NA,NA,NA,9.20390368528329,8.38847763930854,8.64329706821196,7.85732220101859,0.4646,NA,NA,NA,-0.4166,-0.326
"2020-04-15",4,6.6,2.3,-2.6,-7.9,3.9251347445785,3.80530479038971,6.11467141627624,0.0429038386933503,1.2,"2020MM04",151.6,2061,397,NA,NA,NA,NA,NA,NA,NA,NA,9.29299256257034,8.42774543271213,8.68291103214049,7.97674303977877,0.2116,NA,NA,NA,-0.254,-0.218
"2020-05-15",4.1,-12.5,-14.9,-26.7,-22.6,3.90740998117361,3.73296319013377,6.16928870683032,0.0208453799270491,1.2,"2020MM05",151.3,1961,364,NA,NA,NA,NA,NA,NA,NA,NA,9.3576260796257,8.45434709140576,8.71220062408825,8.02102957272787,0.1439,NA,NA,NA,-0.272,-0.312
"2020-06-15",4.5,-7.6,-13.3,-24.7,-18.3,3.82071193130543,3.6912748047758,6.20837486626452,0.0179600684291585,1.6,"2020MM06",151.3,2137,350,NA,NA,NA,NA,NA,NA,NA,NA,9.41824273931622,8.50430858705814,8.72740552500776,8.03925094708458,0.1553,NA,NA,NA,-0.376,-0.293
"2020-07-15",4.6,-6,-2.6,-17.8,-15.8,3.67963948669317,3.58138947569029,6.25504084409477,0.0163693268106683,1.7,"2020MM07",151.6,2284,253,NA,NA,NA,NA,NA,NA,NA,NA,9.41844015934368,8.47296748186622,8.68233464588418,8.09288774871909,0.1537,NA,NA,NA,-0.4441,-0.39
"2020-08-15",5.4,-5,-0.3,-12.7,-15.1,3.70303517852238,3.60157710534864,6.21798815564761,0.0112222564346747,0.7,"2020MM08",152.4,1588,211,NA,NA,NA,NA,NA,NA,NA,NA,9.46849423768012,8.50658112509444,8.69342962092963,8.16060683172345,0.109,NA,NA,NA,-0.4797,-0.412
"2020-09-15",5.5,-3.4,3.9,-9.5,-14.8,3.77099638125043,3.68159084144031,6.23029865292446,0.0112894963445555,1.1,"2020MM09",151.9,2098,291,NA,NA,NA,NA,NA,NA,NA,NA,9.45412780204708,8.47708759459686,8.6769453134314,8.12058871174027,0.08,NA,NA,NA,-0.4914,-0.441
"2020-10-15",5.5,4.2,6.2,-9.8,-13.8,3.8028256951027,3.66689185801667,6.22987837950624,0.0126172187263172,1.2,"2020MM10",151.5,2041,222,NA,NA,NA,NA,NA,NA,NA,NA,9.35500163817075,8.43255867487267,8.6264600322851,8.09253301945471,0.0791,NA,NA,NA,-0.5091,-0.528
"2020-11-15",5.4,2.1,-1.1,-10.3,-16.7,3.7935139595038,3.66265776686053,6.19886764354192,0.00965999148017126,0.8,"2020MM11",151.9,2050,232,NA,NA,NA,NA,NA,NA,NA,NA,9.49485444330735,8.61587038826961,8.74292542046115,8.19467944736131,0.092,NA,NA,NA,-0.5209,-0.543
"2020-12-15",5.3,5.1,-2.9,-9.5,-12.1,3.82064778762289,3.70946468929653,6.33356959460084,0.0109741726830491,1,"2020MM12",153,2308,229,NA,NA,NA,NA,NA,NA,NA,NA,9.52652099594307,8.62180725662924,8.77346199316228,8.23112849520191,0.0476,NA,NA,NA,-0.5381,-0.553
"2021-01-15",5,5.8,-4.5,-6.4,-7.9,3.85101029780634,3.68362227405954,6.3615562681203,0.00784946380911323,1.6,"2021MM01",155.9,2136,197,NA,NA,NA,NA,NA,NA,NA,NA,9.50545997606667,8.59400791833044,8.76522445823823,8.21992935755102,0.0595,NA,NA,NA,-0.5472,-0.532
"2021-02-15",4.9,5.4,-11.9,-5.1,-7.1,3.8749517508144,3.74306258432686,6.38350600704914,0.00929634561200367,1.8,"2021MM02",156,2493,162,NA,NA,NA,NA,NA,NA,NA,NA,9.5314299018867,8.64878624429847,8.77700032803946,8.24568623422356,0.0654,NA,NA,NA,-0.5411,-0.392
"2021-03-15",4.7,8.1,-13.5,-6,-7.9,3.8748375678644,3.74403823957516,6.39668400778039,0.010013187338019,1.9,"2021MM03",156.2,2872,223,NA,NA,NA,NA,NA,NA,NA,NA,9.61636131517939,8.71065743393228,8.81189061330796,8.2872490415061,0.0529,NA,NA,NA,-0.5391,-0.331
"2021-04-15",4.7,11.5,-9.7,-2.3,-4.1,3.88315270426809,3.74804034244918,6.46588170246166,0.00806818361992507,1.9,"2021MM04",158.5,2302,182,NA,NA,NA,NA,NA,NA,NA,NA,9.6248253554918,8.74344869238839,8.8493417809156,8.33834637197416,0.0346,NA,NA,NA,-0.5382,-0.296
"2021-05-15",4.6,21.8,1,7,0.8,3.89929614235487,3.7735112713614,6.4723474251477,0.00700454113279129,2.1,"2021MM05",160.7,2148,176,NA,NA,NA,NA,NA,NA,NA,NA,9.64349391829803,8.77139654171837,8.85688881272605,8.34381786469088,0.0503,NA,NA,NA,-0.5401,-0.186
"2021-06-15",4.5,19,1.9,8.6,3,3.95087093924216,3.8510325134378,6.47397415534407,0.0113389573521965,2,"2021MM06",163.2,2454,185,NA,NA,NA,NA,NA,NA,NA,NA,9.65059588357197,8.78076135828694,8.85900827244795,8.365788737257,0.0486,NA,NA,NA,-0.5429,-0.236
"2021-07-15",4.4,17.9,9,9.1,5.6,3.95237554083043,3.84770879465904,6.50008111284138,0.00652846234506796,1.4,"2021MM07",166.9,2578,143,NA,NA,NA,NA,NA,NA,NA,NA,9.65145505816461,8.79675635947813,8.85826907279742,8.38828191317926,0.0551,NA,NA,NA,-0.5448,-0.381
"2021-08-15",4.2,15.8,4.8,9.3,-0.2,3.96786541068318,3.86658060234246,6.52840451810925,0.010463946311884,2.4,"2021MM08",168,1906,151,NA,NA,NA,NA,NA,NA,NA,NA,9.6699836327173,8.80690023862203,8.87062089611955,8.41686005633905,0.03,NA,NA,NA,-0.5476,-0.48
"2021-09-15",4.1,20.5,1.2,7.1,-0.6,3.96918678889796,3.85290836729426,6.56727175616009,0.0046517653192279,2.7,"2021MM09",168.7,2310,162,NA,NA,NA,NA,NA,NA,NA,NA,9.63303554824483,8.78263115277234,8.86593271938814,8.36812226355621,0.0389,NA,NA,NA,-0.545,-0.339
"2021-10-15",4.2,21.5,2,8.4,0.6,4.00077664196262,3.88127850551443,6.54644049525266,0.00845887113231121,3.4,"2021MM10",170.5,2174,144,NA,NA,NA,NA,NA,NA,NA,NA,9.66070041887867,8.82912970886723,8.88704495220444,8.4349804388402,0.0441,NA,NA,NA,-0.5498,-0.178
"2021-11-15",4.1,24.1,1.4,10,-4.7,4.00215809277579,3.8973077317176,6.58322253575919,0.00936481122659956,5.2,"2021MM11",170.9,2226,234,NA,NA,NA,NA,NA,NA,NA,NA,9.6224586242892,8.81301606087814,8.86212950644958,8.426611813185,0.0318,NA,NA,NA,-0.5674,-0.268
"2021-12-15",3.9,24.4,2.9,9.8,-11,4.00031917215046,3.90986705907179,6.53222122795484,0.00897047423087395,5.7,"2021MM12",171.6,2318,170,NA,NA,NA,NA,NA,NA,NA,NA,9.67312175547832,8.87529129208685,8.90713848786637,8.4693004613464,0.0384,NA,NA,NA,-0.582,-0.318
"2022-01-15",3.7,23.8,5.9,7.5,-10.4,3.99050985906663,3.92486759737489,6.55090489644646,0.0119462469598249,6.4,"2022MM01",175.8,1923,143,NA,NA,NA,NA,NA,NA,NA,NA,9.64673552265215,8.85355116365238,8.91790031857638,8.41528223134711,0.0519,NA,NA,NA,-0.5601,-0.098
"2022-02-15",3.8,24.1,-3.1,6.7,-9.6,4.02965483135733,3.96248057028987,6.49131600340976,0.0131245986234672,6.2,"2022MM02",177.5,2125,194,NA,NA,NA,NA,NA,NA,NA,NA,9.57921200021204,8.80369908413975,8.91708275900395,8.3834194703254,0.0622,NA,NA,NA,-0.5315,0.237
"2022-03-15",3.6,24.4,4.8,6,-13.2,4.0340690812733,3.96222808403098,6.45055388229519,0.0139792593129362,9.7,"2022MM03",183.1,2425,207,NA,NA,NA,NA,NA,NA,NA,NA,9.57600726687667,8.80385526139232,8.92474947087568,8.41856775659692,0.1646,NA,NA,NA,-0.495,0.343
