"buildingcost","buildpermits","faillisementen","dax","cac40","ftse","sp500","fin_stress","GAS_EU","OIL_BRENT","GOLD","Short_interest","Long_interest"
82.3,3261,327,7.58413771320935,7.58680353516258,7.71775168259505,5.82876913863108,0.0594,2.82,2.91506437048654,5.97396227197184,8.8,8.98
82.4,3346,270,7.50268858679884,7.62364194651157,7.65131031565812,5.80151392624799,0.0417,2.82,2.81839825827108,5.92489730283587,8.57,8.89
82.5,3230,318,7.51572028544938,7.65302041380419,7.76008336553707,5.8895149049859,0.0411,2.82,2.81540871942271,5.91093213621606,8.48,8.95
82.5,3450,284,7.54150804158948,7.6182510978767,7.77258432235704,5.88058882007569,0.0666,2.82,2.75366071235426,5.86456823641944,8.36,8.96
82.6,3701,276,7.56160016594121,7.58324752430336,7.75199129291443,5.87535197328688,0.0481,2.82,2.86505394991188,5.89310722949111,8.27,8.74
82.4,2759,270,7.39142140604966,7.43248380791712,7.6791589800842,5.77628915787411,0.1116,2.82,3.29768700529249,5.9782019868744,8.54,8.99
82.5,3132,321,7.19141425462154,7.3125534981026,7.59599039064678,5.72374844741134,0.0732,2.82,3.52929738428947,5.96440162755829,8.51,9.16
82.6,3329,331,7.26857163542142,7.40549566319947,7.62574142670411,5.71702770140622,0.0515,2.82,3.58490686373096,5.94211672747764,8.51,9.19
82.7,3073,303,7.27001356919355,7.38087903556412,7.67294396697286,5.77523454585126,0.037,2.82,3.49650756146648,5.94471355241853,8.82,9.13
82.6,2648,211,7.2365912735801,7.31920245876785,7.67019528603803,5.79975910270032,0.04,2.82,3.3322045101752,5.93211255265771,9.4,9.06
83.6,2843,324,7.25922874244552,7.36518012602101,7.68262070832527,5.84043812699907,0.0633,3.44,3.16336311493794,5.94970461285975,9.42,9.15
83.7,2632,319,7.35528957218496,7.4730690880322,7.77523380542833,5.90555258551485,0.0513,3.41,2.96527306606928,5.89668672557584,9.1,8.64
83.6,2758,337,7.3233818811255,7.50439155916124,7.8064928516087,5.92751252386876,0.04,3.33,2.96784707006446,5.8953390350106,9.13,8.66
83.8,2894,290,7.38204346327396,7.48380668766583,7.81851069971795,5.92783227210635,0.0936,3.47,2.95751106073379,5.88159387597227,9.19,8.57
83.9,3127,343,7.44305493203628,7.52929906700101,7.82384599085363,5.96571071221179,0.039,3.37,2.96010509591084,5.87759571594847,9.13,8.59
83.9,3169,315,7.39248123842458,7.46599868334416,7.78937176714263,5.91663324635164,0.0825,3.29,2.90142159408275,5.90459861408632,9.15,8.64
83.9,3484,336,7.38974308463705,7.47005315319209,7.85894974572547,5.9605155226686,0.0537,3,2.96784707006446,5.90724019185364,9.17,8.82
83.9,2937,287,7.40845784000767,7.53064095278474,7.88069094110659,5.97997376187032,0.0882,2.98,2.98315349134713,5.87580113845426,9.34,8.84
84.1,3175,302,7.38117180952407,7.53934614108109,7.871578222677,5.96064441200076,0.0584,2.97,3.02042488614436,5.85432665888935,9.3,8.77
84,3434,453,7.36503455846454,7.52655597102252,7.85010354517558,5.9724091716775,0.0589,2.71,3.10009228887823,5.88245850569967,9.33,8.72
83.9,3074,419,7.35950586731482,7.46146793538473,7.79160544018871,5.92751252386876,0.0909,2.7,3.05635689537043,5.88657614221055,9.42,8.75
83.9,2886,350,7.36344444971992,7.47630246355772,7.82128223420417,6.03330201706942,0.111,2.7,2.91235066461494,5.89089807718295,9.7,8.72
85.1,2695,358,7.42993615771822,7.53652395173503,7.85212797599285,6.01317711102742,0.1056,2.57,2.89867056071086,5.87056729230103,9.55,8.39
85.3,3112,351,7.46551792805876,7.59256783485246,7.8485825518169,6.022720966337,0.076,2.5,2.89591193827178,5.86904264352186,9.6,8.3
85.4,3407,414,7.44911979309007,7.57167961322103,7.79979434107541,6.00064726273036,0.0441,2.58,2.86789890204411,5.84162954134833,9.61,8.31
85.7,3037,441,7.45477201166614,7.61633278538118,7.88386092995194,6.02815806046253,0.0242,2.47,2.94180393152844,5.82487853470009,9.5,8.31
85.6,3007,378,7.49906904135642,7.61741539201505,7.90381794870191,6.02912155297995,0.0307,2.49,2.99071973173045,5.82079484305448,9.52,8.32
85.6,3817,374,7.4701956175446,7.54992489214962,7.83249023827194,6.01161028869166,0.0203,2.5,3.05163990549229,5.83132513724768,9.52,8.3
85.6,3434,421,7.38305112347041,7.47005315319209,7.78305737647582,6.05022859549553,0.0466,2.55,3.00815479355255,5.86567454104968,9.58,8.34
85.7,2878,315,7.33300338739649,7.42946150808851,7.74612775392276,6.02593843201971,0.0965,2.56,2.98315349134713,5.83790535898168,9.82,8.36
85.7,3199,514,7.2930788792606,7.45974201153864,7.84502441724148,6.03500281990506,0.2042,2.57,3.00815479355255,5.84479001776017,9.35,8.04
85.7,3125,506,7.3063166470229,7.4630187659528,7.88544211808954,6.03710688749309,0.1503,2.63,3.01062088604774,5.84174569885804,8.74,7.65
85.7,2814,464,7.34285685298261,7.47952548692409,7.92977447639038,6.06691983967239,0.1257,2.64,2.95491027903374,5.81419023153554,8.78,7.51
85.6,2565,509,7.33851772996518,7.5271482973287,7.95384544839114,6.07697686482071,0.0624,2.64,2.89867056071086,5.81359307398764,8.66,7.4
86.7,2578,454,7.36140086639206,7.47997696396395,7.93994280687512,6.08399814572888,0.1056,2.76,2.85647020622048,5.79608814544023,8.11,7.128
86.7,2627,461,7.42656098899297,7.59271904203275,7.96137020171951,6.09442720117851,0.0762,2.74,2.91506437048654,5.79699955636733,8.09,6.866
87.1,3049,639,7.4246663285278,7.61648050131991,7.9650940653726,6.11295185442134,0.0374,2.75,2.93119375241642,5.79933504932294,7.6,6.563
87.8,2767,507,7.39438858792795,7.56992765524265,7.9420423918085,6.08720645743374,0.0262,2.68,2.92584614608982,5.83524923739851,7.53,6.596
87.8,2846,496,7.39462214683406,7.54364401475803,7.9518057624688,6.10966972129892,0.0516,2.68,2.91777073208428,5.90585219103206,7.07,6.67
88,3375,557,7.43893047103305,7.58675283610864,7.97246601597457,6.11042466479652,0.0822,2.68,2.87073578337931,5.91859811162087,6.73,6.59
88.2,3332,569,7.50827714256576,7.64295564879096,7.98156244873128,6.10508337978873,0.0471,2.66,2.82137888640921,5.97174641624188,6.55,6.43
88.4,2908,508,7.56624890363036,7.70368465418511,8.03915739047324,6.13893582119954,0.0466,2.65,2.81540871942271,5.9371139523579,6.36,6.178
88.2,2969,586,7.55497892216913,7.65662099464289,8.0187900876488,6.12889767702445,0.0616,2.62,2.77258872223978,5.87290621098385,6.35,5.975
87.8,3030,504,7.63287581043288,7.68799716639302,8.06180227453835,6.14810495336175,0.0329,2.62,2.8094026953625,5.8976482509037,6.3,5.825
87.9,2997,596,7.62701841090019,7.65449066515531,8.06050843957996,6.13511026079401,0.0592,2.62,2.71800053195538,5.92380114862289,5.96,5.806
88,3033,551,7.721033864065,7.7267418227782,8.13692785576199,6.14515085957704,0.0524,2.6,2.61006979274201,5.94881797238651,5.6,5.682
88.7,2587,535,7.69284337793623,7.75551013578771,8.15817265553433,6.17713462748308,0.0448,2.47,2.65675690671466,5.95811456742643,5.22,5.607
88.7,2820,534,7.65123428711852,7.71338261441322,8.11015687890953,6.14662902996703,0.0609,2.36,2.62466859216316,5.9451849787538,5.29,5.865
89,3053,686,7.66990594303939,7.64103617020934,8.03476061051064,6.09980309929063,0.1146,2.36,2.63547950826737,5.95098103696209,5.32,6.29
89.3,2960,497,7.71980043342378,7.68063742756094,8.0472855731863,6.1112677711692,0.0893,2.36,2.71800053195538,5.93296111148458,5.3,6.544
89.4,3316,432,7.66731738538073,7.61574182156196,7.9964855677958,6.12358870003502,0.061,2.36,2.78501124223834,5.94392734765032,5.13,6.752
89.4,3616,621,7.61127348209011,7.54538974961182,7.97906486839569,6.09643246098858,0.0609,2.36,2.81839825827108,5.95490429179618,5.05,7.113
89.6,3530,463,7.67424117993323,7.6377164326648,8.03352870739245,6.12743672994142,0.0895,2.42,2.86789890204411,5.9545152523297,4.92,6.905
89.7,3057,602,7.69943022463525,7.63486905646894,8.08681021036314,6.16434583073206,0.0711,2.46,2.82137888640921,5.94111817267124,4.97,7.121
89.8,2959,548,7.60205182327046,7.53865467213609,8.01509604634868,6.13710048948806,0.0812,2.48,2.76631910922619,5.97018983682913,5.07,7.488
90.1,3156,473,7.63122799592321,7.55260464842199,8.03831829735361,6.15772024913674,0.0727,2.56,2.79728133483015,5.9655568215668,5.2,7.551
90.2,2870,622,7.6291400150496,7.58877928188614,8.0331392864555,6.11741415081198,0.0742,2.57,2.84490938381941,5.95165766218959,5.23,7.536
90.5,2853,451,7.64850621067801,7.53966512402369,8.02796596720274,6.12963824849082,0.0575,2.56,2.77008559202166,5.93830108399192,5.42,7.587
92.3,2728,514,7.61323606003186,7.49437460948116,8.003563672961,6.15362594123154,0.0621,2.66,2.81120829320484,5.93634816454932,5.18,7.709
92.4,2602,453,7.64866833645124,7.4826255654577,8.00946278878329,6.18906465400635,0.0641,2.66,2.83790818836042,5.93128982407191,5.11,7.539
92.4,2836,565,7.55731097780083,7.52806291336513,8.05130903423218,6.21602707410999,0.1085,2.65,2.83380140640777,5.94573469540181,5.1,7.42
92.4,2665,478,7.60983739931759,7.55929890968701,8.07611125312596,6.24360367795283,0.054,2.71,2.92691795755363,5.96878428338476,4.69,7.173
92.4,3177,443,7.64966879057036,7.57455848420248,8.10753929326677,6.27927165751856,0.0697,2.71,2.91126311692754,5.95381459965608,4.49,6.916
92.3,3312,455,7.64445992795977,7.52768642357192,8.1060922611519,6.30032697382473,0.0457,2.73,2.85359250639287,5.9598706755168,4.28,6.831
92.7,2805,476,7.70639247131492,7.56008046502183,8.1499771848385,6.33160860141724,0.0402,2.8,2.7638002162067,5.95643304693605,4.18,6.851
92.4,3084,506,7.71165191972007,7.54083394581887,8.15415520298791,6.33128831265284,0.0398,2.8,2.77695417974942,5.94978280811334,4.1,6.744
92.5,2752,510,7.69678975460154,7.48907665777964,8.1628583504914,6.37060274534443,0.0597,2.78,2.82018770103906,5.94819163487452,3.92,6.579
92.3,2842,528,7.68052662271501,7.50328963067508,8.16879818758478,6.36561097195872,0.0488,2.75,2.78006073707848,5.94840045763696,3.94,6.59
92.3,2953,515,7.72088305701198,7.51114187913531,8.20639261349684,6.40583983328007,0.042,2.75,2.82612948916781,5.95404820509755,3.82,6.352
92.3,2802,404,7.72342532930509,7.53476265703754,8.21319203037694,6.42313330882147,0.0638,2.73,2.88814706287405,5.95956099809497,3.66,6.092
92.3,2656,494,7.80913539812054,7.61134771740362,8.23198806182797,6.45523004009512,0.0549,2.75,2.88703285663065,5.99008860092805,3.28,5.867
92,2752,440,7.81810034315291,7.59629187159762,8.22351990010966,6.46213981431035,0.0563,2.77,2.88870370079547,6.00329429886156,3.1,6.214
92.1,2658,477,7.81977695057179,7.62305528814644,8.21600700106613,6.4700252102867,0.0456,2.67,2.99523214851231,5.98194437372382,3.17,6.448
92.1,2750,437,7.82109361000693,7.67173366312734,8.24745578664074,6.4833672303924,0.0734,3.1,3.04499851485691,5.97342785962183,2.94,6.346
92.3,2975,482,7.83352496686742,7.65449066515531,8.22892429317004,6.5059634089429,0.084,2.81,2.95073490762326,5.97108325241611,2.7,6.348
92,3526,454,7.85183234650756,7.66091510637531,8.2190566610606,6.5082175763697,0.0813,2.81,2.90526037038992,5.95394438719406,2.9,6.465
92.2,3176,450,7.82064021772146,7.5988503674406,8.21695257653167,6.46139006737678,0.0789,2.78,2.97603964020825,5.94926139088954,3.08,6.41
92.2,3054,438,7.83774770840766,7.58609333170934,8.26038946385922,6.48002920940754,0.0574,2.79,3.0243197304059,5.95932867707791,3.01,6.242
92.2,3371,454,7.88438447032042,7.66519097239894,8.28240711596797,6.53281455110061,0.0463,2.79,3.11750733047991,5.94840045763696,2.81,6.102
92.5,3145,550,7.89035792185812,7.668794725585,8.28881096659612,6.55858073591133,0.0735,2.94,3.18552584518665,5.94298308528508,2.89,5.879
92.4,3119,455,7.95466720375448,7.74746727546401,8.30844552038576,6.62938969896788,0.054,2.96,3.11971825333498,5.93449729146673,3.01,5.76
92.4,2634,446,7.96556990200071,7.74746727546401,8.3232442983813,6.60764967334769,0.1222,2.96,3.17387845893747,5.91079664404053,3.08,5.718
93,2474,536,8.01885591297198,7.8306641020993,8.36072645268772,6.66716029989386,0.1538,2.89,3.15572300986293,5.87242760063391,3.03,5.655
93.2,2411,477,8.08980145384949,7.86626225177916,8.36829862840067,6.67307039108292,0.1562,2.89,3.03639425527288,5.8481136722121,3.01,5.468
93.3,2770,437,8.13383102696438,7.88484001164495,8.36936578801862,6.62952175490078,0.1608,2.83,2.95543097678047,5.86309125714108,3.2,5.645
93.5,3129,470,8.14267138920623,7.87834478426367,8.39750834847026,6.68628535993314,0.1564,2.77,2.86048512414597,5.8420070039332,3.2,5.794
93.5,2835,481,8.17828237828274,7.85705512653607,8.43843128751221,6.74321080450766,0.0805,2.74,2.95178038602481,5.8401764328942,3.22,5.702
93.5,3540,418,8.23400497790462,7.95798233863351,8.43481110401868,6.78574584113656,0.1151,2.76,2.86505394991188,5.83117841717464,3.23,5.618
93.6,3092,492,8.39061358361606,8.03128778067914,8.49851992615062,6.86098856369506,0.1609,2.67,2.91235066461494,5.7810521101475,3.25,5.488
93.7,2855,364,8.27379336987045,7.9267830883074,8.48001040028852,6.80180566840099,0.1524,2.67,2.929058140286,5.78077437951357,3.42,5.604
93.8,3432,475,8.33204126578474,8.00913043042744,8.56487802022517,6.85359475095007,0.1101,2.7,2.91506437048654,5.77709489234513,3.43,5.554
93.6,3478,497,8.23048661954235,7.91545771017819,8.48514505311269,6.81850867312929,0.1454,2.63,2.9882040071332,5.7834251023084,3.58,5.568
93.8,3086,471,8.28704518558621,7.95661690805273,8.48297430760725,6.86213012650962,0.1179,2.66,2.94443897916644,5.72371581236365,3.75,5.538
93.8,3172,429,8.34860879942988,8.00600080106627,8.54393248860586,6.87773926469115,0.0953,2.65,2.83321334405622,5.66552662920167,3.69,5.292
94.9,2519,415,8.39897926456458,8.06214913900337,8.60492930572032,6.88783827502801,0.0778,2.65,2.71403227277976,5.6667726490223,3.48,5.068
94.9,2649,423,8.45401052147021,8.13795120270929,8.65995927851136,6.9559166415166,0.0638,2.63,2.64333388638252,5.69538061097536,3.44,5.014
95,3168,538,8.53645645759708,8.26237837078975,8.68815045105527,7.0046551037221,0.0648,2.61,2.57108434602905,5.69015673107439,3.45,4.94
95.2,2765,502,8.56431147877818,8.26382749781411,8.68750962461015,7.01369062939081,0.0592,2.54,2.59450815970308,5.73104089842703,3.56,4.945
95.2,2812,356,8.62281191585531,8.30428703667858,8.6777291894073,6.99468493673115,0.0855,2.51,2.66653352089928,5.7007779656359,3.63,4.997
95.3,3480,439,8.67279939625285,8.34366094204554,8.67121816579825,7.03336535071358,0.0754,2.5,2.48989419129904,5.6778490926297,3.54,4.847
95.1,3293,444,8.67610792356094,8.33742279181169,8.67198939387571,7.02168203892944,0.0486,2.4,2.48573963609189,5.67972882455248,3.5,4.763
95.1,2758,326,8.47871839527768,8.2335642220338,8.56586904473696,6.86409596024601,0.1803,2.37,2.4748563139345,5.64936148711431,3.44,4.533
95,3698,540,8.39636029475831,8.07026524317763,8.52999093036321,6.9246222384442,0.3532,2.33,2.5922651681085,5.66635748156547,3.35,4.192
94.8,2916,364,8.45339897646741,8.16704828941226,8.60124016098505,7.00185567633588,0.3229,2.17,2.53051716104005,5.69012293987024,3.32,4.143
94.9,2886,378,8.52240760012629,8.25410743631696,8.65589368410403,7.05929971254057,0.2079,2.15,2.39059597031676,5.68398784732802,3.42,4.185
94.8,3426,306,8.51850629371993,8.27961087907993,8.6797541366329,7.11414322018729,0.1347,2.13,2.28238238567653,5.67565731093035,3.33,3.953
95.1,2497,285,8.55261632577097,8.35509765580403,8.68202943386917,7.15433407880278,0.1349,2.02,2.40333499609419,5.65976092256187,3.1321,3.801
95.1,2572,327,8.49779831302317,8.31701880279569,8.72828037151156,7.12151894120252,0.0939,2.01,2.32238772029023,5.66063138100022,3.0934,3.932
95.2,3215,390,8.48987749564927,8.34233488706031,8.7475585711883,7.15957957346144,0.0707,1.95,2.52332575969195,5.65585194089865,3.0467,4.139
95.5,2941,342,8.58680132924136,8.39057501262415,8.78755617990624,7.19682143343357,0.1335,1.87,2.72785282839839,5.6441032391546,2.6965,3.995
95.5,3023,263,8.53081792061978,8.37822764080695,8.73652150520874,7.17153390109745,0.0816,1.89,2.7173402480093,5.62199379922319,2.579,4.193
95.5,3318,364,8.59016852609252,8.41993528588505,8.75123711719874,7.22454213868754,0.1513,1.91,2.75810940097495,5.56570744198181,2.6267,4.513
95.7,3082,281,8.53736244110606,8.38527422590357,8.73743652553837,7.1919713297418,0.1066,2,2.94496515650034,5.54548989566161,2.6765,4.821
95.7,3058,273,8.56993174471381,8.43146540082246,8.73976056114471,7.18569759929861,0.1262,2.08,3.00667221359233,5.54786913113855,2.695,5.03
95.8,3130,346,8.54671899855034,8.43194460641363,8.70446908928412,7.15673027587751,0.1384,2.2,3.10906095886099,5.57874821228562,2.7267,5.215
96,2896,308,8.6171109042191,8.49466535798476,8.74124835833265,7.21739211248606,0.1163,2.47,3.08876713952118,5.73889218510296,3.3757,5.449
96.1,3344,332,8.68203622472128,8.58328427863661,8.79440062517936,7.23627457044766,0.1466,2.51,3.2023398562281,5.68078675486189,3.4677,5.178
96.8,3492,329,8.84766749592298,8.69254381159083,8.84364397997918,7.29250734549276,0.1572,2.66,3.2422016501717,5.64569421688063,3.446,5.276
98.4,2622,310,8.82989954310946,8.64114561215357,8.74329237055608,7.24026249452734,0.1171,3.36,3.23396146228624,5.65010036440634,3.3431,5.666
98.5,2996,345,8.94174822912105,8.73084543620709,8.73754887586341,7.21994949209044,0.1317,3.46,3.32143241319329,5.70331569906676,3.5368,5.655
98.6,3330,365,8.93582327792303,8.74608814048871,8.78572305488679,7.31227324272712,0.1093,3.51,3.31309450010718,5.65735451827579,3.747,5.479
99.4,2842,306,8.91121712161215,8.76712981551629,8.7526446728305,7.28099333177372,0.1518,3.68,3.11529150861163,5.63368184697671,3.9253,5.381
99.4,3190,379,8.86921109724706,8.7681479630729,8.75768929690506,7.25883457937797,0.1327,3.55,3.3083508312958,5.61746176818967,4.362,5.501
99.4,3167,336,8.83901723098659,8.7712988377988,8.75031878718965,7.2824862109364,0.0883,3.6,3.39047341829918,5.65504730897432,4.5017,5.309
100.7,2944,356,8.88049792602443,8.78607314170162,8.75861661195412,7.26600994374292,0.0772,3.96,3.35095616522541,5.64045211228971,4.5829,5.401
100.7,3142,452,8.88411844823873,8.79866903329854,8.80577988387281,7.32493816743445,0.0897,4.01,3.38201456224538,5.61484196535955,4.7771,5.361
101,2909,354,8.82440139956156,8.74299399039866,8.74738388444493,7.2699718465577,0.0595,4.03,3.48492559719287,5.61195954066935,4.8528,5.414
101.4,2836,440,8.86466753104401,8.76368760187456,8.77003532585753,7.26501007186582,0.0577,4.31,3.43172658669698,5.59842195899838,5.0413,5.348
101.4,2742,495,8.75972047100657,8.68745567531923,8.72293829495224,7.18155388394222,0.0439,4.39,3.48185528467961,5.58353390206002,5.092,5.296
101.4,2690,360,8.7692910691871,8.68717558657473,8.73592703424175,7.18559913648791,0.1091,4.44,3.2240623515555,5.60377796035146,4.9392,5.029
104.3,3285,447,8.82396294991931,8.69926308887997,8.74790800822677,7.21964936789717,0.0928,4.65,3.24415363205247,5.58157717518923,4.7707,4.93
104.6,3118,451,8.73363275860144,8.58811379989037,8.68573691871501,7.1228182230763,0.0699,4.59,3.31090791031469,5.56784819741537,4.7558,4.916
104.5,3172,453,8.6707637364264,8.55264724170871,8.63652173355087,7.05645968852837,0.1685,4.57,3.19458313229916,5.57226809411352,4.7086,4.826
104.7,2700,427,8.74265561462764,8.63764462550653,8.69399956752208,7.13046670569396,0.1426,4.48,3.24415363205247,5.56252608281418,4.682,5.016
104.7,3211,544,8.71984987520651,8.60413938879839,8.66495784309813,7.13554398188646,0.1557,4.36,3.34814816057234,5.60712472061477,4.6367,5.221
104.8,3057,440,8.70919769728043,8.56127324766066,8.63808250869169,7.11018987639464,0.1229,4.33,3.3221541743217,5.59927344823036,4.4536,5.17
104.9,3253,540,8.67610792356094,8.53415055242562,8.61778035028985,7.09939163507561,0.0781,3.75,3.20030443928277,5.58923170958048,4.4671,5.172
105,2581,520,8.55413629779126,8.453047093324,8.58391682345914,7.03313600654644,0.0906,3.79,3.24649099190117,5.60723486288197,4.3535,4.979
105.1,2832,462,8.36826383386403,8.31361204737122,8.49768410111198,6.94787937377702,0.1343,3.79,3.24024585060439,5.64692989639672,3.9829,4.979
105.1,3164,589,8.42488706916933,8.37592682693542,8.52510187423906,6.96581664603971,0.0606,3.52,3.01944880017131,5.64565888930569,3.5999,4.765
105.1,2471,530,8.51517318377386,8.40649848734894,8.55710599149446,7.03830092597642,0.0746,3.46,2.94127608775793,5.62098040789506,3.3857,4.62
105.4,2216,431,8.54871125712466,8.43914085187856,8.55975445378289,7.04584622258545,0.0479,3.4,2.92316158071916,5.61985723971844,3.3449,4.89
106.9,1977,602,8.5384868365926,8.40332326587316,8.54962162081949,7.03014984399266,0.1172,3.06,2.96990151351947,5.64016797092747,3.3388,4.969
107,2043,520,8.52497882019949,8.40357427641267,8.53719187792293,7.00916498287287,0.0871,3.03,3.01012815383772,5.68866883684615,3.3571,5.025
107.1,2219,506,8.59365226195657,8.45276560172555,8.57012710214713,7.04524508954008,0.0567,2.97,3.16505301817069,5.68378382814951,3.3908,5.272
107.3,2364,486,8.5253994666446,8.40351825858848,8.54977656021737,6.9818604347954,0.0635,2.81,3.24454357161678,5.71267614182632,3.4069,5.25
107.4,2400,532,8.48017640726625,8.36045519934812,8.53406999317707,6.97273746541861,0.06,2.83,3.23435539571659,5.75095227913259,3.4671,5.306
107.3,2624,535,8.38538832097987,8.26821631208063,8.44599787540161,6.89752311581543,0.1385,2.9,3.18345587963694,5.77200171363334,3.464,5.162
107.5,2404,672,8.2161259068365,8.13604400534971,8.3537797903068,6.8152232312218,0.1469,2.95,3.24921102466427,5.74712927915957,3.41,4.993
107.4,2344,493,8.21957927871634,8.12154274981073,8.34931872416651,6.82009278896357,0.1526,3.01,3.28203839982584,5.73741065563619,3.3519,4.711
107.5,2320,575,7.92625236782144,7.92928850190949,8.22196271432662,6.70353164845518,0.3002,3.08,3.34427423426253,5.76562987798228,3.3101,4.497
107.5,2889,703,8.05606211575709,8.05517044253255,8.30392569868517,6.78644604457433,0.2493,3.28,3.31600253559892,5.75751279707717,3.2613,4.58
107.7,2722,586,8.10781646328787,8.10972104114574,8.3355273961262,6.84194661561783,0.2147,3.34,3.18552584518665,5.76541051444902,3.1241,4.555
107.5,2984,561,7.96992136143049,8.02744712833946,8.27903749519819,6.77971734942011,0.1441,3.36,3.3506055955461,5.80489397602461,2.941,4.363
108.3,1953,657,7.91856681664145,7.9854434719634,8.17959229074957,6.75191986168956,0.251,3.61,3.44201937618241,5.87734354800328,2.8318,4.189
108.3,2065,639,7.84269112496307,7.92083512123075,8.2040155441122,6.73477003218979,0.3566,3.67,3.48584485572244,5.88323881953688,2.6875,3.971
108.3,2899,620,7.79312076365792,7.87034162278728,8.19237677470417,6.74309286878278,0.4635,3.74,3.41246697392039,5.83056195768733,2.53,4.013
108.3,2217,794,7.98685851051813,7.99080371751153,8.27537637483641,6.82102020880916,0.3796,4.03,3.21967550503877,5.793562238347,2.5333,4.232
108.4,1827,757,8.00057748140632,8.00361377945362,8.30600293834346,6.87066592080699,0.5225,4.04,3.25076201373052,5.87403145021589,2.4005,3.913
108.5,2588,737,8.07731677076088,8.03401519135494,8.30181936525383,6.88192451894762,0.4972,4.05,3.31600253559892,5.87591339394788,2.1519,3.722
108.4,2166,757,8.15704367728649,8.07411033096637,8.33254893925264,6.89801802296109,0.4211,4.04,3.34638914516716,5.86084320189954,2.13,4.036
108.6,2027,596,8.15610282181698,8.10513235584192,8.33353476484747,6.91573337890505,0.289,3.98,3.39551459852666,5.88546493838479,2.1404,4.185
108.5,2471,869,8.08849426507712,8.05038126007947,8.31661805887912,6.90371710723362,0.3165,3.97,3.29953372788566,5.93740427025804,2.1473,4.212
108.3,2401,805,8.2041221946053,8.12361711317422,8.3634824375938,6.95722136793674,0.2729,3.88,3.38743646641212,5.93732510100733,2.1436,4.27
108.3,2184,786,8.22843052226342,8.1387954463355,8.37622854854764,6.96432458432741,0.2129,3.9,3.35933317756346,5.96591594326161,2.159,4.409
108.3,3377,731,8.28530146415101,8.17692573460912,8.40668609979217,7.01384356929851,0.1504,3.97,3.39886132186461,6.00869032777305,2.1463,4.326
108.4,1920,732,8.30859338968913,8.19931028112349,8.38724399114408,7.03097241635623,0.189,3.87,3.43977686362963,6.02535859875554,2.0895,4.181
109.1,1957,768,8.29857934348785,8.22294022880626,8.41009788194283,7.04310746169233,0.1335,3.89,3.42978483851407,6.00359072690582,2.0705,4.122
109.8,2506,902,8.25756716181945,8.19567300803499,8.38610457171962,7.02661325751369,0.1967,3.86,3.52046080248897,6.00800204574691,2.0288,3.934
110.3,2072,739,8.29034527766572,8.20911248197778,8.40954120686165,7.00967994280063,0.1275,3.92,3.50735757749055,5.99958151520993,2.0488,4.127
110.2,2092,744,8.27420653954682,8.20784608664418,8.39631290818201,7.02169097083672,0.1994,3.95,3.63547867738682,5.9500694717416,2.0859,4.371
110.7,2883,848,8.30714600215383,8.22496479742157,8.40382292711984,7.03952008219883,0.1155,4.01,3.56076195133349,5.97220527216917,2.1127,4.422
111.2,2725,745,8.26760558454923,8.20168763710052,8.3923326914633,7.00462784735167,0.1198,4.28,3.64727590425886,5.98667811037402,2.116,4.306
111.4,2945,752,8.23885663619566,8.18709898000106,8.4027470382245,7.00691258567157,0.124,4.34,3.76189754685051,5.99273873498571,2.1143,4.146
111.1,2516,833,8.26690963497575,8.19990655839868,8.42744348054207,7.01623289188984,0.0616,4.41,3.76999850539873,6.00457818625337,2.1186,4.09
111.7,2472,703,8.28406243356896,8.21792966353192,8.43905870424904,7.03014984399266,0.06,4.83,3.90841650983403,6.04134935003698,2.1473,3.964
111.4,3023,824,8.3250636936312,8.23051061929754,8.45599844861562,7.06801862089949,0.0381,4.96,3.76236223087374,6.08536464230103,2.1703,3.845
111.2,4350,759,8.35610384616402,8.24830929739557,8.47934589407055,7.09996119411097,0.0319,5.01,3.67983870946179,6.09149086117511,2.1732,3.632
112.4,2048,797,8.35581481077468,8.2722359268825,8.48720805807413,7.07434542641566,0.0181,5.46,3.79053310784044,6.04980420744594,2.1454,3.558
112.4,1927,840,8.37804381520411,8.30081667002082,8.51087326267142,7.09307232447169,0.03,5.49,3.81903013857898,6.04819926008829,2.1383,3.547
112.5,2369,988,8.37764833007729,8.31085268220593,8.49584695344399,7.07376956355,0.0261,5.52,3.97180020946401,6.0726988522395,2.1372,3.689
112.8,2295,819,8.33922371313514,8.27172988755747,8.47672534153614,7.05345605204978,0.0259,5.86,3.94854778011052,6.06199290579752,2.1372,3.477
112.7,2535,831,8.40304526441438,8.32378560626077,8.5099671463245,7.0829682965388,0.0338,5.89,3.88506282384536,6.04469720970471,2.1256,3.304
112.7,3003,904,8.43082447006105,8.34980361910156,8.53958074849157,7.08282557217429,0.0521,5.91,3.99470837204675,6.06531891567846,2.111,3.134
112.8,2489,814,8.49423157977889,8.40105036253498,8.57211685093724,7.11816210444616,0.0247,6.42,4.05317528518403,6.05086489038943,2.1194,3.269
112.9,2436,798,8.48253755017613,8.38921432364047,8.5748770043193,7.10687655694326,0.036,6.56,4.16028834551614,6.08205908025269,2.1325,3.283
113.3,2536,828,8.52597851063949,8.43381593464163,8.60844061946673,7.11380154806445,0.0413,6.58,4.14281721567288,6.12260245262617,2.1391,3.116
114,3124,789,8.50290557256162,8.39760983002056,8.57872089797592,7.09590151415811,0.0404,7.28,4.06936857615192,6.15251990610877,2.1966,3.279
113.7,3266,930,8.55514384877461,8.42670161777955,8.59844136213101,7.13048272811284,0.0311,7.46,4.01710348187865,6.16682442756839,2.3609,3.478
113.8,3168,744,8.59568265022307,8.45855297012406,8.63387336219622,7.12952992502291,0.029,7.49,4.03865565636151,6.23460678492888,2.4729,3.353
115.2,2205,832,8.64367603412451,8.50673675978367,8.65874480176033,7.15467782063049,0.0384,7.96,4.15214166094832,6.30966370036978,2.5117,3.327
115.5,2335,826,8.66493021145674,8.51728322636297,8.6641466043724,7.15513087571389,0.0455,7.95,4.09301033920896,6.31896811374643,2.6004,3.476
115.8,3158,907,8.69451561969702,8.5604155216404,8.6935972908188,7.16616557922334,0.0432,7.99,4.13115853534482,6.32272680676694,2.7226,3.656
116.6,2534,776,8.70116174732889,8.55418062457823,8.70335737214126,7.17824794549257,0.03,8.24,4.25476128362801,6.4145239636171,2.7938,3.921
116.8,2459,835,8.64696801297975,8.5031308132249,8.65238816534205,7.14684301617225,0.0421,8.28,4.25120585074233,6.51529030180099,2.889,3.964
116.9,3131,715,8.64528909884455,8.51036190340975,8.67135528300874,7.14692960892758,0.0508,8.29,4.23207545791038,6.39049231325214,2.9857,3.973
118.8,2575,729,8.64505332040814,8.51907540334349,8.68749274003708,7.15200259833357,0.0317,8.58,4.30271282795416,6.45159143654266,3.1022,3.994
119.1,2671,733,8.67583147100278,8.5496681335082,8.68374101062896,7.17305365495377,0.023,8.71,4.29878088607061,6.44982250296918,3.2265,3.903
119.3,3398,736,8.70023616759131,8.56598521577441,8.69295994647336,7.19732305406808,0.0204,8.77,4.13947725232944,6.393908429239,3.3354,3.778
120.1,2320,712,8.74335935754427,8.58461442479343,8.72081954656992,7.22834486673864,0.0179,8.97,4.06697336542597,6.37294429246564,3.502,3.82
119.9,2889,711,8.74976257027362,8.58066366808482,8.70763170016768,7.24467741786987,0.0248,8.99,4.06868481544152,6.44226942918522,3.5972,3.749
119.8,3830,667,8.79435814060137,8.62006737659453,8.73565376342938,7.25721428472778,0.02,8.92,4.13212192655613,6.44538643048434,3.6842,3.819
122.8,2311,799,8.82307511667182,8.63200471588078,8.73280446181797,7.27117541603511,0.0232,8.59,3.99452422693989,6.44757523988504,3.7519,4.052
123,2037,661,8.8121646229691,8.61546621837811,8.72769719918398,7.24908707898173,0.0341,8.56,4.05629649458457,6.49941103012313,3.8182,4.074
123.5,3020,692,8.84174173464885,8.63660337472735,8.74957394808293,7.25901759076643,0.0918,8.37,4.1293899039649,6.48448255222401,3.8909,3.978
124.7,2538,649,8.91043322582704,8.69283247798985,8.77171140137435,7.30139743401967,0.0522,8,4.21064501791826,6.52116589814278,3.9753,4.194
124.8,2459,729,8.97246890020469,8.71669957296429,8.79807720936702,7.33342815787156,0.0314,7.98,4.21183125767777,6.5032547055608,4.0714,4.328
124.9,3254,622,8.98811138032476,8.70862812429395,8.79602116713568,7.31545121400189,0.0628,8.03,4.26717679299494,6.48564236190108,4.1478,4.614
125.2,3197,671,8.9338145217441,8.65714295580391,8.75779939483551,7.28294674282152,0.0489,8.13,4.34639945703073,6.50035830602415,4.2162,4.564
125,3039,635,8.94091331446128,8.64165612369172,8.74882855377736,7.29572828184045,0.0674,8.34,4.25985900069967,6.5004033920257,4.5436,4.383
124.6,3665,648,8.96973394916612,8.65097029352671,8.77443664452511,7.33089657210324,0.0852,8.54,4.34549230994591,6.56899041630104,4.7417,4.343
125.1,2841,745,8.98959646608354,8.67384648480648,8.81308151494384,7.34561013304342,0.0493,9.16,4.41715243664926,6.62618780753021,4.6874,4.376
125,3116,624,8.97087941546739,8.64304488973217,8.7691185441559,7.30056735041251,0.0556,9.47,4.52753291626094,6.69239386810998,4.6385,4.209
125.1,3313,477,8.99557659011614,8.633033020803,8.77290459031392,7.29190140074168,0.0444,9.49,4.51579237483687,6.68860374893746,4.8484,4.338
127.9,2479,710,8.83225937308078,8.49080610200555,8.67927799349121,7.22878753653537,0.1241,10.7,4.5209186335405,6.79077192349632,4.4815,4.131
128.2,2193,515,8.81702069110955,8.47442350053293,8.68004303295346,7.19340779694292,0.0894,10.84,4.55198035747397,6.82687055024167,4.3621,4.046
128.3,2856,461,8.78492306828206,8.45682087536803,8.64858982415127,7.18743034411651,0.1762,11.04,4.63744374653839,6.87567620351839,4.5964,3.974
130.2,2856,590,8.84632711464317,8.51650095967912,8.71395988055644,7.23388129602409,0.1442,12.19,4.70220614849969,6.81312586740253,4.7835,4.21
130.7,2775,415,8.86739785361504,8.52004507791931,8.70839189614779,7.24449891083149,0.1051,12.38,4.81979757753396,6.78971471016694,4.8574,4.362
131.4,2762,554,8.76691165277474,8.39724909439793,8.63513619691565,7.15461535691366,0.1599,12.63,4.8907249974237,6.79064826477176,4.9405,4.734
133.4,2954,585,8.77640789491192,8.38762191585283,8.59635549361774,7.14470706027989,0.1271,14.37,4.89686917979781,6.84563516447374,4.961,4.687
133.3,3172,513,8.7675315576146,8.40795853607212,8.63703634315884,7.15682381963138,0.0931,14.64,4.73488179250975,6.73224646268134,4.9652,4.398
132.7,3349,591,8.67094722458961,8.3020426353359,8.4975005580705,7.06164305455444,0.1239,14.85,4.59572572716009,6.72134135988465,5.0192,4.353
131.7,2919,561,8.5147843354509,8.15681714053743,8.38418733031869,6.87600658066756,0.3179,15.93,4.28826525485941,6.69285267756951,5.1131,4.228
130.9,3253,684,8.4487944164904,8.09030420168104,8.36357570275064,6.79820822335425,0.2197,15.81,3.97480999352691,6.63444937247486,4.2383,3.963
130.2,3167,668,8.47849398281581,8.07650599593638,8.39710253920495,6.80599937002775,0.2435,15.5,3.72761928242987,6.70452464299981,3.2926,3.647
130.8,2050,790,8.3752493930635,7.99763620063203,8.33076724657109,6.71644949042893,0.1952,13.89,3.80354652909206,6.75540797209997,2.4565,3.763
130.5,1955,766,8.25420112732379,7.90192514153033,8.25064621699146,6.59999297722974,0.1841,11.04,3.76676599277101,6.84906628263346,1.9431,3.797
130.3,2330,1040,8.3150182564863,7.93999272613018,8.27540187060315,6.681945670791,0.2593,10.9,3.84673753872952,6.82900423674951,1.6355,3.658
129,2403,949,8.46998631413636,8.058279868114,8.3531908552293,6.7717178890346,0.1954,8.51,3.92888012249457,6.79144615658175,1.4223,3.771
129,2126,758,8.50528655268805,8.09488195128151,8.39341972694289,6.82343846618977,0.2013,8.09,4.0594079923412,6.83373191863335,1.2817,3.853
128.9,2237,1023,8.47816960732774,8.05211817768673,8.35448605487039,6.82363427428373,0.1672,7.95,4.2285840374303,6.85189367098472,1.2279,3.956
128,2683,921,8.58150796321129,8.13922749072287,8.43563598297298,6.89515622362674,0.1925,6.67,4.17300169504538,6.83972266059029,0.975,3.764
128.4,1852,775,8.60604800977326,8.20345185025156,8.49880514320925,6.9281655599696,0.1251,6.92,4.28358656186063,6.85580913995895,0.8605,3.609
128.4,2598,907,8.64385406327298,8.24154769769891,8.54362086422967,6.96326562733734,0.1143,7.13,4.21493845852052,6.90433945168097,0.7721,3.58
126.5,2291,835,8.59692076531726,8.19082294095983,8.52607366258075,6.94330574714022,0.1325,7.6,4.29305879961314,6.95000984687897,0.7375,3.533
126.5,2137,871,8.6351451363622,8.21070876457249,8.55462387945169,6.99908482372696,0.0938,7.81,4.34432476748987,7.02735000586779,0.7162,3.52
126.9,3068,836,8.69239448855172,8.27800411593647,8.59654025454097,7.01669934407726,0.1272,8.01,4.31307840504761,7.03414120344579,0.712,3.438
126.8,1559,789,8.63209029593197,8.22669648452801,8.55419991704533,6.97902422036506,0.088,8.8,4.33558994890029,7.01926087489968,0.6797,3.467
127,1527,811,8.6302468319376,8.21846366635725,8.58569260784093,7.00713896010691,0.1149,8.8,4.30824553216938,6.99888400139322,0.6617,3.356
127.9,2023,996,8.72478439834741,8.28753094198126,8.64463610389442,7.0642717755233,0.1512,8.93,4.37285974684906,7.01511978530866,0.645,3.368
128.6,1811,778,8.72187948184688,8.2472174302634,8.62214758946322,7.07892314853022,0.1851,7.52,4.44241593468667,7.0463774416203,0.6447,3.321
128.8,1878,603,8.69355201942357,8.16267593485211,8.55418062464448,6.99339157564673,0.5488,7.27,4.33401741548752,7.09459162874322,0.6865,3.018
128.5,2279,990,8.69375150927368,8.14406648286782,8.50043350973955,6.93800312624122,0.4811,7.74,4.31535250140589,7.11714061865874,0.7276,2.899
128.4,2710,735,8.72387725998182,8.20060119676538,8.56750600528983,7.00451892525208,0.2658,8.04,4.31401542405734,7.08420127509271,0.8488,2.853
128.6,2037,800,8.68697313240126,8.15788336178445,8.56124839099136,6.95590710236466,0.2172,8.45,4.33977132177677,7.10316580031781,0.8955,2.558
128.8,2076,706,8.73697429924802,8.22018238989553,8.62130094026744,7.03983557655269,0.2818,8.28,4.35401288821868,7.14754353542442,0.8805,2.524
128.7,1828,766,8.79503249995482,8.25153350299895,8.64386111843444,7.07602862830318,0.1486,8.29,4.41787628756758,7.20193122055023,0.9977,2.577
128.8,3128,870,8.80814345261646,8.19158491121473,8.61763559782052,7.07373575192346,0.1381,8.59,4.45050270597595,7.22248572362779,1.042,2.785
129.5,2285,647,8.84133109204521,8.24401345758656,8.68269066404544,7.13699223943246,0.0928,8.74,4.51961229762644,7.23745463131592,1.0217,3.155
130.6,1657,726,8.86467318829961,8.29542369565517,8.67639962404749,7.15938520924487,0.05,9.61,4.56736447125219,7.21557815683555,1.0172,3.228
130.3,1691,784,8.89183061508823,8.32126348585763,8.69851424787661,7.1908417860077,0.0688,9.36,4.64400620977329,7.22597625574275,1.0867,3.408
130.2,2112,884,8.85954951976601,8.29134095793249,8.68419801104379,7.18979392425311,0.1297,9.37,4.74005066818191,7.260705293979,1.1755,3.423
131.1,1815,696,8.92458443812787,8.32042861583611,8.71109739336465,7.21789086302336,0.0831,10.36,4.81275329918425,7.30039853737024,1.3212,3.647
131.1,1566,893,8.89476486169077,8.29578312200373,8.6978466911095,7.20429794356807,0.0756,10.3,4.74022541698096,7.32157208106822,1.4251,3.403
131.2,1794,674,8.90601933439152,8.28959221075795,8.69042358104778,7.18587175765614,0.1073,10.26,4.73409096605493,7.33260462622076,1.4886,3.283
131.6,1871,703,8.87609346028177,8.20870143019205,8.66823049175697,7.16416340179948,0.0711,10.99,4.75754786640897,7.36058095845014,1.5976,3.172
131.5,1368,799,8.66299772710536,8.08848811818929,8.5931351949914,7.10569589952752,0.091,10.81,4.70120737418503,7.47250642976972,1.5521,2.677
131.6,2155,793,8.61287058015474,8.00033606833984,8.54256849774747,7.03122879880773,0.1278,10.85,4.70844853544159,7.47994313481616,1.5365,2.336
131.3,2408,799,8.7227982129708,8.0842047951933,8.62050765048338,7.13353539057712,0.1105,11.42,4.69565053911647,7.41843889266517,1.5759,2.464
131.3,2292,1022,8.71421284074993,8.05662336106975,8.61348468999589,7.12846383685461,0.1949,11.32,4.70501552095781,7.46106551435428,1.4847,2.446
131.5,1988,758,8.68242794637924,8.05826719686301,8.62556313903146,7.13696040226172,0.1901,11.53,4.68129754637564,7.402433227968,1.4261,2.376
132.8,1173,1021,8.77321587604256,8.10123827180839,8.64498817937698,7.17962044672953,0.1691,11.45,4.7109706048743,7.4109821048728,1.2222,2.197
132.9,1354,944,8.83289114019774,8.14683938872653,8.67786541680514,7.21940779140158,0.1096,11.12,4.78498861256393,7.46440667745354,1.0483,2.236
133,1475,915,8.84604073062693,8.13850926230003,8.66016736036734,7.25025926703457,0.116,11.97,4.82775358044374,7.42413544766146,0.8585,2.249
132.9,1271,864,8.81895418032126,8.07489812530885,8.65483110654394,7.24273356748958,0.0951,11.42,4.79131774761558,7.40804560083274,0.7443,2.291
133,1439,1022,8.74263488126601,8.01202155701899,8.57939772260656,7.17803425933096,0.1571,11.64,4.70519650005522,7.3708853392847,0.6849,1.961
133,1847,891,8.76659375598336,8.06985863477435,8.6253657846314,7.21682697920466,0.1457,11.49,4.56006821207567,7.37698360776012,0.6589,1.926
132.9,1648,1087,8.82059010134782,8.09914724904847,8.63680562908477,7.22934586414494,0.0953,11.13,4.63608728862281,7.37418377504842,0.497,1.747
133,1349,822,8.84948384582466,8.13536747843521,8.650236965174,7.24891647384681,0.0807,11.18,4.73039215074147,7.39652545976719,0.3324,1.757
132.9,1634,890,8.88407683508545,8.11815341696908,8.65558029307108,7.27286359264307,0.1009,11.08,4.73074500889616,7.46440094618691,0.2463,1.844
132.8,1468,1092,8.89022186479915,8.1401026953527,8.66262601439908,7.25287575028502,0.0639,11.58,4.71823097827211,7.46541486909534,0.2079,1.767
132.8,1525,967,8.90997824636703,8.17675149502345,8.67706458608145,7.25571842274547,0.0534,11.83,4.6978405208294,7.4510326038983,0.192,1.65
132.7,1359,833,8.93753247999283,8.20003289215396,8.68233464588418,7.26276179084619,0.0518,11.79,4.69756703525406,7.42937839940746,0.1855,1.562
132.3,1133,1104,8.95880375108375,8.22486034700419,8.74463149145528,7.31195958284493,0.1023,11.87,4.72712229673884,7.42168607670154,0.2049,1.738
132.5,1035,1063,8.95437660589799,8.22228507387272,8.75790940388162,7.32295950997129,0.0869,11.77,4.75806293209123,7.39484338391048,0.2234,1.827
132.4,1355,1103,8.96127755735251,8.22454411633849,8.76587975582291,7.35831480430099,0.0371,11.87,4.6935472966055,7.37343080548928,0.2061,1.669
132.2,1313,1039,8.97635197242364,8.25758013889205,8.76874538439763,7.37623897013764,0.0679,12.88,4.63356326048931,7.30509412494516,0.2089,1.663
132.1,1414,1185,9.02987786735341,8.28111385443018,8.79226105282945,7.39678917252116,0.0445,12.29,4.63502020795698,7.25419906263881,0.2012,1.691
131.9,1419,1047,8.98208631110005,8.22654938054403,8.73480145123177,7.38167624375088,0.0962,11.92,4.63579637952985,7.20292177314354,0.2103,2
131.7,1546,1155,9.02111138093221,8.29222045340964,8.79801681301873,7.42995397180266,0.0613,11.6,4.6795352679434,7.1589185847335,0.2214,2.032
131.8,1094,878,9.00000814185767,8.27735608203235,8.76606685047313,7.39815570376472,0.0459,11.64,4.70916977600658,7.20914793041711,0.2259,2.196
131.7,1577,879,9.05886615284707,8.32928162543323,8.77372512629956,7.42747129513114,0.0468,11.25,4.71510024536029,7.20682229630048,0.2232,2.322
131.4,1399,1133,9.10874165210619,8.36634475182037,8.81453841027141,7.47110126624398,0.0508,11.37,4.69574188417248,7.18279274427583,0.2258,2.177
131.4,1456,920,9.14902861842005,8.36525571820606,8.80246236982755,7.49876455601721,0.048,11.42,4.68287169365194,7.15137574001695,0.2234,2.056
131.4,1351,943,9.16452260224224,8.36542804277885,8.81716445611309,7.52205403049927,0.0595,11.55,4.70655280027669,7.10784307732004,0.2735,2.156
131.7,1590,938,9.13846626109545,8.33464446042018,8.78115616224739,7.48582262272325,0.0512,11.59,4.67674638447731,7.1263042915496,0.292,2.098
131.5,1286,900,9.17906434418045,8.39119451718317,8.82610337399128,7.52803599779552,0.0536,11.3,4.68960324196292,7.16979641432596,0.2881,1.891
131.4,1422,781,9.16491510655973,8.38742613335717,8.7945824595826,7.53494424622247,0.0633,10.88,4.67656018207476,7.19749523254336,0.3053,1.81
131.8,1422,1040,9.16985482803758,8.40902655049127,8.82173238093444,7.54112588958805,0.0303,10.73,4.68018488979354,7.168926524393,0.3297,1.846
131.8,1383,792,9.20465117222606,8.41617209661575,8.83120068903557,7.56193808560141,0.0304,10.2,4.69756703525406,7.16142027584423,0.3246,1.709
131.9,1511,653,9.19350650547156,8.39453726740039,8.81639365709582,7.58081708231497,0.0304,9.77,4.71733748285884,7.15391198460535,0.2414,1.598
132.1,1783,866,9.14926044635595,8.35376564619337,8.81434529587976,7.56562239467698,0.0293,9.27,4.6726419011031,7.1782326964832,0.205,1.407
132.4,1242,679,9.15590212920817,8.38504142700975,8.82758539625527,7.60258603908497,0.0228,9.14,4.62418819182385,7.16636635519568,0.1916,1.2
132.4,1604,799,9.1563381280115,8.39304398729248,8.79825845025708,7.58695060297968,0.0363,9.24,4.57821000440531,7.12008052286047,0.0971,1.154
133,1533,760,9.14065477314475,8.35068746495904,8.78668583466781,7.60988700180924,0.0514,9.77,4.46900676117522,7.10864504135647,0.0826,1.032
133.1,1432,699,9.20842349684438,8.38712554759602,8.81323027797731,7.63412447537255,0.0291,8.9,4.36233400132815,7.06930423821081,0.0809,0.934
133.1,1798,762,9.19070381100023,8.36001292702861,8.78967534279094,7.62992709115142,0.0338,9.83,4.13244285082076,7.09059336901649,0.0809,0.777
133.7,1358,671,9.27746806765034,8.43473506897572,8.81720887655796,7.598394311885,0.1669,9.25,3.87265828190587,7.13149865036831,0.0627,0.52
133.8,1913,679,9.3415142514992,8.50744179673396,8.84602203376804,7.65183318821063,0.1174,8.27,4.05923538510853,7.11239264225951,0.0482,0.416
134.2,1729,862,9.38983877425029,8.52389868664812,8.8206993992149,7.63428399077666,0.0977,8.27,4.02159464185744,7.07210802600826,0.0272,0.326
135.1,1852,624,9.34612745837205,8.52644827747443,8.84802097053928,7.6427687133213,0.0606,6.77,4.08412586202777,7.08918477133823,0.0047,0.314
135,1351,516,9.34258020828831,8.5187699750393,8.85143435566592,7.65320544299663,0.1134,6.68,4.16759502396169,7.08893451691159,-0.0104,0.754
135,1672,650,9.30063524403263,8.47432748389486,8.7827830173932,7.63196988412488,0.0666,6.67,4.13260327433919,7.07454009662696,-0.0139,1.054
135.3,1477,583,9.33335328431096,8.53358016120592,8.80931038486585,7.6515195671149,0.0478,6.69,4.02302756347106,7.0284762169962,-0.0187,0.986
135.3,1504,444,9.23595548195935,8.44525674794038,8.74000067063955,7.58689483612177,0.088,6.35,3.84993481311472,7.01923403994805,-0.0277,0.853
135.3,1602,562,9.17579451933493,8.40184744193836,8.7097290867278,7.56009610515831,0.0826,6.28,3.85524099132916,7.02533384929246,-0.037,0.866
137.4,1509,540,9.29193322966919,8.49651285086645,8.75795661270595,7.63981548470171,0.0591,6.03,3.87369789110648,7.05552852327157,-0.0536,0.725
137.7,1659,524,9.33980868750841,8.50867705141553,8.75717027606253,7.64032022640851,0.042,5.5,3.79368981846628,6.99066157497789,-0.0876,0.716
137.4,1662,683,9.28201056772319,8.4418358364318,8.739103951906,7.62263456801826,0.0513,5.09,3.63019045776526,6.98076407583539,-0.1263,0.754
138.3,1224,502,9.18994482484177,8.39322054407437,8.71338474762535,7.57056695071276,0.0586,4.4,3.42751468997953,7.00116365149687,-0.1461,0.646
138.3,1679,587,9.15856279097238,8.37874683842374,8.71556854329909,7.56643004519777,0.0388,3.97,3.50254987592244,7.08966008227975,-0.1836,0.371
138.6,1529,635,9.20688538698325,8.38595860117771,8.72824795121803,7.6303350354846,0.0277,3.91,3.66535490906698,7.127003252376,-0.2285,0.32
137.6,1776,498,9.21422977114758,8.39592006369268,8.73903988655087,7.63303079693575,0.0365,3.97,3.74360435380318,7.12468758035947,-0.2492,0.395
137.8,1528,531,9.23627516240266,8.41308081140184,8.73725998310615,7.64823916374627,0.0517,4.33,3.85290974093564,7.13962068410822,-0.2572,0.384
138,1946,496,9.17782646163251,8.35172402719377,8.78021874559694,7.64914967034943,0.0745,4.76,3.88115134176106,7.15179889440409,-0.2679,0.25
138.5,1909,466,9.24353333933195,8.3983668750067,8.81349796663623,7.68414010304048,0.0829,4.67,3.80821683670256,7.1979292440889,-0.2945,0.062
138.7,1685,456,9.26791946015361,8.39800872258596,8.82195359540277,7.68292011626013,0.0483,4.05,3.83168025274561,7.20055175056983,-0.2982,0.027
138.4,1937,392,9.26017946497023,8.40026823485466,8.83917520785463,7.68168490255838,0.0571,4.25,3.83276332444251,7.19038209513028,-0.3016,0.061
139.1,1685,392,9.27472354661061,8.41388828731832,8.84710110066543,7.6620680655149,0.0453,5.34,3.90660837272665,7.14405194754126,-0.309,0.156
139.6,1935,587,9.27240393966032,8.42909173192068,8.82229266711407,7.69567161055934,0.0682,5.69,3.83816115682969,7.12153512734338,-0.3127,0.385
139.8,2087,410,9.34845396265277,8.48926892474729,8.873860107979,7.71370872185862,0.0594,5.42,3.99027950339391,7.05389682832134,-0.3158,0.436
140.3,1887,511,9.35316800769897,8.46566827062642,8.86773740813655,7.73143503647968,0.0335,6.14,4.0053311825618,7.08347173672396,-0.3255,0.481
140.7,2066,386,9.37876668175382,8.48850150918545,8.89060330430571,7.76795803721796,0.0508,6.05,4.01620282433781,7.11817826588697,-0.3286,0.486
141,2292,413,9.4184003452925,8.54139978660221,8.89876169002647,7.76756876432582,0.0451,5,3.95066662902035,7.11592325402136,-0.3293,0.485
142.1,1958,363,9.42851236683799,8.56927888659134,8.88237781146635,7.77661889680402,0.0437,5.01,3.96991448384392,7.14431246391777,-0.3304,0.498
141.9,2352,457,9.44264658322017,8.57236861833658,8.92532141694389,7.788128655915,0.047,5.06,3.92927335883467,7.12772580156085,-0.3295,0.589
142.5,2270,381,9.41939474466462,8.54104255608519,8.89736786830212,7.79293088195551,0.0568,4.89,3.8478044331015,7.1390733278648,-0.33,0.503
142.7,2474,346,9.4024678597592,8.5357735072882,8.90544431878971,7.81209489950261,0.1216,5,3.88547367019461,7.1203150188367,-0.3304,0.688
143.7,1991,385,9.39730445587835,8.53416629860904,8.91336190129506,7.8126411832823,0.1004,5.48,3.93905434447918,7.15698754105872,-0.3291,0.542
143.8,2232,336,9.45945262685219,8.58107088031477,8.90555280513051,7.83176022263466,0.0536,5.96,4.0102380529251,7.18088447007616,-0.3294,0.532
144.6,2153,408,9.49020977835028,8.61310138128599,8.92173788909748,7.8537057826665,0.0289,6.18,4.05386972965638,7.15423247112225,-0.3295,0.541
145.6,2149,344,9.4745475886251,8.58910261291337,8.89928051552732,7.88140132371313,0.0414,6.69,4.13628593001027,7.15609863131809,-0.329,0.468
144.4,1915,290,9.4663490708635,8.5778291183923,8.94738991033807,7.89118493828801,0.0413,7.14,4.16215896180596,7.14239252400756,-0.3279,0.452
145.7,1971,423,9.48717485668695,8.6092125398243,8.92712830715861,7.94584233664633,0.0424,6.66,4.23396156655802,7.19391118743787,-0.3285,0.611
146,2108,302,9.42833867790835,8.57932072733833,8.88625706103924,7.90611622904825,0.1277,6.72,4.18082802211024,7.19348294282101,-0.3285,0.761
145.3,2300,361,9.4006904858982,8.55010554963469,8.86171864192404,7.87886373168131,0.0753,6.7,4.19644978515925,7.18891110171836,-0.3279,0.626
146.1,2161,336,9.4424127703888,8.61622371487919,8.92389750534994,7.88157881749314,0.0673,6.93,4.27151398062636,7.19650677939194,-0.3285,0.69
146.5,2199,391,9.44184008496252,8.59385787419812,8.94614044910888,7.9029570086762,0.0926,7.49,4.33924960531782,7.17276987437165,-0.3252,0.671
147.2,2319,324,9.41784222730043,8.5798918557423,8.94074702786832,7.90778775806277,0.1021,7.45,4.32001824338994,7.15584116780042,-0.322,0.565
147.4,2425,371,9.45763004511847,8.61455577360115,8.95529324644345,7.9431757088003,0.0701,7.6,4.30999343177405,7.12101817701564,-0.3207,0.474
147.7,2023,331,9.42254912126046,8.59542196530619,8.91360408721934,7.97299002332468,0.0386,8.08,4.29223867928286,7.09150082142711,-0.319,0.473
148.9,2103,310,9.4130142798588,8.61131907640203,8.92401740156833,7.97727511661101,0.0868,9.52,4.36767412844948,7.08873426826886,-0.3188,0.551
148,2301,400,9.34552749764292,8.53570870465796,8.87180001193311,7.90534577065671,0.1236,8.79,4.38788444415804,7.10282029192345,-0.3177,0.582
147.7,2028,350,9.32876677698167,8.51797686866099,8.85083287662198,7.92304752271283,0.0667,8.27,4.17699924034429,7.10713878273201,-0.3164,0.518
148.5,1852,327,9.26473006386827,8.46182633575359,8.81404807931504,7.82678230285493,0.0834,7.98,4.03353242282534,7.13121877910727,-0.3119,0.401
150.9,1932,392,9.3212643476602,8.51573617348093,8.8492126580614,7.90252445484169,0.0741,7.26,4.08210327579975,7.16375316716729,-0.308,0.332
150.9,1878,345,9.35146135982185,8.56417787621205,8.86428034639274,7.93182000820709,0.083,6.01,4.16091227316077,7.18544004447739,-0.3084,0.236
151.3,1997,357,9.35236410578895,8.58495086022102,8.89277627187407,7.94958551909732,0.0534,5.18,4.19584764755262,7.17081161160751,-0.3092,0.15
151.4,2008,419,9.42093188122221,8.62809216951671,8.91169174546004,7.98814591651489,0.0425,4.92,4.26549281841793,7.15922191790064,-0.3105,0.195
151.6,2146,326,9.36963549733702,8.55788011435074,8.87650268921201,7.92010502243202,0.0803,4.34,4.25603815122009,7.15750181209088,-0.3119,0.11
151.5,2021,344,9.42535495698933,8.61956388069422,8.91268878163821,7.98676332399504,0.0704,3.59,4.14788532915013,7.21453384712491,-0.3289,-0.092
152.3,2408,410,9.40829246949743,8.61593382629369,8.93416514836644,7.99980604882875,0.1335,3.62,4.15888308335967,7.25339253110499,-0.3649,-0.206
151.5,1520,330,9.38758910648655,8.60894796369773,8.88283583243687,7.98154876708549,0.1487,3.68,4.08176578001524,7.31349368307488,-0.4077,-0.499
151.8,1829,342,9.4277137138459,8.64431735836401,8.91034280016612,7.99858401767656,0.1029,4.21,4.13244285082076,7.32024896201943,-0.4176,-0.427
151.7,1963,393,9.46240485526216,8.65344635269069,8.8885360203652,8.01880985982988,0.0752,5.06,4.08378904828258,7.30975438744713,-0.4129,-0.314
151.7,1797,366,9.49072436937005,8.68358350417003,8.901979288316,8.05229012590125,0.0483,5.15,4.13899920276253,7.29355495038306,-0.4013,-0.192
151.6,2003,354,9.49167809398009,8.69585138946454,8.92829569979418,8.0804788821998,0.0447,4.62,4.18737942818929,7.29920935607592,-0.3947,-0.135
153,1886,345,9.47131672966957,8.66670567611305,8.89370997756851,8.07884946259735,0.2193,3.63,4.15261347034608,7.35287049521985,-0.3911,-0.17
153,1918,373,9.38348239286903,8.57732826321085,8.79188122041258,7.99098992568897,0.2666,2.91,4.00733318523247,7.37594476366226,-0.4088,-0.335
152.9,2265,365,9.20390368528329,8.38847763930854,8.64329706821196,7.85732220101859,0.4646,2.72,3.49590131713145,7.37270239558838,-0.4166,-0.326
151.6,2061,397,9.29299256257034,8.42774543271213,8.68291103214049,7.97674303977877,0.2116,2.12,3.15016862685841,7.42843419919064,-0.254,-0.218
151.3,1961,364,9.3576260796257,8.45434709140576,8.71220062408825,8.02102957272787,0.1439,1.58,3.43463215774839,7.44769883112004,-0.272,-0.312
151.3,2137,350,9.41824273931622,8.50430858705814,8.72740552500776,8.03925094708458,0.1553,1.75,3.68712792107513,7.45715910184114,-0.376,-0.293
151.6,2284,253,9.41844015934368,8.47296748186622,8.68233464588418,8.09288774871909,0.1537,1.8,3.75677172015685,7.52105264992919,-0.4441,-0.39
152.4,1588,211,9.46849423768012,8.50658112509444,8.69342962092963,8.16060683172345,0.109,2.86,3.7900813346229,7.58509314833532,-0.4797,-0.412
151.9,2098,291,9.45412780204708,8.47708759459686,8.6769453134314,8.12058871174027,0.08,3.95,3.71576478289532,7.56107996535491,-0.4914,-0.441
151.5,2041,222,9.35500163817075,8.43255867487267,8.6264600322851,8.09253301945471,0.0791,4.89,3.70056095888777,7.54975126032169,-0.5091,-0.528
151.9,2050,232,9.49485444330735,8.61587038826961,8.74292542046115,8.19467944736131,0.092,4.84,3.76653469867954,7.53171314018908,-0.5209,-0.543
153,2308,229,9.52652099594307,8.62180725662924,8.77346199316228,8.23112849520191,0.0476,5.86,3.90941961955803,7.52748194334405,-0.5381,-0.553
155.9,2136,197,9.50545997606667,8.59400791833044,8.76522445823823,8.21992935755102,0.0595,7.27,3.99911771227908,7.53207743111155,-0.5472,-0.532
156,2493,162,9.5314299018867,8.64878624429847,8.77700032803946,8.24568623422356,0.0654,6.16,4.12648901554867,7.50007056308058,-0.5411,-0.392
156.2,2872,223,9.61636131517939,8.71065743393228,8.81189061330796,8.2872490415061,0.0529,6.13,4.17730608293645,7.44904997018423,-0.5391,-0.331
158.5,2302,182,9.6248253554918,8.74344869238839,8.8493417809156,8.33834637197416,0.0346,7.15,4.17084253319483,7.47309181504666,-0.5382,-0.296
160.7,2148,176,9.64349391829803,8.77139654171837,8.85688881272605,8.34381786469088,0.0503,8.91,4.22009576752766,7.52308144873801,-0.5401,-0.186
163.2,2454,185,9.65059588357197,8.78076135828694,8.85900827244795,8.365788737257,0.0486,10.3,4.29141788580313,7.51456540060347,-0.5429,-0.236
166.9,2578,143,9.65145505816461,8.79675635947813,8.85826907279742,8.38828191317926,0.0551,12.51,4.30932152420325,7.49988804146094,-0.5448,-0.381
168,1906,151,9.6699836327173,8.80690023862203,8.87062089611955,8.41686005633905,0.03,15.43,4.24878091552652,7.48733054465716,-0.5476,-0.48
168.7,2310,162,9.63303554824483,8.78263115277234,8.86593271938814,8.36812226355621,0.0389,22.84,4.31214050720972,7.48163457203862,-0.545,-0.339
170.5,2174,144,9.66070041887867,8.82912970886723,8.88704495220444,8.4349804388402,0.0441,31.05,4.42664142743283,7.48259741266154,-0.5498,-0.178
170.9,2226,234,9.6224586242892,8.81301606087814,8.86212950644958,8.426611813185,0.0318,27.62,4.3916056094542,7.50755834576272,-0.5674,-0.268
171.6,2318,170,9.67312175547832,8.87529129208685,8.90713848786637,8.4693004613464,0.0384,38.03,4.30824553216938,7.49021109344945,-0.582,-0.318
175.8,1923,143,9.64673552265215,8.85355116365238,8.91790031857638,8.41528223134711,0.0519,28.26,4.44886719159269,7.50440257231645,-0.5601,-0.098
177.5,2125,194,9.57921200021204,8.80369908413975,8.91708275900395,8.3834194703254,0.0622,27.23,4.56184506124972,7.52634053821518,-0.5315,0.237
183.1,2425,207,9.57600726687667,8.80385526139232,8.92474947087568,8.41856775659692,0.1646,42.39,4.75004944730618,7.57447121140048,-0.495,0.343
