"ID";"TypeGefailleerde";"Perioden";"UitgesprokenFaillissementen_1"
"0";"T001243";"1981MM01";"     509"
"1";"T001243";"1981MM02";"     588"
"2";"T001243";"1981MM03";"     567"
"4";"T001243";"1981MM04";"     607"
"5";"T001243";"1981MM05";"     530"
"6";"T001243";"1981MM06";"     557"
"8";"T001243";"1981MM07";"     667"
"9";"T001243";"1981MM08";"     496"
"10";"T001243";"1981MM09";"     725"
"12";"T001243";"1981MM10";"     702"
"13";"T001243";"1981MM11";"     648"
"14";"T001243";"1981MM12";"     692"
"17";"T001243";"1982MM01";"     674"
"18";"T001243";"1982MM02";"     722"
"19";"T001243";"1982MM03";"     870"
"21";"T001243";"1982MM04";"     695"
"22";"T001243";"1982MM05";"     555"
"23";"T001243";"1982MM06";"     748"
"25";"T001243";"1982MM07";"     690"
"26";"T001243";"1982MM08";"     613"
"27";"T001243";"1982MM09";"     797"
"29";"T001243";"1982MM10";"     736"
"30";"T001243";"1982MM11";"     789"
"31";"T001243";"1982MM12";"     755"
"34";"T001243";"1983MM01";"     726"
"35";"T001243";"1983MM02";"     674"
"36";"T001243";"1983MM03";"     884"
"38";"T001243";"1983MM04";"     629"
"39";"T001243";"1983MM05";"     637"
"40";"T001243";"1983MM06";"     720"
"42";"T001243";"1983MM07";"     521"
"43";"T001243";"1983MM08";"     635"
"44";"T001243";"1983MM09";"     648"
"46";"T001243";"1983MM10";"     540"
"47";"T001243";"1983MM11";"     602"
"48";"T001243";"1983MM12";"     475"
"51";"T001243";"1984MM01";"     571"
"52";"T001243";"1984MM02";"     659"
"53";"T001243";"1984MM03";"     623"
"55";"T001243";"1984MM04";"     453"
"56";"T001243";"1984MM05";"     560"
"57";"T001243";"1984MM06";"     491"
"59";"T001243";"1984MM07";"     423"
"60";"T001243";"1984MM08";"     563"
"61";"T001243";"1984MM09";"     481"
"63";"T001243";"1984MM10";"     567"
"64";"T001243";"1984MM11";"     473"
"65";"T001243";"1984MM12";"     360"
"68";"T001243";"1985MM01";"     560"
"69";"T001243";"1985MM02";"     458"
"70";"T001243";"1985MM03";"     542"
"72";"T001243";"1985MM04";"     446"
"73";"T001243";"1985MM05";"     494"
"74";"T001243";"1985MM06";"     424"
"76";"T001243";"1985MM07";"     439"
"77";"T001243";"1985MM08";"     385"
"78";"T001243";"1985MM09";"     398"
"80";"T001243";"1985MM10";"     493"
"81";"T001243";"1985MM11";"     418"
"82";"T001243";"1985MM12";"     321"
"85";"T001243";"1986MM01";"     370"
"86";"T001243";"1986MM02";"     319"
"87";"T001243";"1986MM03";"     397"
"89";"T001243";"1986MM04";"     399"
"90";"T001243";"1986MM05";"     362"
"91";"T001243";"1986MM06";"     395"
"93";"T001243";"1986MM07";"     364"
"94";"T001243";"1986MM08";"     351"
"95";"T001243";"1986MM09";"     396"
"97";"T001243";"1986MM10";"     378"
"98";"T001243";"1986MM11";"     395"
"99";"T001243";"1986MM12";"     322"
"102";"T001243";"1987MM01";"     330"
"103";"T001243";"1987MM02";"     341"
"104";"T001243";"1987MM03";"     345"
"106";"T001243";"1987MM04";"     338"
"107";"T001243";"1987MM05";"     280"
"108";"T001243";"1987MM06";"     273"
"110";"T001243";"1987MM07";"     354"
"111";"T001243";"1987MM08";"     259"
"112";"T001243";"1987MM09";"     358"
"114";"T001243";"1987MM10";"     314"
"115";"T001243";"1987MM11";"     283"
"116";"T001243";"1987MM12";"     311"
"119";"T001243";"1988MM01";"     287"
"120";"T001243";"1988MM02";"     347"
"121";"T001243";"1988MM03";"     368"
"123";"T001243";"1988MM04";"     288"
"124";"T001243";"1988MM05";"     330"
"125";"T001243";"1988MM06";"     367"
"127";"T001243";"1988MM07";"     288"
"128";"T001243";"1988MM08";"     305"
"129";"T001243";"1988MM09";"     302"
"131";"T001243";"1988MM10";"     333"
"132";"T001243";"1988MM11";"     372"
"133";"T001243";"1988MM12";"     262"
"136";"T001243";"1989MM01";"     332"
"137";"T001243";"1989MM02";"     303"
"138";"T001243";"1989MM03";"     360"
"140";"T001243";"1989MM04";"     287"
"141";"T001243";"1989MM05";"     302"
"142";"T001243";"1989MM06";"     328"
"144";"T001243";"1989MM07";"     261"
"145";"T001243";"1989MM08";"     289"
"146";"T001243";"1989MM09";"     322"
"148";"T001243";"1989MM10";"     305"
"149";"T001243";"1989MM11";"     354"
"150";"T001243";"1989MM12";"     236"
"153";"T001243";"1990MM01";"     342"
"154";"T001243";"1990MM02";"     266"
"155";"T001243";"1990MM03";"     327"
"157";"T001243";"1990MM04";"     270"
"158";"T001243";"1990MM05";"     318"
"159";"T001243";"1990MM06";"     284"
"161";"T001243";"1990MM07";"     276"
"162";"T001243";"1990MM08";"     270"
"163";"T001243";"1990MM09";"     321"
"165";"T001243";"1990MM10";"     331"
"166";"T001243";"1990MM11";"     303"
"167";"T001243";"1990MM12";"     211"
"170";"T001243";"1991MM01";"     324"
"171";"T001243";"1991MM02";"     319"
"172";"T001243";"1991MM03";"     337"
"174";"T001243";"1991MM04";"     290"
"175";"T001243";"1991MM05";"     343"
"176";"T001243";"1991MM06";"     315"
"178";"T001243";"1991MM07";"     336"
"179";"T001243";"1991MM08";"     287"
"180";"T001243";"1991MM09";"     302"
"182";"T001243";"1991MM10";"     453"
"183";"T001243";"1991MM11";"     419"
"184";"T001243";"1991MM12";"     350"
"187";"T001243";"1992MM01";"     358"
"188";"T001243";"1992MM02";"     351"
"189";"T001243";"1992MM03";"     414"
"191";"T001243";"1992MM04";"     441"
"192";"T001243";"1992MM05";"     378"
"193";"T001243";"1992MM06";"     374"
"195";"T001243";"1992MM07";"     421"
"196";"T001243";"1992MM08";"     315"
"197";"T001243";"1992MM09";"     514"
"199";"T001243";"1992MM10";"     506"
"200";"T001243";"1992MM11";"     464"
"201";"T001243";"1992MM12";"     509"
"204";"T001243";"1993MM01";"     454"
"205";"T001243";"1993MM02";"     461"
"206";"T001243";"1993MM03";"     639"
"208";"T001243";"1993MM04";"     507"
"209";"T001243";"1993MM05";"     496"
"210";"T001243";"1993MM06";"     557"
"212";"T001243";"1993MM07";"     569"
"213";"T001243";"1993MM08";"     508"
"214";"T001243";"1993MM09";"     586"
"216";"T001243";"1993MM10";"     504"
"217";"T001243";"1993MM11";"     596"
"218";"T001243";"1993MM12";"     551"
"221";"T001243";"1994MM01";"     535"
"222";"T001243";"1994MM02";"     534"
"223";"T001243";"1994MM03";"     686"
"225";"T001243";"1994MM04";"     497"
"226";"T001243";"1994MM05";"     432"
"227";"T001243";"1994MM06";"     621"
"229";"T001243";"1994MM07";"     463"
"230";"T001243";"1994MM08";"     602"
"231";"T001243";"1994MM09";"     548"
"233";"T001243";"1994MM10";"     473"
"234";"T001243";"1994MM11";"     622"
"235";"T001243";"1994MM12";"     451"
"238";"T001243";"1995MM01";"     514"
"239";"T001243";"1995MM02";"     453"
"240";"T001243";"1995MM03";"     565"
"242";"T001243";"1995MM04";"     478"
"243";"T001243";"1995MM05";"     443"
"244";"T001243";"1995MM06";"     455"
"246";"T001243";"1995MM07";"     476"
"247";"T001243";"1995MM08";"     506"
"248";"T001243";"1995MM09";"     510"
"250";"T001243";"1995MM10";"     528"
"251";"T001243";"1995MM11";"     515"
"252";"T001243";"1995MM12";"     404"
"255";"T001243";"1996MM01";"     494"
"256";"T001243";"1996MM02";"     440"
"257";"T001243";"1996MM03";"     477"
"259";"T001243";"1996MM04";"     437"
"260";"T001243";"1996MM05";"     482"
"261";"T001243";"1996MM06";"     454"
"263";"T001243";"1996MM07";"     450"
"264";"T001243";"1996MM08";"     438"
"265";"T001243";"1996MM09";"     454"
"267";"T001243";"1996MM10";"     550"
"268";"T001243";"1996MM11";"     455"
"269";"T001243";"1996MM12";"     446"
"272";"T001243";"1997MM01";"     536"
"273";"T001243";"1997MM02";"     477"
"274";"T001243";"1997MM03";"     437"
"276";"T001243";"1997MM04";"     470"
"277";"T001243";"1997MM05";"     481"
"278";"T001243";"1997MM06";"     418"
"280";"T001243";"1997MM07";"     492"
"281";"T001243";"1997MM08";"     364"
"282";"T001243";"1997MM09";"     475"
"284";"T001243";"1997MM10";"     497"
"285";"T001243";"1997MM11";"     471"
"286";"T001243";"1997MM12";"     429"
"289";"T001243";"1998MM01";"     415"
"290";"T001243";"1998MM02";"     423"
"291";"T001243";"1998MM03";"     538"
"293";"T001243";"1998MM04";"     502"
"294";"T001243";"1998MM05";"     356"
"295";"T001243";"1998MM06";"     439"
"297";"T001243";"1998MM07";"     444"
"298";"T001243";"1998MM08";"     326"
"299";"T001243";"1998MM09";"     540"
"301";"T001243";"1998MM10";"     364"
"302";"T001243";"1998MM11";"     378"
"303";"T001243";"1998MM12";"     306"
"306";"T001243";"1999MM01";"     285"
"307";"T001243";"1999MM02";"     327"
"308";"T001243";"1999MM03";"     390"
"310";"T001243";"1999MM04";"     342"
"311";"T001243";"1999MM05";"     263"
"312";"T001243";"1999MM06";"     364"
"314";"T001243";"1999MM07";"     281"
"315";"T001243";"1999MM08";"     273"
"316";"T001243";"1999MM09";"     346"
"318";"T001243";"1999MM10";"     308"
"319";"T001243";"1999MM11";"     332"
"320";"T001243";"1999MM12";"     329"
"323";"T001243";"2000MM01";"     310"
"324";"T001243";"2000MM02";"     345"
"325";"T001243";"2000MM03";"     365"
"327";"T001243";"2000MM04";"     306"
"328";"T001243";"2000MM05";"     379"
"329";"T001243";"2000MM06";"     336"
"331";"T001243";"2000MM07";"     356"
"332";"T001243";"2000MM08";"     452"
"333";"T001243";"2000MM09";"     354"
"335";"T001243";"2000MM10";"     440"
"336";"T001243";"2000MM11";"     495"
"337";"T001243";"2000MM12";"     360"
"340";"T001243";"2001MM01";"     447"
"341";"T001243";"2001MM02";"     451"
"342";"T001243";"2001MM03";"     453"
"344";"T001243";"2001MM04";"     427"
"345";"T001243";"2001MM05";"     544"
"346";"T001243";"2001MM06";"     440"
"348";"T001243";"2001MM07";"     540"
"349";"T001243";"2001MM08";"     520"
"350";"T001243";"2001MM09";"     462"
"352";"T001243";"2001MM10";"     589"
"353";"T001243";"2001MM11";"     530"
"354";"T001243";"2001MM12";"     431"
"357";"T001243";"2002MM01";"     602"
"358";"T001243";"2002MM02";"     520"
"359";"T001243";"2002MM03";"     506"
"361";"T001243";"2002MM04";"     486"
"362";"T001243";"2002MM05";"     532"
"363";"T001243";"2002MM06";"     535"
"365";"T001243";"2002MM07";"     672"
"366";"T001243";"2002MM08";"     493"
"367";"T001243";"2002MM09";"     575"
"369";"T001243";"2002MM10";"     703"
"370";"T001243";"2002MM11";"     586"
"371";"T001243";"2002MM12";"     561"
"374";"T001243";"2003MM01";"     657"
"375";"T001243";"2003MM02";"     639"
"376";"T001243";"2003MM03";"     620"
"378";"T001243";"2003MM04";"     794"
"379";"T001243";"2003MM05";"     757"
"380";"T001243";"2003MM06";"     737"
"382";"T001243";"2003MM07";"     757"
"383";"T001243";"2003MM08";"     596"
"384";"T001243";"2003MM09";"     869"
"386";"T001243";"2003MM10";"     805"
"387";"T001243";"2003MM11";"     786"
"388";"T001243";"2003MM12";"     731"
"391";"T001243";"2004MM01";"     732"
"392";"T001243";"2004MM02";"     768"
"393";"T001243";"2004MM03";"     902"
"395";"T001243";"2004MM04";"     739"
"396";"T001243";"2004MM05";"     744"
"397";"T001243";"2004MM06";"     848"
"399";"T001243";"2004MM07";"     745"
"400";"T001243";"2004MM08";"     752"
"401";"T001243";"2004MM09";"     833"
"403";"T001243";"2004MM10";"     703"
"404";"T001243";"2004MM11";"     824"
"405";"T001243";"2004MM12";"     759"
"408";"T001243";"2005MM01";"     797"
"409";"T001243";"2005MM02";"     840"
"410";"T001243";"2005MM03";"     988"
"412";"T001243";"2005MM04";"     819"
"413";"T001243";"2005MM05";"     831"
"414";"T001243";"2005MM06";"     904"
"416";"T001243";"2005MM07";"     814"
"417";"T001243";"2005MM08";"     798"
"418";"T001243";"2005MM09";"     828"
"420";"T001243";"2005MM10";"     789"
"421";"T001243";"2005MM11";"     930"
"422";"T001243";"2005MM12";"     744"
"425";"T001243";"2006MM01";"     832"
"426";"T001243";"2006MM02";"     826"
"427";"T001243";"2006MM03";"     907"
"429";"T001243";"2006MM04";"     776"
"430";"T001243";"2006MM05";"     835"
"431";"T001243";"2006MM06";"     715"
"433";"T001243";"2006MM07";"     729"
"434";"T001243";"2006MM08";"     733"
"435";"T001243";"2006MM09";"     736"
"437";"T001243";"2006MM10";"     712"
"438";"T001243";"2006MM11";"     711"
"439";"T001243";"2006MM12";"     667"
"442";"T001243";"2007MM01";"     799"
"443";"T001243";"2007MM02";"     661"
"444";"T001243";"2007MM03";"     692"
"446";"T001243";"2007MM04";"     649"
"447";"T001243";"2007MM05";"     729"
"448";"T001243";"2007MM06";"     622"
"450";"T001243";"2007MM07";"     671"
"451";"T001243";"2007MM08";"     635"
"452";"T001243";"2007MM09";"     648"
"454";"T001243";"2007MM10";"     745"
"455";"T001243";"2007MM11";"     624"
"456";"T001243";"2007MM12";"     477"
"459";"T001243";"2008MM01";"     710"
"460";"T001243";"2008MM02";"     515"
"461";"T001243";"2008MM03";"     461"
"463";"T001243";"2008MM04";"     590"
"464";"T001243";"2008MM05";"     415"
"465";"T001243";"2008MM06";"     554"
"467";"T001243";"2008MM07";"     585"
"468";"T001243";"2008MM08";"     513"
"469";"T001243";"2008MM09";"     591"
"471";"T001243";"2008MM10";"     561"
"472";"T001243";"2008MM11";"     684"
"473";"T001243";"2008MM12";"     668"
"476";"T001243";"2009MM01";"     790"
"477";"T001243";"2009MM02";"     766"
"478";"T001243";"2009MM03";"    1040"
"480";"T001243";"2009MM04";"     949"
"481";"T001243";"2009MM05";"     758"
"482";"T001243";"2009MM06";"    1023"
"484";"T001243";"2009MM07";"     921"
"485";"T001243";"2009MM08";"     775"
"486";"T001243";"2009MM09";"     907"
"488";"T001243";"2009MM10";"     835"
"489";"T001243";"2009MM11";"     871"
"490";"T001243";"2009MM12";"     836"
"493";"T001243";"2010MM01";"     789"
"494";"T001243";"2010MM02";"     811"
"495";"T001243";"2010MM03";"     996"
"497";"T001243";"2010MM04";"     778"
"498";"T001243";"2010MM05";"     603"
"499";"T001243";"2010MM06";"     990"
"501";"T001243";"2010MM07";"     735"
"502";"T001243";"2010MM08";"     800"
"503";"T001243";"2010MM09";"     706"
"505";"T001243";"2010MM10";"     766"
"506";"T001243";"2010MM11";"     870"
"507";"T001243";"2010MM12";"     647"
"510";"T001243";"2011MM01";"     726"
"511";"T001243";"2011MM02";"     784"
"512";"T001243";"2011MM03";"     884"
"514";"T001243";"2011MM04";"     696"
"515";"T001243";"2011MM05";"     893"
"516";"T001243";"2011MM06";"     674"
"518";"T001243";"2011MM07";"     703"
"519";"T001243";"2011MM08";"     799"
"520";"T001243";"2011MM09";"     793"
"522";"T001243";"2011MM10";"     799"
"523";"T001243";"2011MM11";"    1022"
"524";"T001243";"2011MM12";"     758"
"527";"T001243";"2012MM01";"    1021"
"528";"T001243";"2012MM02";"     944"
"529";"T001243";"2012MM03";"     915"
"531";"T001243";"2012MM04";"     864"
"532";"T001243";"2012MM05";"    1022"
"533";"T001243";"2012MM06";"     891"
"535";"T001243";"2012MM07";"    1087"
"536";"T001243";"2012MM08";"     822"
"537";"T001243";"2012MM09";"     890"
"539";"T001243";"2012MM10";"    1092"
"540";"T001243";"2012MM11";"     967"
"541";"T001243";"2012MM12";"     833"
"544";"T001243";"2013MM01";"    1104"
"545";"T001243";"2013MM02";"    1063"
"546";"T001243";"2013MM03";"    1103"
"548";"T001243";"2013MM04";"    1039"
"549";"T001243";"2013MM05";"    1185"
"550";"T001243";"2013MM06";"    1047"
"552";"T001243";"2013MM07";"    1155"
"553";"T001243";"2013MM08";"     878"
"554";"T001243";"2013MM09";"     879"
"556";"T001243";"2013MM10";"    1133"
"557";"T001243";"2013MM11";"     920"
"558";"T001243";"2013MM12";"     943"
"561";"T001243";"2014MM01";"     938"
"562";"T001243";"2014MM02";"     900"
"563";"T001243";"2014MM03";"     781"
"565";"T001243";"2014MM04";"    1040"
"566";"T001243";"2014MM05";"     792"
"567";"T001243";"2014MM06";"     653"
"569";"T001243";"2014MM07";"     866"
"570";"T001243";"2014MM08";"     679"
"571";"T001243";"2014MM09";"     799"
"573";"T001243";"2014MM10";"     760"
"574";"T001243";"2014MM11";"     699"
"575";"T001243";"2014MM12";"     762"
"578";"T001243";"2015MM01";"     671"
"579";"T001243";"2015MM02";"     679"
"580";"T001243";"2015MM03";"     862"
"582";"T001243";"2015MM04";"     624"
"583";"T001243";"2015MM05";"     516"
"584";"T001243";"2015MM06";"     650"
"586";"T001243";"2015MM07";"     583"
"587";"T001243";"2015MM08";"     444"
"588";"T001243";"2015MM09";"     562"
"590";"T001243";"2015MM10";"     540"
"591";"T001243";"2015MM11";"     524"
"592";"T001243";"2015MM12";"     683"
"595";"T001243";"2016MM01";"     502"
"596";"T001243";"2016MM02";"     587"
"597";"T001243";"2016MM03";"     635"
"599";"T001243";"2016MM04";"     498"
"600";"T001243";"2016MM05";"     531"
"601";"T001243";"2016MM06";"     496"
"603";"T001243";"2016MM07";"     466"
"604";"T001243";"2016MM08";"     456"
"605";"T001243";"2016MM09";"     392"
"607";"T001243";"2016MM10";"     392"
"608";"T001243";"2016MM11";"     587"
"609";"T001243";"2016MM12";"     410"
"612";"T001243";"2017MM01";"     511"
"613";"T001243";"2017MM02";"     386"
"614";"T001243";"2017MM03";"     413"
"616";"T001243";"2017MM04";"     363"
"617";"T001243";"2017MM05";"     457"
"618";"T001243";"2017MM06";"     381"
"620";"T001243";"2017MM07";"     346"
"621";"T001243";"2017MM08";"     385"
"622";"T001243";"2017MM09";"     336"
"624";"T001243";"2017MM10";"     408"
"625";"T001243";"2017MM11";"     344"
"626";"T001243";"2017MM12";"     290"
"629";"T001243";"2018MM01";"     423"
"630";"T001243";"2018MM02";"     302"
"631";"T001243";"2018MM03";"     361"
"633";"T001243";"2018MM04";"     336"
"634";"T001243";"2018MM05";"     391"
"635";"T001243";"2018MM06";"     324"
"637";"T001243";"2018MM07";"     371"
"638";"T001243";"2018MM08";"     331"
"639";"T001243";"2018MM09";"     310"
"641";"T001243";"2018MM10";"     400"
"642";"T001243";"2018MM11";"     350"
"643";"T001243";"2018MM12";"     327"
"646";"T001243";"2019MM01";"     392"
"647";"T001243";"2019MM02";"     345"
"648";"T001243";"2019MM03";"     357"
"650";"T001243";"2019MM04";"     419"
"651";"T001243";"2019MM05";"     326"
"652";"T001243";"2019MM06";"     344"
"654";"T001243";"2019MM07";"     410"
"655";"T001243";"2019MM08";"     330"
"656";"T001243";"2019MM09";"     342"
"658";"T001243";"2019MM10";"     393"
"659";"T001243";"2019MM11";"     366"
"660";"T001243";"2019MM12";"     354"
"663";"T001243";"2020MM01";"     345"
"664";"T001243";"2020MM02";"     373"
"665";"T001243";"2020MM03";"     365"
"667";"T001243";"2020MM04";"     397"
"668";"T001243";"2020MM05";"     364"
"669";"T001243";"2020MM06";"     350"
"671";"T001243";"2020MM07";"     253"
"672";"T001243";"2020MM08";"     211"
"673";"T001243";"2020MM09";"     291"
"675";"T001243";"2020MM10";"     222"
"676";"T001243";"2020MM11";"     232"
"677";"T001243";"2020MM12";"     229"
"680";"T001243";"2021MM01";"     197"
"681";"T001243";"2021MM02";"     162"
"682";"T001243";"2021MM03";"     223"
"684";"T001243";"2021MM04";"     182"
"685";"T001243";"2021MM05";"     176"
"686";"T001243";"2021MM06";"     185"
"688";"T001243";"2021MM07";"     143"
"689";"T001243";"2021MM08";"     151"
"690";"T001243";"2021MM09";"     162"
"692";"T001243";"2021MM10";"     144"
"693";"T001243";"2021MM11";"     234"
"694";"T001243";"2021MM12";"     170"
"697";"T001243";"2022MM01";"     143"
"698";"T001243";"2022MM02";"     194"
"699";"T001243";"2022MM03";"     207"
"701";"T001243";"2022MM04";"     132"
"702";"T001243";"2022MM05";"     241"
"703";"T001243";"2022MM06";"     168"
"705";"T001243";"2022MM07";"     162"
"706";"T001243";"2022MM08";"     195"
"707";"T001243";"2022MM09";"     181"
"709";"T001243";"2022MM10";"     242"
"710";"T001243";"2022MM11";"     299"
"711";"T001243";"2022MM12";"     268"
"714";"T001243";"2023MM01";"     282"
"715";"A041718";"1981MM01";"      80"
"716";"A041718";"1981MM02";"      80"
"717";"A041718";"1981MM03";"      93"
"719";"A041718";"1981MM04";"     118"
"720";"A041718";"1981MM05";"      89"
"721";"A041718";"1981MM06";"      93"
"723";"A041718";"1981MM07";"      98"
"724";"A041718";"1981MM08";"      83"
"725";"A041718";"1981MM09";"     117"
"727";"A041718";"1981MM10";"     122"
"728";"A041718";"1981MM11";"     116"
"729";"A041718";"1981MM12";"     120"
"732";"A041718";"1982MM01";"     106"
"733";"A041718";"1982MM02";"     123"
"734";"A041718";"1982MM03";"     148"
"736";"A041718";"1982MM04";"     103"
"737";"A041718";"1982MM05";"      89"
"738";"A041718";"1982MM06";"     111"
"740";"A041718";"1982MM07";"     123"
"741";"A041718";"1982MM08";"     124"
"742";"A041718";"1982MM09";"     148"
"744";"A041718";"1982MM10";"     116"
"745";"A041718";"1982MM11";"     117"
"746";"A041718";"1982MM12";"     147"
"749";"A041718";"1983MM01";"     133"
"750";"A041718";"1983MM02";"     106"
"751";"A041718";"1983MM03";"     143"
"753";"A041718";"1983MM04";"     124"
"754";"A041718";"1983MM05";"     100"
"755";"A041718";"1983MM06";"     102"
"757";"A041718";"1983MM07";"     102"
"758";"A041718";"1983MM08";"     117"
"759";"A041718";"1983MM09";"     121"
"761";"A041718";"1983MM10";"     104"
"762";"A041718";"1983MM11";"     115"
"763";"A041718";"1983MM12";"      84"
"766";"A041718";"1984MM01";"     110"
"767";"A041718";"1984MM02";"     115"
"768";"A041718";"1984MM03";"     102"
"770";"A041718";"1984MM04";"      69"
"771";"A041718";"1984MM05";"      94"
"772";"A041718";"1984MM06";"      73"
"774";"A041718";"1984MM07";"      74"
"775";"A041718";"1984MM08";"      89"
"776";"A041718";"1984MM09";"      75"
"778";"A041718";"1984MM10";"     101"
"779";"A041718";"1984MM11";"      76"
"780";"A041718";"1984MM12";"      55"
"783";"A041718";"1985MM01";"     111"
"784";"A041718";"1985MM02";"      81"
"785";"A041718";"1985MM03";"      80"
"787";"A041718";"1985MM04";"      76"
"788";"A041718";"1985MM05";"      79"
"789";"A041718";"1985MM06";"      69"
"791";"A041718";"1985MM07";"      73"
"792";"A041718";"1985MM08";"      63"
"793";"A041718";"1985MM09";"      45"
"795";"A041718";"1985MM10";"      85"
"796";"A041718";"1985MM11";"      75"
"797";"A041718";"1985MM12";"      41"
"800";"A041718";"1986MM01";"      53"
"801";"A041718";"1986MM02";"      49"
"802";"A041718";"1986MM03";"      53"
"804";"A041718";"1986MM04";"      75"
"805";"A041718";"1986MM05";"      65"
"806";"A041718";"1986MM06";"      66"
"808";"A041718";"1986MM07";"      65"
"809";"A041718";"1986MM08";"      51"
"810";"A041718";"1986MM09";"      81"
"812";"A041718";"1986MM10";"      51"
"813";"A041718";"1986MM11";"      64"
"814";"A041718";"1986MM12";"      42"
"817";"A041718";"1987MM01";"      50"
"818";"A041718";"1987MM02";"      61"
"819";"A041718";"1987MM03";"      62"
"821";"A041718";"1987MM04";"      54"
"822";"A041718";"1987MM05";"      44"
"823";"A041718";"1987MM06";"      43"
"825";"A041718";"1987MM07";"      66"
"826";"A041718";"1987MM08";"      34"
"827";"A041718";"1987MM09";"      35"
"829";"A041718";"1987MM10";"      51"
"830";"A041718";"1987MM11";"      41"
"831";"A041718";"1987MM12";"      43"
"834";"A041718";"1988MM01";"      49"
"835";"A041718";"1988MM02";"      64"
"836";"A041718";"1988MM03";"      53"
"838";"A041718";"1988MM04";"      43"
"839";"A041718";"1988MM05";"      35"
"840";"A041718";"1988MM06";"      41"
"842";"A041718";"1988MM07";"      41"
"843";"A041718";"1988MM08";"      43"
"844";"A041718";"1988MM09";"      48"
"846";"A041718";"1988MM10";"      46"
"847";"A041718";"1988MM11";"      45"
"848";"A041718";"1988MM12";"      38"
"851";"A041718";"1989MM01";"      38"
"852";"A041718";"1989MM02";"      52"
"853";"A041718";"1989MM03";"      44"
"855";"A041718";"1989MM04";"      49"
"856";"A041718";"1989MM05";"      55"
"857";"A041718";"1989MM06";"      45"
"859";"A041718";"1989MM07";"      36"
"860";"A041718";"1989MM08";"      52"
"861";"A041718";"1989MM09";"      44"
"863";"A041718";"1989MM10";"      59"
"864";"A041718";"1989MM11";"      59"
"865";"A041718";"1989MM12";"      42"
"868";"A041718";"1990MM01";"      52"
"869";"A041718";"1990MM02";"      45"
"870";"A041718";"1990MM03";"      61"
"872";"A041718";"1990MM04";"      39"
"873";"A041718";"1990MM05";"      55"
"874";"A041718";"1990MM06";"      51"
"876";"A041718";"1990MM07";"      39"
"877";"A041718";"1990MM08";"      30"
"878";"A041718";"1990MM09";"      48"
"880";"A041718";"1990MM10";"      61"
"881";"A041718";"1990MM11";"      52"
"882";"A041718";"1990MM12";"      25"
"885";"A041718";"1991MM01";"      37"
"886";"A041718";"1991MM02";"      42"
"887";"A041718";"1991MM03";"      54"
"889";"A041718";"1991MM04";"      35"
"890";"A041718";"1991MM05";"      52"
"891";"A041718";"1991MM06";"      40"
"893";"A041718";"1991MM07";"      47"
"894";"A041718";"1991MM08";"      36"
"895";"A041718";"1991MM09";"      35"
"897";"A041718";"1991MM10";"      60"
"898";"A041718";"1991MM11";"      63"
"899";"A041718";"1991MM12";"      40"
"902";"A041718";"1992MM01";"      40"
"903";"A041718";"1992MM02";"      60"
"904";"A041718";"1992MM03";"      50"
"906";"A041718";"1992MM04";"      66"
"907";"A041718";"1992MM05";"      44"
"908";"A041718";"1992MM06";"      53"
"910";"A041718";"1992MM07";"      56"
"911";"A041718";"1992MM08";"      41"
"912";"A041718";"1992MM09";"      77"
"914";"A041718";"1992MM10";"      63"
"915";"A041718";"1992MM11";"      53"
"916";"A041718";"1992MM12";"      73"
"919";"A041718";"1993MM01";"      74"
"920";"A041718";"1993MM02";"      90"
"921";"A041718";"1993MM03";"      67"
"923";"A041718";"1993MM04";"      67"
"924";"A041718";"1993MM05";"      78"
"925";"A041718";"1993MM06";"      72"
"927";"A041718";"1993MM07";"      70"
"928";"A041718";"1993MM08";"      74"
"929";"A041718";"1993MM09";"      79"
"931";"A041718";"1993MM10";"      78"
"932";"A041718";"1993MM11";"      90"
"933";"A041718";"1993MM12";"      77"
"936";"A041718";"1994MM01";"      92"
"937";"A041718";"1994MM02";"     101"
"938";"A041718";"1994MM03";"     135"
"940";"A041718";"1994MM04";"      91"
"941";"A041718";"1994MM05";"      56"
"942";"A041718";"1994MM06";"     108"
"944";"A041718";"1994MM07";"      83"
"945";"A041718";"1994MM08";"      96"
"946";"A041718";"1994MM09";"      97"
"948";"A041718";"1994MM10";"      76"
"949";"A041718";"1994MM11";"     117"
"950";"A041718";"1994MM12";"      79"
"953";"A041718";"1995MM01";"      98"
"954";"A041718";"1995MM02";"      75"
"955";"A041718";"1995MM03";"     107"
"957";"A041718";"1995MM04";"      99"
"958";"A041718";"1995MM05";"      67"
"959";"A041718";"1995MM06";"      58"
"961";"A041718";"1995MM07";"      83"
"962";"A041718";"1995MM08";"     105"
"963";"A041718";"1995MM09";"     103"
"965";"A041718";"1995MM10";"      87"
"966";"A041718";"1995MM11";"     108"
"967";"A041718";"1995MM12";"      74"
"970";"A041718";"1996MM01";"      79"
"971";"A041718";"1996MM02";"      74"
"972";"A041718";"1996MM03";"      87"
"974";"A041718";"1996MM04";"      71"
"975";"A041718";"1996MM05";"      84"
"976";"A041718";"1996MM06";"      86"
"978";"A041718";"1996MM07";"      77"
"979";"A041718";"1996MM08";"      91"
"980";"A041718";"1996MM09";"      84"
"982";"A041718";"1996MM10";"     105"
"983";"A041718";"1996MM11";"     107"
"984";"A041718";"1996MM12";"      98"
"987";"A041718";"1997MM01";"     104"
"988";"A041718";"1997MM02";"      95"
"989";"A041718";"1997MM03";"      98"
"991";"A041718";"1997MM04";"     108"
"992";"A041718";"1997MM05";"     103"
"993";"A041718";"1997MM06";"      85"
"995";"A041718";"1997MM07";"      95"
"996";"A041718";"1997MM08";"      79"
"997";"A041718";"1997MM09";"      89"
"999";"A041718";"1997MM10";"     100"
"1000";"A041718";"1997MM11";"      90"
"1001";"A041718";"1997MM12";"      92"
"1004";"A041718";"1998MM01";"      93"
"1005";"A041718";"1998MM02";"      92"
"1006";"A041718";"1998MM03";"     110"
"1008";"A041718";"1998MM04";"     109"
"1009";"A041718";"1998MM05";"      78"
"1010";"A041718";"1998MM06";"      86"
"1012";"A041718";"1998MM07";"      94"
"1013";"A041718";"1998MM08";"      53"
"1014";"A041718";"1998MM09";"     104"
"1016";"A041718";"1998MM10";"      65"
"1017";"A041718";"1998MM11";"      98"
"1018";"A041718";"1998MM12";"      34"
"1021";"A041718";"1999MM01";"      56"
"1022";"A041718";"1999MM02";"      45"
"1023";"A041718";"1999MM03";"      45"
"1025";"A041718";"1999MM04";"      53"
"1026";"A041718";"1999MM05";"      32"
"1027";"A041718";"1999MM06";"      46"
"1029";"A041718";"1999MM07";"      49"
"1030";"A041718";"1999MM08";"      36"
"1031";"A041718";"1999MM09";"      66"
"1033";"A041718";"1999MM10";"      66"
"1034";"A041718";"1999MM11";"      56"
"1035";"A041718";"1999MM12";"      52"
"1038";"A041718";"2000MM01";"      65"
"1039";"A041718";"2000MM02";"      64"
"1040";"A041718";"2000MM03";"      66"
"1042";"A041718";"2000MM04";"      63"
"1043";"A041718";"2000MM05";"      73"
"1044";"A041718";"2000MM06";"      70"
"1046";"A041718";"2000MM07";"      70"
"1047";"A041718";"2000MM08";"      90"
"1048";"A041718";"2000MM09";"      75"
"1050";"A041718";"2000MM10";"      86"
"1051";"A041718";"2000MM11";"     107"
"1052";"A041718";"2000MM12";"      90"
"1055";"A041718";"2001MM01";"     112"
"1056";"A041718";"2001MM02";"     115"
"1057";"A041718";"2001MM03";"     125"
"1059";"A041718";"2001MM04";"     112"
"1060";"A041718";"2001MM05";"     119"
"1061";"A041718";"2001MM06";"     127"
"1063";"A041718";"2001MM07";"     150"
"1064";"A041718";"2001MM08";"     124"
"1065";"A041718";"2001MM09";"     122"
"1067";"A041718";"2001MM10";"     154"
"1068";"A041718";"2001MM11";"     139"
"1069";"A041718";"2001MM12";"     105"
"1072";"A041718";"2002MM01";"     156"
"1073";"A041718";"2002MM02";"     145"
"1074";"A041718";"2002MM03";"     114"
"1076";"A041718";"2002MM04";"     129"
"1077";"A041718";"2002MM05";"     134"
"1078";"A041718";"2002MM06";"     122"
"1080";"A041718";"2002MM07";"     142"
"1081";"A041718";"2002MM08";"     137"
"1082";"A041718";"2002MM09";"     174"
"1084";"A041718";"2002MM10";"     174"
"1085";"A041718";"2002MM11";"     213"
"1086";"A041718";"2002MM12";"     168"
"1089";"A041718";"2003MM01";"     180"
"1090";"A041718";"2003MM02";"     163"
"1091";"A041718";"2003MM03";"     147"
"1093";"A041718";"2003MM04";"     177"
"1094";"A041718";"2003MM05";"     187"
"1095";"A041718";"2003MM06";"     190"
"1097";"A041718";"2003MM07";"     185"
"1098";"A041718";"2003MM08";"     170"
"1099";"A041718";"2003MM09";"     252"
"1101";"A041718";"2003MM10";"     229"
"1102";"A041718";"2003MM11";"     269"
"1103";"A041718";"2003MM12";"     213"
"1106";"A041718";"2004MM01";"     198"
"1107";"A041718";"2004MM02";"     219"
"1108";"A041718";"2004MM03";"     202"
"1110";"A041718";"2004MM04";"     272"
"1111";"A041718";"2004MM05";"     246"
"1112";"A041718";"2004MM06";"     226"
"1114";"A041718";"2004MM07";"     210"
"1115";"A041718";"2004MM08";"     183"
"1116";"A041718";"2004MM09";"     257"
"1118";"A041718";"2004MM10";"     225"
"1119";"A041718";"2004MM11";"     238"
"1120";"A041718";"2004MM12";"     225"
"1123";"A041718";"2005MM01";"     251"
"1124";"A041718";"2005MM02";"     262"
"1125";"A041718";"2005MM03";"     321"
"1127";"A041718";"2005MM04";"     291"
"1128";"A041718";"2005MM05";"     299"
"1129";"A041718";"2005MM06";"     292"
"1131";"A041718";"2005MM07";"     290"
"1132";"A041718";"2005MM08";"     227"
"1133";"A041718";"2005MM09";"     239"
"1135";"A041718";"2005MM10";"     272"
"1136";"A041718";"2005MM11";"     305"
"1137";"A041718";"2005MM12";"     253"
"1140";"A041718";"2006MM01";"     249"
"1141";"A041718";"2006MM02";"     268"
"1142";"A041718";"2006MM03";"     354"
"1144";"A041718";"2006MM04";"     264"
"1145";"A041718";"2006MM05";"     313"
"1146";"A041718";"2006MM06";"     244"
"1148";"A041718";"2006MM07";"     267"
"1149";"A041718";"2006MM08";"     218"
"1150";"A041718";"2006MM09";"     291"
"1152";"A041718";"2006MM10";"     257"
"1153";"A041718";"2006MM11";"     254"
"1154";"A041718";"2006MM12";"     259"
"1157";"A041718";"2007MM01";"     327"
"1158";"A041718";"2007MM02";"     318"
"1159";"A041718";"2007MM03";"     343"
"1161";"A041718";"2007MM04";"     285"
"1162";"A041718";"2007MM05";"     297"
"1163";"A041718";"2007MM06";"     291"
"1165";"A041718";"2007MM07";"     293"
"1166";"A041718";"2007MM08";"     235"
"1167";"A041718";"2007MM09";"     247"
"1169";"A041718";"2007MM10";"     303"
"1170";"A041718";"2007MM11";"     246"
"1171";"A041718";"2007MM12";"     165"
"1174";"A041718";"2008MM01";"     327"
"1175";"A041718";"2008MM02";"     166"
"1176";"A041718";"2008MM03";"     144"
"1178";"A041718";"2008MM04";"     184"
"1179";"A041718";"2008MM05";"     130"
"1180";"A041718";"2008MM06";"     176"
"1182";"A041718";"2008MM07";"     203"
"1183";"A041718";"2008MM08";"     164"
"1184";"A041718";"2008MM09";"     176"
"1186";"A041718";"2008MM10";"     155"
"1187";"A041718";"2008MM11";"     195"
"1188";"A041718";"2008MM12";"     190"
"1191";"A041718";"2009MM01";"     227"
"1192";"A041718";"2009MM02";"     165"
"1193";"A041718";"2009MM03";"     272"
"1195";"A041718";"2009MM04";"     232"
"1196";"A041718";"2009MM05";"     177"
"1197";"A041718";"2009MM06";"     226"
"1199";"A041718";"2009MM07";"     190"
"1200";"A041718";"2009MM08";"     189"
"1201";"A041718";"2009MM09";"     197"
"1203";"A041718";"2009MM10";"     214"
"1204";"A041718";"2009MM11";"     194"
"1205";"A041718";"2009MM12";"     201"
"1208";"A041718";"2010MM01";"     199"
"1209";"A041718";"2010MM02";"     179"
"1210";"A041718";"2010MM03";"     252"
"1212";"A041718";"2010MM04";"     207"
"1213";"A041718";"2010MM05";"     130"
"1214";"A041718";"2010MM06";"     236"
"1216";"A041718";"2010MM07";"     187"
"1217";"A041718";"2010MM08";"     210"
"1218";"A041718";"2010MM09";"     192"
"1220";"A041718";"2010MM10";"     176"
"1221";"A041718";"2010MM11";"     218"
"1222";"A041718";"2010MM12";"     158"
"1225";"A041718";"2011MM01";"     180"
"1226";"A041718";"2011MM02";"     215"
"1227";"A041718";"2011MM03";"     264"
"1229";"A041718";"2011MM04";"     197"
"1230";"A041718";"2011MM05";"     262"
"1231";"A041718";"2011MM06";"     191"
"1233";"A041718";"2011MM07";"     200"
"1234";"A041718";"2011MM08";"     221"
"1235";"A041718";"2011MM09";"     211"
"1237";"A041718";"2011MM10";"     212"
"1238";"A041718";"2011MM11";"     304"
"1239";"A041718";"2011MM12";"     191"
"1242";"A041718";"2012MM01";"     255"
"1243";"A041718";"2012MM02";"     273"
"1244";"A041718";"2012MM03";"     248"
"1246";"A041718";"2012MM04";"     196"
"1247";"A041718";"2012MM05";"     261"
"1248";"A041718";"2012MM06";"     230"
"1250";"A041718";"2012MM07";"     278"
"1251";"A041718";"2012MM08";"     245"
"1252";"A041718";"2012MM09";"     244"
"1254";"A041718";"2012MM10";"     276"
"1255";"A041718";"2012MM11";"     281"
"1256";"A041718";"2012MM12";"     215"
"1259";"A041718";"2013MM01";"     269"
"1260";"A041718";"2013MM02";"     231"
"1261";"A041718";"2013MM03";"     290"
"1263";"A041718";"2013MM04";"     248"
"1264";"A041718";"2013MM05";"     294"
"1265";"A041718";"2013MM06";"     250"
"1267";"A041718";"2013MM07";"     272"
"1268";"A041718";"2013MM08";"     196"
"1269";"A041718";"2013MM09";"     204"
"1271";"A041718";"2013MM10";"     293"
"1272";"A041718";"2013MM11";"     243"
"1273";"A041718";"2013MM12";"     228"
"1276";"A041718";"2014MM01";"     238"
"1277";"A041718";"2014MM02";"     219"
"1278";"A041718";"2014MM03";"     185"
"1280";"A041718";"2014MM04";"     211"
"1281";"A041718";"2014MM05";"     171"
"1282";"A041718";"2014MM06";"     129"
"1284";"A041718";"2014MM07";"     145"
"1285";"A041718";"2014MM08";"     142"
"1286";"A041718";"2014MM09";"     169"
"1288";"A041718";"2014MM10";"     152"
"1289";"A041718";"2014MM11";"     141"
"1290";"A041718";"2014MM12";"     146"
"1293";"A041718";"2015MM01";"     119"
"1294";"A041718";"2015MM02";"     141"
"1295";"A041718";"2015MM03";"     150"
"1297";"A041718";"2015MM04";"     111"
"1298";"A041718";"2015MM05";"      83"
"1299";"A041718";"2015MM06";"     107"
"1301";"A041718";"2015MM07";"     104"
"1302";"A041718";"2015MM08";"      81"
"1303";"A041718";"2015MM09";"     106"
"1305";"A041718";"2015MM10";"     113"
"1306";"A041718";"2015MM11";"      86"
"1307";"A041718";"2015MM12";"     131"
"1310";"A041718";"2016MM01";"      76"
"1311";"A041718";"2016MM02";"      83"
"1312";"A041718";"2016MM03";"     120"
"1314";"A041718";"2016MM04";"      87"
"1315";"A041718";"2016MM05";"      94"
"1316";"A041718";"2016MM06";"      75"
"1318";"A041718";"2016MM07";"      66"
"1319";"A041718";"2016MM08";"      84"
"1320";"A041718";"2016MM09";"      59"
"1322";"A041718";"2016MM10";"      60"
"1323";"A041718";"2016MM11";"      72"
"1324";"A041718";"2016MM12";"      64"
"1327";"A041718";"2017MM01";"      67"
"1328";"A041718";"2017MM02";"      50"
"1329";"A041718";"2017MM03";"      73"
"1331";"A041718";"2017MM04";"      67"
"1332";"A041718";"2017MM05";"      84"
"1333";"A041718";"2017MM06";"      56"
"1335";"A041718";"2017MM07";"      57"
"1336";"A041718";"2017MM08";"      70"
"1337";"A041718";"2017MM09";"      65"
"1339";"A041718";"2017MM10";"      74"
"1340";"A041718";"2017MM11";"      52"
"1341";"A041718";"2017MM12";"      38"
"1344";"A041718";"2018MM01";"      57"
"1345";"A041718";"2018MM02";"      33"
"1346";"A041718";"2018MM03";"      65"
"1348";"A041718";"2018MM04";"      48"
"1349";"A041718";"2018MM05";"      48"
"1350";"A041718";"2018MM06";"      53"
"1352";"A041718";"2018MM07";"      52"
"1353";"A041718";"2018MM08";"      36"
"1354";"A041718";"2018MM09";"      45"
"1356";"A041718";"2018MM10";"      61"
"1357";"A041718";"2018MM11";"      52"
"1358";"A041718";"2018MM12";"      43"
"1361";"A041718";"2019MM01";"      63"
"1362";"A041718";"2019MM02";"      46"
"1363";"A041718";"2019MM03";"      55"
"1365";"A041718";"2019MM04";"      50"
"1366";"A041718";"2019MM05";"      31"
"1367";"A041718";"2019MM06";"      62"
"1369";"A041718";"2019MM07";"      50"
"1370";"A041718";"2019MM08";"      44"
"1371";"A041718";"2019MM09";"      46"
"1373";"A041718";"2019MM10";"      58"
"1374";"A041718";"2019MM11";"      49"
"1375";"A041718";"2019MM12";"      32"
"1378";"A041718";"2020MM01";"      46"
"1379";"A041718";"2020MM02";"      52"
"1380";"A041718";"2020MM03";"      38"
"1382";"A041718";"2020MM04";"      31"
"1383";"A041718";"2020MM05";"      48"
"1384";"A041718";"2020MM06";"      52"
"1386";"A041718";"2020MM07";"      30"
"1387";"A041718";"2020MM08";"      21"
"1388";"A041718";"2020MM09";"      42"
"1390";"A041718";"2020MM10";"      38"
"1391";"A041718";"2020MM11";"      29"
"1392";"A041718";"2020MM12";"      28"
"1395";"A041718";"2021MM01";"      37"
"1396";"A041718";"2021MM02";"      26"
"1397";"A041718";"2021MM03";"      29"
"1399";"A041718";"2021MM04";"      36"
"1400";"A041718";"2021MM05";"      23"
"1401";"A041718";"2021MM06";"      23"
"1403";"A041718";"2021MM07";"      23"
"1404";"A041718";"2021MM08";"      27"
"1405";"A041718";"2021MM09";"      25"
"1407";"A041718";"2021MM10";"      23"
"1408";"A041718";"2021MM11";"      26"
"1409";"A041718";"2021MM12";"      13"
"1412";"A041718";"2022MM01";"      13"
"1413";"A041718";"2022MM02";"      25"
"1414";"A041718";"2022MM03";"      18"
"1416";"A041718";"2022MM04";"      24"
"1417";"A041718";"2022MM05";"      31"
"1418";"A041718";"2022MM06";"      13"
"1420";"A041718";"2022MM07";"      22"
"1421";"A041718";"2022MM08";"      24"
"1422";"A041718";"2022MM09";"      17"
"1424";"A041718";"2022MM10";"      38"
"1425";"A041718";"2022MM11";"      41"
"1426";"A041718";"2022MM12";"      21"
"1429";"A041718";"2023MM01";"      22"
"1430";"A028820";"1981MM01";"     216"
"1431";"A028820";"1981MM02";"     244"
"1432";"A028820";"1981MM03";"     235"
"1434";"A028820";"1981MM04";"     215"
"1435";"A028820";"1981MM05";"     203"
"1436";"A028820";"1981MM06";"     221"
"1438";"A028820";"1981MM07";"     263"
"1439";"A028820";"1981MM08";"     202"
"1440";"A028820";"1981MM09";"     290"
"1442";"A028820";"1981MM10";"     269"
"1443";"A028820";"1981MM11";"     247"
"1444";"A028820";"1981MM12";"     273"
"1447";"A028820";"1982MM01";"     267"
"1448";"A028820";"1982MM02";"     249"
"1449";"A028820";"1982MM03";"     323"
"1451";"A028820";"1982MM04";"     253"
"1452";"A028820";"1982MM05";"     215"
"1453";"A028820";"1982MM06";"     292"
"1455";"A028820";"1982MM07";"     261"
"1456";"A028820";"1982MM08";"     218"
"1457";"A028820";"1982MM09";"     311"
"1459";"A028820";"1982MM10";"     263"
"1460";"A028820";"1982MM11";"     325"
"1461";"A028820";"1982MM12";"     276"
"1464";"A028820";"1983MM01";"     297"
"1465";"A028820";"1983MM02";"     283"
"1466";"A028820";"1983MM03";"     340"
"1468";"A028820";"1983MM04";"     237"
"1469";"A028820";"1983MM05";"     251"
"1470";"A028820";"1983MM06";"     286"
"1472";"A028820";"1983MM07";"     206"
"1473";"A028820";"1983MM08";"     221"
"1474";"A028820";"1983MM09";"     260"
"1476";"A028820";"1983MM10";"     222"
"1477";"A028820";"1983MM11";"     246"
"1478";"A028820";"1983MM12";"     185"
"1481";"A028820";"1984MM01";"     221"
"1482";"A028820";"1984MM02";"     266"
"1483";"A028820";"1984MM03";"     263"
"1485";"A028820";"1984MM04";"     186"
"1486";"A028820";"1984MM05";"     223"
"1487";"A028820";"1984MM06";"     201"
"1489";"A028820";"1984MM07";"     161"
"1490";"A028820";"1984MM08";"     233"
"1491";"A028820";"1984MM09";"     198"
"1493";"A028820";"1984MM10";"     249"
"1494";"A028820";"1984MM11";"     202"
"1495";"A028820";"1984MM12";"     149"
"1498";"A028820";"1985MM01";"     236"
"1499";"A028820";"1985MM02";"     170"
"1500";"A028820";"1985MM03";"     217"
"1502";"A028820";"1985MM04";"     179"
"1503";"A028820";"1985MM05";"     199"
"1504";"A028820";"1985MM06";"     171"
"1506";"A028820";"1985MM07";"     172"
"1507";"A028820";"1985MM08";"     161"
"1508";"A028820";"1985MM09";"     169"
"1510";"A028820";"1985MM10";"     189"
"1511";"A028820";"1985MM11";"     150"
"1512";"A028820";"1985MM12";"     129"
"1515";"A028820";"1986MM01";"     148"
"1516";"A028820";"1986MM02";"     146"
"1517";"A028820";"1986MM03";"     155"
"1519";"A028820";"1986MM04";"     170"
"1520";"A028820";"1986MM05";"     149"
"1521";"A028820";"1986MM06";"     165"
"1523";"A028820";"1986MM07";"     161"
"1524";"A028820";"1986MM08";"     153"
"1525";"A028820";"1986MM09";"     132"
"1527";"A028820";"1986MM10";"     170"
"1528";"A028820";"1986MM11";"     139"
"1529";"A028820";"1986MM12";"     127"
"1532";"A028820";"1987MM01";"     156"
"1533";"A028820";"1987MM02";"     124"
"1534";"A028820";"1987MM03";"     134"
"1536";"A028820";"1987MM04";"     132"
"1537";"A028820";"1987MM05";"     114"
"1538";"A028820";"1987MM06";"     116"
"1540";"A028820";"1987MM07";"     126"
"1541";"A028820";"1987MM08";"     110"
"1542";"A028820";"1987MM09";"     158"
"1544";"A028820";"1987MM10";"     142"
"1545";"A028820";"1987MM11";"     133"
"1546";"A028820";"1987MM12";"     117"
"1549";"A028820";"1988MM01";"     129"
"1550";"A028820";"1988MM02";"     130"
"1551";"A028820";"1988MM03";"     142"
"1553";"A028820";"1988MM04";"     124"
"1554";"A028820";"1988MM05";"     129"
"1555";"A028820";"1988MM06";"     157"
"1557";"A028820";"1988MM07";"     118"
"1558";"A028820";"1988MM08";"     131"
"1559";"A028820";"1988MM09";"     139"
"1561";"A028820";"1988MM10";"     150"
"1562";"A028820";"1988MM11";"     172"
"1563";"A028820";"1988MM12";"     107"
"1566";"A028820";"1989MM01";"     140"
"1567";"A028820";"1989MM02";"     136"
"1568";"A028820";"1989MM03";"     157"
"1570";"A028820";"1989MM04";"     113"
"1571";"A028820";"1989MM05";"     132"
"1572";"A028820";"1989MM06";"     144"
"1574";"A028820";"1989MM07";"     110"
"1575";"A028820";"1989MM08";"     110"
"1576";"A028820";"1989MM09";"     145"
"1578";"A028820";"1989MM10";"     124"
"1579";"A028820";"1989MM11";"     148"
"1580";"A028820";"1989MM12";"      84"
"1583";"A028820";"1990MM01";"     144"
"1584";"A028820";"1990MM02";"     119"
"1585";"A028820";"1990MM03";"     137"
"1587";"A028820";"1990MM04";"     107"
"1588";"A028820";"1990MM05";"     112"
"1589";"A028820";"1990MM06";"     104"
"1591";"A028820";"1990MM07";"     118"
"1592";"A028820";"1990MM08";"     129"
"1593";"A028820";"1990MM09";"     125"
"1595";"A028820";"1990MM10";"     130"
"1596";"A028820";"1990MM11";"     113"
"1597";"A028820";"1990MM12";"      96"
"1600";"A028820";"1991MM01";"     156"
"1601";"A028820";"1991MM02";"     133"
"1602";"A028820";"1991MM03";"     130"
"1604";"A028820";"1991MM04";"     116"
"1605";"A028820";"1991MM05";"     130"
"1606";"A028820";"1991MM06";"     119"
"1608";"A028820";"1991MM07";"     125"
"1609";"A028820";"1991MM08";"     105"
"1610";"A028820";"1991MM09";"     119"
"1612";"A028820";"1991MM10";"     186"
"1613";"A028820";"1991MM11";"     151"
"1614";"A028820";"1991MM12";"     111"
"1617";"A028820";"1992MM01";"     141"
"1618";"A028820";"1992MM02";"     137"
"1619";"A028820";"1992MM03";"     162"
"1621";"A028820";"1992MM04";"     166"
"1622";"A028820";"1992MM05";"     151"
"1623";"A028820";"1992MM06";"     136"
"1625";"A028820";"1992MM07";"     171"
"1626";"A028820";"1992MM08";"     123"
"1627";"A028820";"1992MM09";"     171"
"1629";"A028820";"1992MM10";"     171"
"1630";"A028820";"1992MM11";"     169"
"1631";"A028820";"1992MM12";"     170"
"1634";"A028820";"1993MM01";"     159"
"1635";"A028820";"1993MM02";"     138"
"1636";"A028820";"1993MM03";"     218"
"1638";"A028820";"1993MM04";"     182"
"1639";"A028820";"1993MM05";"     135"
"1640";"A028820";"1993MM06";"     183"
"1642";"A028820";"1993MM07";"     183"
"1643";"A028820";"1993MM08";"     163"
"1644";"A028820";"1993MM09";"     185"
"1646";"A028820";"1993MM10";"     190"
"1647";"A028820";"1993MM11";"     224"
"1648";"A028820";"1993MM12";"     188"
"1651";"A028820";"1994MM01";"     180"
"1652";"A028820";"1994MM02";"     171"
"1653";"A028820";"1994MM03";"     227"
"1655";"A028820";"1994MM04";"     167"
"1656";"A028820";"1994MM05";"     162"
"1657";"A028820";"1994MM06";"     172"
"1659";"A028820";"1994MM07";"     147"
"1660";"A028820";"1994MM08";"     219"
"1661";"A028820";"1994MM09";"     192"
"1663";"A028820";"1994MM10";"     164"
"1664";"A028820";"1994MM11";"     207"
"1665";"A028820";"1994MM12";"     165"
"1668";"A028820";"1995MM01";"     192"
"1669";"A028820";"1995MM02";"     174"
"1670";"A028820";"1995MM03";"     212"
"1672";"A028820";"1995MM04";"     166"
"1673";"A028820";"1995MM05";"     150"
"1674";"A028820";"1995MM06";"     161"
"1676";"A028820";"1995MM07";"     153"
"1677";"A028820";"1995MM08";"     164"
"1678";"A028820";"1995MM09";"     145"
"1680";"A028820";"1995MM10";"     183"
"1681";"A028820";"1995MM11";"     168"
"1682";"A028820";"1995MM12";"     143"
"1685";"A028820";"1996MM01";"     198"
"1686";"A028820";"1996MM02";"     162"
"1687";"A028820";"1996MM03";"     162"
"1689";"A028820";"1996MM04";"     159"
"1690";"A028820";"1996MM05";"     170"
"1691";"A028820";"1996MM06";"     146"
"1693";"A028820";"1996MM07";"     157"
"1694";"A028820";"1996MM08";"     141"
"1695";"A028820";"1996MM09";"     143"
"1697";"A028820";"1996MM10";"     168"
"1698";"A028820";"1996MM11";"     161"
"1699";"A028820";"1996MM12";"     132"
"1702";"A028820";"1997MM01";"     182"
"1703";"A028820";"1997MM02";"     157"
"1704";"A028820";"1997MM03";"     132"
"1706";"A028820";"1997MM04";"     139"
"1707";"A028820";"1997MM05";"     146"
"1708";"A028820";"1997MM06";"     117"
"1710";"A028820";"1997MM07";"     146"
"1711";"A028820";"1997MM08";"     108"
"1712";"A028820";"1997MM09";"     174"
"1714";"A028820";"1997MM10";"     147"
"1715";"A028820";"1997MM11";"     141"
"1716";"A028820";"1997MM12";"     139"
"1719";"A028820";"1998MM01";"     133"
"1720";"A028820";"1998MM02";"     130"
"1721";"A028820";"1998MM03";"     175"
"1723";"A028820";"1998MM04";"     145"
"1724";"A028820";"1998MM05";"     114"
"1725";"A028820";"1998MM06";"     148"
"1727";"A028820";"1998MM07";"     139"
"1728";"A028820";"1998MM08";"     121"
"1729";"A028820";"1998MM09";"     175"
"1731";"A028820";"1998MM10";"     116"
"1732";"A028820";"1998MM11";"      88"
"1733";"A028820";"1998MM12";"      61"
"1736";"A028820";"1999MM01";"      76"
"1737";"A028820";"1999MM02";"      79"
"1738";"A028820";"1999MM03";"     100"
"1740";"A028820";"1999MM04";"      83"
"1741";"A028820";"1999MM05";"      56"
"1742";"A028820";"1999MM06";"      88"
"1744";"A028820";"1999MM07";"      66"
"1745";"A028820";"1999MM08";"      80"
"1746";"A028820";"1999MM09";"      81"
"1748";"A028820";"1999MM10";"      67"
"1749";"A028820";"1999MM11";"      72"
"1750";"A028820";"1999MM12";"      77"
"1753";"A028820";"2000MM01";"      73"
"1754";"A028820";"2000MM02";"      74"
"1755";"A028820";"2000MM03";"      92"
"1757";"A028820";"2000MM04";"      73"
"1758";"A028820";"2000MM05";"      77"
"1759";"A028820";"2000MM06";"      61"
"1761";"A028820";"2000MM07";"      73"
"1762";"A028820";"2000MM08";"     114"
"1763";"A028820";"2000MM09";"      79"
"1765";"A028820";"2000MM10";"      86"
"1766";"A028820";"2000MM11";"      87"
"1767";"A028820";"2000MM12";"      69"
"1770";"A028820";"2001MM01";"      84"
"1771";"A028820";"2001MM02";"      75"
"1772";"A028820";"2001MM03";"      89"
"1774";"A028820";"2001MM04";"      81"
"1775";"A028820";"2001MM05";"      97"
"1776";"A028820";"2001MM06";"      74"
"1778";"A028820";"2001MM07";"      86"
"1779";"A028820";"2001MM08";"     100"
"1780";"A028820";"2001MM09";"      75"
"1782";"A028820";"2001MM10";"     102"
"1783";"A028820";"2001MM11";"      77"
"1784";"A028820";"2001MM12";"      57"
"1787";"A028820";"2002MM01";"      98"
"1788";"A028820";"2002MM02";"      79"
"1789";"A028820";"2002MM03";"      85"
"1791";"A028820";"2002MM04";"      74"
"1792";"A028820";"2002MM05";"      70"
"1793";"A028820";"2002MM06";"      84"
"1795";"A028820";"2002MM07";"      76"
"1796";"A028820";"2002MM08";"      72"
"1797";"A028820";"2002MM09";"      61"
"1799";"A028820";"2002MM10";"      90"
"1800";"A028820";"2002MM11";"      33"
"1801";"A028820";"2002MM12";"      56"
"1804";"A028820";"2003MM01";"      98"
"1805";"A028820";"2003MM02";"      77"
"1806";"A028820";"2003MM03";"     106"
"1808";"A028820";"2003MM04";"     124"
"1809";"A028820";"2003MM05";"      88"
"1810";"A028820";"2003MM06";"      92"
"1812";"A028820";"2003MM07";"     105"
"1813";"A028820";"2003MM08";"      91"
"1814";"A028820";"2003MM09";"     105"
"1816";"A028820";"2003MM10";"      80"
"1817";"A028820";"2003MM11";"     104"
"1818";"A028820";"2003MM12";"      81"
"1821";"A028820";"2004MM01";"     112"
"1822";"A028820";"2004MM02";"     112"
"1823";"A028820";"2004MM03";"     141"
"1825";"A028820";"2004MM04";"     106"
"1826";"A028820";"2004MM05";"     105"
"1827";"A028820";"2004MM06";"     116"
"1829";"A028820";"2004MM07";"     121"
"1830";"A028820";"2004MM08";"     118"
"1831";"A028820";"2004MM09";"     128"
"1833";"A028820";"2004MM10";"      92"
"1834";"A028820";"2004MM11";"     128"
"1835";"A028820";"2004MM12";"     102"
"1838";"A028820";"2005MM01";"     136"
"1839";"A028820";"2005MM02";"     118"
"1840";"A028820";"2005MM03";"     162"
"1842";"A028820";"2005MM04";"     110"
"1843";"A028820";"2005MM05";"     138"
"1844";"A028820";"2005MM06";"     177"
"1846";"A028820";"2005MM07";"     136"
"1847";"A028820";"2005MM08";"     172"
"1848";"A028820";"2005MM09";"     142"
"1850";"A028820";"2005MM10";"     135"
"1851";"A028820";"2005MM11";"     142"
"1852";"A028820";"2005MM12";"     129"
"1855";"A028820";"2006MM01";"     159"
"1856";"A028820";"2006MM02";"     163"
"1857";"A028820";"2006MM03";"     151"
"1859";"A028820";"2006MM04";"     147"
"1860";"A028820";"2006MM05";"     135"
"1861";"A028820";"2006MM06";"     125"
"1863";"A028820";"2006MM07";"     137"
"1864";"A028820";"2006MM08";"     167"
"1865";"A028820";"2006MM09";"     136"
"1867";"A028820";"2006MM10";"     132"
"1868";"A028820";"2006MM11";"     135"
"1869";"A028820";"2006MM12";"     126"
"1872";"A028820";"2007MM01";"      89"
"1873";"A028820";"2007MM02";"      75"
"1874";"A028820";"2007MM03";"      76"
"1876";"A028820";"2007MM04";"      76"
"1877";"A028820";"2007MM05";"     106"
"1878";"A028820";"2007MM06";"      79"
"1880";"A028820";"2007MM07";"      70"
"1881";"A028820";"2007MM08";"      92"
"1882";"A028820";"2007MM09";"      82"
"1884";"A028820";"2007MM10";"     106"
"1885";"A028820";"2007MM11";"      80"
"1886";"A028820";"2007MM12";"      82"
"1889";"A028820";"2008MM01";"      92"
"1890";"A028820";"2008MM02";"      54"
"1891";"A028820";"2008MM03";"      58"
"1893";"A028820";"2008MM04";"      87"
"1894";"A028820";"2008MM05";"      57"
"1895";"A028820";"2008MM06";"      58"
"1897";"A028820";"2008MM07";"      70"
"1898";"A028820";"2008MM08";"      60"
"1899";"A028820";"2008MM09";"      74"
"1901";"A028820";"2008MM10";"      65"
"1902";"A028820";"2008MM11";"      62"
"1903";"A028820";"2008MM12";"      58"
"1906";"A028820";"2009MM01";"      99"
"1907";"A028820";"2009MM02";"      63"
"1908";"A028820";"2009MM03";"      90"
"1910";"A028820";"2009MM04";"      85"
"1911";"A028820";"2009MM05";"      85"
"1912";"A028820";"2009MM06";"      99"
"1914";"A028820";"2009MM07";"      92"
"1915";"A028820";"2009MM08";"      72"
"1916";"A028820";"2009MM09";"      88"
"1918";"A028820";"2009MM10";"      95"
"1919";"A028820";"2009MM11";"      89"
"1920";"A028820";"2009MM12";"      88"
"1923";"A028820";"2010MM01";"     110"
"1924";"A028820";"2010MM02";"      84"
"1925";"A028820";"2010MM03";"     110"
"1927";"A028820";"2010MM04";"      82"
"1928";"A028820";"2010MM05";"      74"
"1929";"A028820";"2010MM06";"      96"
"1931";"A028820";"2010MM07";"      51"
"1932";"A028820";"2010MM08";"      95"
"1933";"A028820";"2010MM09";"      69"
"1935";"A028820";"2010MM10";"      65"
"1936";"A028820";"2010MM11";"      87"
"1937";"A028820";"2010MM12";"      62"
"1940";"A028820";"2011MM01";"      69"
"1941";"A028820";"2011MM02";"      58"
"1942";"A028820";"2011MM03";"      82"
"1944";"A028820";"2011MM04";"      55"
"1945";"A028820";"2011MM05";"      72"
"1946";"A028820";"2011MM06";"      50"
"1948";"A028820";"2011MM07";"      44"
"1949";"A028820";"2011MM08";"      86"
"1950";"A028820";"2011MM09";"      56"
"1952";"A028820";"2011MM10";"      64"
"1953";"A028820";"2011MM11";"      82"
"1954";"A028820";"2011MM12";"      48"
"1957";"A028820";"2012MM01";"      95"
"1958";"A028820";"2012MM02";"      72"
"1959";"A028820";"2012MM03";"      88"
"1961";"A028820";"2012MM04";"      75"
"1962";"A028820";"2012MM05";"      77"
"1963";"A028820";"2012MM06";"      62"
"1965";"A028820";"2012MM07";"      88"
"1966";"A028820";"2012MM08";"      61"
"1967";"A028820";"2012MM09";"      90"
"1969";"A028820";"2012MM10";"     116"
"1970";"A028820";"2012MM11";"     107"
"1971";"A028820";"2012MM12";"      66"
"1974";"A028820";"2013MM01";"     101"
"1975";"A028820";"2013MM02";"      72"
"1976";"A028820";"2013MM03";"      99"
"1978";"A028820";"2013MM04";"      93"
"1979";"A028820";"2013MM05";"      91"
"1980";"A028820";"2013MM06";"      85"
"1982";"A028820";"2013MM07";"     101"
"1983";"A028820";"2013MM08";"      72"
"1984";"A028820";"2013MM09";"      79"
"1986";"A028820";"2013MM10";"      92"
"1987";"A028820";"2013MM11";"      96"
"1988";"A028820";"2013MM12";"      74"
"1991";"A028820";"2014MM01";"     102"
"1992";"A028820";"2014MM02";"      72"
"1993";"A028820";"2014MM03";"      70"
"1995";"A028820";"2014MM04";"     113"
"1996";"A028820";"2014MM05";"      69"
"1997";"A028820";"2014MM06";"      60"
"1999";"A028820";"2014MM07";"      90"
"2000";"A028820";"2014MM08";"      72"
"2001";"A028820";"2014MM09";"      91"
"2003";"A028820";"2014MM10";"      71"
"2004";"A028820";"2014MM11";"      70"
"2005";"A028820";"2014MM12";"      96"
"2008";"A028820";"2015MM01";"      75"
"2009";"A028820";"2015MM02";"      58"
"2010";"A028820";"2015MM03";"      67"
"2012";"A028820";"2015MM04";"      58"
"2013";"A028820";"2015MM05";"      54"
"2014";"A028820";"2015MM06";"      66"
"2016";"A028820";"2015MM07";"      55"
"2017";"A028820";"2015MM08";"      47"
"2018";"A028820";"2015MM09";"      75"
"2020";"A028820";"2015MM10";"      51"
"2021";"A028820";"2015MM11";"      49"
"2022";"A028820";"2015MM12";"      80"
"2025";"A028820";"2016MM01";"      50"
"2026";"A028820";"2016MM02";"      51"
"2027";"A028820";"2016MM03";"      71"
"2029";"A028820";"2016MM04";"      49"
"2030";"A028820";"2016MM05";"      54"
"2031";"A028820";"2016MM06";"      56"
"2033";"A028820";"2016MM07";"      51"
"2034";"A028820";"2016MM08";"      51"
"2035";"A028820";"2016MM09";"      53"
"2037";"A028820";"2016MM10";"      48"
"2038";"A028820";"2016MM11";"      45"
"2039";"A028820";"2016MM12";"      34"
"2042";"A028820";"2017MM01";"      64"
"2043";"A028820";"2017MM02";"      60"
"2044";"A028820";"2017MM03";"      46"
"2046";"A028820";"2017MM04";"      48"
"2047";"A028820";"2017MM05";"      54"
"2048";"A028820";"2017MM06";"      42"
"2050";"A028820";"2017MM07";"      38"
"2051";"A028820";"2017MM08";"      52"
"2052";"A028820";"2017MM09";"      47"
"2054";"A028820";"2017MM10";"      41"
"2055";"A028820";"2017MM11";"      50"
"2056";"A028820";"2017MM12";"      34"
"2059";"A028820";"2018MM01";"      53"
"2060";"A028820";"2018MM02";"      48"
"2061";"A028820";"2018MM03";"      44"
"2063";"A028820";"2018MM04";"      36"
"2064";"A028820";"2018MM05";"      44"
"2065";"A028820";"2018MM06";"      36"
"2067";"A028820";"2018MM07";"      32"
"2068";"A028820";"2018MM08";"      48"
"2069";"A028820";"2018MM09";"      52"
"2071";"A028820";"2018MM10";"      33"
"2072";"A028820";"2018MM11";"      35"
"2073";"A028820";"2018MM12";"      27"
"2076";"A028820";"2019MM01";"      58"
"2077";"A028820";"2019MM02";"      62"
"2078";"A028820";"2019MM03";"      43"
"2080";"A028820";"2019MM04";"      53"
"2081";"A028820";"2019MM05";"      46"
"2082";"A028820";"2019MM06";"      29"
"2084";"A028820";"2019MM07";"      48"
"2085";"A028820";"2019MM08";"      42"
"2086";"A028820";"2019MM09";"      56"
"2088";"A028820";"2019MM10";"      46"
"2089";"A028820";"2019MM11";"      47"
"2090";"A028820";"2019MM12";"      53"
"2093";"A028820";"2020MM01";"      45"
"2094";"A028820";"2020MM02";"      64"
"2095";"A028820";"2020MM03";"      37"
"2097";"A028820";"2020MM04";"      45"
"2098";"A028820";"2020MM05";"      54"
"2099";"A028820";"2020MM06";"      34"
"2101";"A028820";"2020MM07";"      29"
"2102";"A028820";"2020MM08";"      24"
"2103";"A028820";"2020MM09";"      37"
"2105";"A028820";"2020MM10";"      22"
"2106";"A028820";"2020MM11";"      35"
"2107";"A028820";"2020MM12";"      48"
"2110";"A028820";"2021MM01";"      25"
"2111";"A028820";"2021MM02";"      29"
"2112";"A028820";"2021MM03";"      29"
"2114";"A028820";"2021MM04";"      27"
"2115";"A028820";"2021MM05";"      29"
"2116";"A028820";"2021MM06";"      24"
"2118";"A028820";"2021MM07";"      17"
"2119";"A028820";"2021MM08";"      14"
"2120";"A028820";"2021MM09";"      24"
"2122";"A028820";"2021MM10";"      17"
"2123";"A028820";"2021MM11";"      23"
"2124";"A028820";"2021MM12";"      23"
"2127";"A028820";"2022MM01";"      18"
"2128";"A028820";"2022MM02";"      20"
"2129";"A028820";"2022MM03";"      21"
"2131";"A028820";"2022MM04";"      21"
"2132";"A028820";"2022MM05";"      33"
"2133";"A028820";"2022MM06";"      26"
"2135";"A028820";"2022MM07";"      21"
"2136";"A028820";"2022MM08";"      22"
"2137";"A028820";"2022MM09";"      21"
"2139";"A028820";"2022MM10";"      22"
"2140";"A028820";"2022MM11";"      34"
"2141";"A028820";"2022MM12";"      32"
"2144";"A028820";"2023MM01";"      35"
"2145";"A047597";"1981MM01";"     213"
"2146";"A047597";"1981MM02";"     264"
"2147";"A047597";"1981MM03";"     239"
"2149";"A047597";"1981MM04";"     274"
"2150";"A047597";"1981MM05";"     238"
"2151";"A047597";"1981MM06";"     243"
"2153";"A047597";"1981MM07";"     306"
"2154";"A047597";"1981MM08";"     211"
"2155";"A047597";"1981MM09";"     318"
"2157";"A047597";"1981MM10";"     311"
"2158";"A047597";"1981MM11";"     285"
"2159";"A047597";"1981MM12";"     299"
"2162";"A047597";"1982MM01";"     301"
"2163";"A047597";"1982MM02";"     350"
"2164";"A047597";"1982MM03";"     399"
"2166";"A047597";"1982MM04";"     339"
"2167";"A047597";"1982MM05";"     251"
"2168";"A047597";"1982MM06";"     345"
"2170";"A047597";"1982MM07";"     306"
"2171";"A047597";"1982MM08";"     271"
"2172";"A047597";"1982MM09";"     338"
"2174";"A047597";"1982MM10";"     357"
"2175";"A047597";"1982MM11";"     347"
"2176";"A047597";"1982MM12";"     332"
"2179";"A047597";"1983MM01";"     296"
"2180";"A047597";"1983MM02";"     285"
"2181";"A047597";"1983MM03";"     401"
"2183";"A047597";"1983MM04";"     268"
"2184";"A047597";"1983MM05";"     286"
"2185";"A047597";"1983MM06";"     332"
"2187";"A047597";"1983MM07";"     213"
"2188";"A047597";"1983MM08";"     297"
"2189";"A047597";"1983MM09";"     267"
"2191";"A047597";"1983MM10";"     214"
"2192";"A047597";"1983MM11";"     241"
"2193";"A047597";"1983MM12";"     206"
"2196";"A047597";"1984MM01";"     240"
"2197";"A047597";"1984MM02";"     278"
"2198";"A047597";"1984MM03";"     258"
"2200";"A047597";"1984MM04";"     198"
"2201";"A047597";"1984MM05";"     243"
"2202";"A047597";"1984MM06";"     217"
"2204";"A047597";"1984MM07";"     188"
"2205";"A047597";"1984MM08";"     241"
"2206";"A047597";"1984MM09";"     208"
"2208";"A047597";"1984MM10";"     217"
"2209";"A047597";"1984MM11";"     195"
"2210";"A047597";"1984MM12";"     156"
"2213";"A047597";"1985MM01";"     213"
"2214";"A047597";"1985MM02";"     207"
"2215";"A047597";"1985MM03";"     245"
"2217";"A047597";"1985MM04";"     191"
"2218";"A047597";"1985MM05";"     216"
"2219";"A047597";"1985MM06";"     184"
"2221";"A047597";"1985MM07";"     194"
"2222";"A047597";"1985MM08";"     161"
"2223";"A047597";"1985MM09";"     184"
"2225";"A047597";"1985MM10";"     219"
"2226";"A047597";"1985MM11";"     193"
"2227";"A047597";"1985MM12";"     151"
"2230";"A047597";"1986MM01";"     169"
"2231";"A047597";"1986MM02";"     124"
"2232";"A047597";"1986MM03";"     189"
"2234";"A047597";"1986MM04";"     154"
"2235";"A047597";"1986MM05";"     148"
"2236";"A047597";"1986MM06";"     164"
"2238";"A047597";"1986MM07";"     138"
"2239";"A047597";"1986MM08";"     147"
"2240";"A047597";"1986MM09";"     183"
"2242";"A047597";"1986MM10";"     157"
"2243";"A047597";"1986MM11";"     192"
"2244";"A047597";"1986MM12";"     153"
"2247";"A047597";"1987MM01";"     124"
"2248";"A047597";"1987MM02";"     156"
"2249";"A047597";"1987MM03";"     149"
"2251";"A047597";"1987MM04";"     152"
"2252";"A047597";"1987MM05";"     122"
"2253";"A047597";"1987MM06";"     114"
"2255";"A047597";"1987MM07";"     162"
"2256";"A047597";"1987MM08";"     115"
"2257";"A047597";"1987MM09";"     165"
"2259";"A047597";"1987MM10";"     121"
"2260";"A047597";"1987MM11";"     109"
"2261";"A047597";"1987MM12";"     151"
"2264";"A047597";"1988MM01";"     109"
"2265";"A047597";"1988MM02";"     153"
"2266";"A047597";"1988MM03";"     173"
"2268";"A047597";"1988MM04";"     121"
"2269";"A047597";"1988MM05";"     166"
"2270";"A047597";"1988MM06";"     169"
"2272";"A047597";"1988MM07";"     129"
"2273";"A047597";"1988MM08";"     131"
"2274";"A047597";"1988MM09";"     115"
"2276";"A047597";"1988MM10";"     137"
"2277";"A047597";"1988MM11";"     155"
"2278";"A047597";"1988MM12";"     117"
"2281";"A047597";"1989MM01";"     154"
"2282";"A047597";"1989MM02";"     115"
"2283";"A047597";"1989MM03";"     159"
"2285";"A047597";"1989MM04";"     125"
"2286";"A047597";"1989MM05";"     115"
"2287";"A047597";"1989MM06";"     139"
"2289";"A047597";"1989MM07";"     115"
"2290";"A047597";"1989MM08";"     127"
"2291";"A047597";"1989MM09";"     133"
"2293";"A047597";"1989MM10";"     122"
"2294";"A047597";"1989MM11";"     147"
"2295";"A047597";"1989MM12";"     110"
"2298";"A047597";"1990MM01";"     146"
"2299";"A047597";"1990MM02";"     102"
"2300";"A047597";"1990MM03";"     129"
"2302";"A047597";"1990MM04";"     124"
"2303";"A047597";"1990MM05";"     151"
"2304";"A047597";"1990MM06";"     129"
"2306";"A047597";"1990MM07";"     119"
"2307";"A047597";"1990MM08";"     111"
"2308";"A047597";"1990MM09";"     148"
"2310";"A047597";"1990MM10";"     140"
"2311";"A047597";"1990MM11";"     138"
"2312";"A047597";"1990MM12";"      90"
"2315";"A047597";"1991MM01";"     131"
"2316";"A047597";"1991MM02";"     144"
"2317";"A047597";"1991MM03";"     153"
"2319";"A047597";"1991MM04";"     139"
"2320";"A047597";"1991MM05";"     161"
"2321";"A047597";"1991MM06";"     156"
"2323";"A047597";"1991MM07";"     164"
"2324";"A047597";"1991MM08";"     146"
"2325";"A047597";"1991MM09";"     148"
"2327";"A047597";"1991MM10";"     207"
"2328";"A047597";"1991MM11";"     205"
"2329";"A047597";"1991MM12";"     199"
"2332";"A047597";"1992MM01";"     177"
"2333";"A047597";"1992MM02";"     154"
"2334";"A047597";"1992MM03";"     202"
"2336";"A047597";"1992MM04";"     209"
"2337";"A047597";"1992MM05";"     183"
"2338";"A047597";"1992MM06";"     185"
"2340";"A047597";"1992MM07";"     194"
"2341";"A047597";"1992MM08";"     151"
"2342";"A047597";"1992MM09";"     266"
"2344";"A047597";"1992MM10";"     272"
"2345";"A047597";"1992MM11";"     242"
"2346";"A047597";"1992MM12";"     266"
"2349";"A047597";"1993MM01";"     221"
"2350";"A047597";"1993MM02";"     233"
"2351";"A047597";"1993MM03";"     354"
"2353";"A047597";"1993MM04";"     258"
"2354";"A047597";"1993MM05";"     283"
"2355";"A047597";"1993MM06";"     302"
"2357";"A047597";"1993MM07";"     316"
"2358";"A047597";"1993MM08";"     271"
"2359";"A047597";"1993MM09";"     322"
"2361";"A047597";"1993MM10";"     236"
"2362";"A047597";"1993MM11";"     282"
"2363";"A047597";"1993MM12";"     286"
"2366";"A047597";"1994MM01";"     263"
"2367";"A047597";"1994MM02";"     262"
"2368";"A047597";"1994MM03";"     324"
"2370";"A047597";"1994MM04";"     239"
"2371";"A047597";"1994MM05";"     214"
"2372";"A047597";"1994MM06";"     341"
"2374";"A047597";"1994MM07";"     233"
"2375";"A047597";"1994MM08";"     287"
"2376";"A047597";"1994MM09";"     259"
"2378";"A047597";"1994MM10";"     233"
"2379";"A047597";"1994MM11";"     298"
"2380";"A047597";"1994MM12";"     207"
"2383";"A047597";"1995MM01";"     224"
"2384";"A047597";"1995MM02";"     204"
"2385";"A047597";"1995MM03";"     246"
"2387";"A047597";"1995MM04";"     213"
"2388";"A047597";"1995MM05";"     226"
"2389";"A047597";"1995MM06";"     236"
"2391";"A047597";"1995MM07";"     240"
"2392";"A047597";"1995MM08";"     237"
"2393";"A047597";"1995MM09";"     262"
"2395";"A047597";"1995MM10";"     258"
"2396";"A047597";"1995MM11";"     239"
"2397";"A047597";"1995MM12";"     187"
"2400";"A047597";"1996MM01";"     217"
"2401";"A047597";"1996MM02";"     204"
"2402";"A047597";"1996MM03";"     228"
"2404";"A047597";"1996MM04";"     207"
"2405";"A047597";"1996MM05";"     228"
"2406";"A047597";"1996MM06";"     222"
"2408";"A047597";"1996MM07";"     216"
"2409";"A047597";"1996MM08";"     206"
"2410";"A047597";"1996MM09";"     227"
"2412";"A047597";"1996MM10";"     277"
"2413";"A047597";"1996MM11";"     187"
"2414";"A047597";"1996MM12";"     216"
"2417";"A047597";"1997MM01";"     250"
"2418";"A047597";"1997MM02";"     225"
"2419";"A047597";"1997MM03";"     207"
"2421";"A047597";"1997MM04";"     223"
"2422";"A047597";"1997MM05";"     232"
"2423";"A047597";"1997MM06";"     216"
"2425";"A047597";"1997MM07";"     251"
"2426";"A047597";"1997MM08";"     177"
"2427";"A047597";"1997MM09";"     212"
"2429";"A047597";"1997MM10";"     250"
"2430";"A047597";"1997MM11";"     240"
"2431";"A047597";"1997MM12";"     198"
"2434";"A047597";"1998MM01";"     189"
"2435";"A047597";"1998MM02";"     201"
"2436";"A047597";"1998MM03";"     253"
"2438";"A047597";"1998MM04";"     248"
"2439";"A047597";"1998MM05";"     164"
"2440";"A047597";"1998MM06";"     205"
"2442";"A047597";"1998MM07";"     211"
"2443";"A047597";"1998MM08";"     152"
"2444";"A047597";"1998MM09";"     261"
"2446";"A047597";"1998MM10";"     183"
"2447";"A047597";"1998MM11";"     192"
"2448";"A047597";"1998MM12";"     211"
"2451";"A047597";"1999MM01";"     153"
"2452";"A047597";"1999MM02";"     203"
"2453";"A047597";"1999MM03";"     245"
"2455";"A047597";"1999MM04";"     206"
"2456";"A047597";"1999MM05";"     175"
"2457";"A047597";"1999MM06";"     230"
"2459";"A047597";"1999MM07";"     166"
"2460";"A047597";"1999MM08";"     157"
"2461";"A047597";"1999MM09";"     199"
"2463";"A047597";"1999MM10";"     175"
"2464";"A047597";"1999MM11";"     204"
"2465";"A047597";"1999MM12";"     200"
"2468";"A047597";"2000MM01";"     172"
"2469";"A047597";"2000MM02";"     207"
"2470";"A047597";"2000MM03";"     207"
"2472";"A047597";"2000MM04";"     170"
"2473";"A047597";"2000MM05";"     229"
"2474";"A047597";"2000MM06";"     205"
"2476";"A047597";"2000MM07";"     213"
"2477";"A047597";"2000MM08";"     248"
"2478";"A047597";"2000MM09";"     200"
"2480";"A047597";"2000MM10";"     268"
"2481";"A047597";"2000MM11";"     301"
"2482";"A047597";"2000MM12";"     201"
"2485";"A047597";"2001MM01";"     251"
"2486";"A047597";"2001MM02";"     261"
"2487";"A047597";"2001MM03";"     239"
"2489";"A047597";"2001MM04";"     234"
"2490";"A047597";"2001MM05";"     328"
"2491";"A047597";"2001MM06";"     239"
"2493";"A047597";"2001MM07";"     304"
"2494";"A047597";"2001MM08";"     296"
"2495";"A047597";"2001MM09";"     265"
"2497";"A047597";"2001MM10";"     333"
"2498";"A047597";"2001MM11";"     314"
"2499";"A047597";"2001MM12";"     269"
"2502";"A047597";"2002MM01";"     348"
"2503";"A047597";"2002MM02";"     296"
"2504";"A047597";"2002MM03";"     307"
"2506";"A047597";"2002MM04";"     283"
"2507";"A047597";"2002MM05";"     328"
"2508";"A047597";"2002MM06";"     329"
"2510";"A047597";"2002MM07";"     454"
"2511";"A047597";"2002MM08";"     284"
"2512";"A047597";"2002MM09";"     340"
"2514";"A047597";"2002MM10";"     439"
"2515";"A047597";"2002MM11";"     340"
"2516";"A047597";"2002MM12";"     337"
"2519";"A047597";"2003MM01";"     379"
"2520";"A047597";"2003MM02";"     399"
"2521";"A047597";"2003MM03";"     367"
"2523";"A047597";"2003MM04";"     493"
"2524";"A047597";"2003MM05";"     482"
"2525";"A047597";"2003MM06";"     455"
"2527";"A047597";"2003MM07";"     467"
"2528";"A047597";"2003MM08";"     335"
"2529";"A047597";"2003MM09";"     512"
"2531";"A047597";"2003MM10";"     496"
"2532";"A047597";"2003MM11";"     413"
"2533";"A047597";"2003MM12";"     437"
"2536";"A047597";"2004MM01";"     422"
"2537";"A047597";"2004MM02";"     437"
"2538";"A047597";"2004MM03";"     559"
"2540";"A047597";"2004MM04";"     361"
"2541";"A047597";"2004MM05";"     393"
"2542";"A047597";"2004MM06";"     506"
"2544";"A047597";"2004MM07";"     414"
"2545";"A047597";"2004MM08";"     451"
"2546";"A047597";"2004MM09";"     448"
"2548";"A047597";"2004MM10";"     386"
"2549";"A047597";"2004MM11";"     458"
"2550";"A047597";"2004MM12";"     432"
"2553";"A047597";"2005MM01";"     410"
"2554";"A047597";"2005MM02";"     460"
"2555";"A047597";"2005MM03";"     505"
"2557";"A047597";"2005MM04";"     418"
"2558";"A047597";"2005MM05";"     394"
"2559";"A047597";"2005MM06";"     435"
"2561";"A047597";"2005MM07";"     388"
"2562";"A047597";"2005MM08";"     399"
"2563";"A047597";"2005MM09";"     447"
"2565";"A047597";"2005MM10";"     382"
"2566";"A047597";"2005MM11";"     483"
"2567";"A047597";"2005MM12";"     362"
"2570";"A047597";"2006MM01";"     424"
"2571";"A047597";"2006MM02";"     395"
"2572";"A047597";"2006MM03";"     402"
"2574";"A047597";"2006MM04";"     365"
"2575";"A047597";"2006MM05";"     387"
"2576";"A047597";"2006MM06";"     346"
"2578";"A047597";"2006MM07";"     325"
"2579";"A047597";"2006MM08";"     348"
"2580";"A047597";"2006MM09";"     309"
"2582";"A047597";"2006MM10";"     323"
"2583";"A047597";"2006MM11";"     322"
"2584";"A047597";"2006MM12";"     282"
"2587";"A047597";"2007MM01";"     383"
"2588";"A047597";"2007MM02";"     268"
"2589";"A047597";"2007MM03";"     273"
"2591";"A047597";"2007MM04";"     288"
"2592";"A047597";"2007MM05";"     326"
"2593";"A047597";"2007MM06";"     252"
"2595";"A047597";"2007MM07";"     308"
"2596";"A047597";"2007MM08";"     308"
"2597";"A047597";"2007MM09";"     319"
"2599";"A047597";"2007MM10";"     336"
"2600";"A047597";"2007MM11";"     298"
"2601";"A047597";"2007MM12";"     230"
"2604";"A047597";"2008MM01";"     291"
"2605";"A047597";"2008MM02";"     295"
"2606";"A047597";"2008MM03";"     259"
"2608";"A047597";"2008MM04";"     319"
"2609";"A047597";"2008MM05";"     228"
"2610";"A047597";"2008MM06";"     320"
"2612";"A047597";"2008MM07";"     312"
"2613";"A047597";"2008MM08";"     289"
"2614";"A047597";"2008MM09";"     341"
"2616";"A047597";"2008MM10";"     341"
"2617";"A047597";"2008MM11";"     427"
"2618";"A047597";"2008MM12";"     420"
"2621";"A047597";"2009MM01";"     464"
"2622";"A047597";"2009MM02";"     538"
"2623";"A047597";"2009MM03";"     678"
"2625";"A047597";"2009MM04";"     632"
"2626";"A047597";"2009MM05";"     496"
"2627";"A047597";"2009MM06";"     698"
"2629";"A047597";"2009MM07";"     639"
"2630";"A047597";"2009MM08";"     514"
"2631";"A047597";"2009MM09";"     622"
"2633";"A047597";"2009MM10";"     526"
"2634";"A047597";"2009MM11";"     588"
"2635";"A047597";"2009MM12";"     547"
"2638";"A047597";"2010MM01";"     480"
"2639";"A047597";"2010MM02";"     548"
"2640";"A047597";"2010MM03";"     634"
"2642";"A047597";"2010MM04";"     489"
"2643";"A047597";"2010MM05";"     399"
"2644";"A047597";"2010MM06";"     658"
"2646";"A047597";"2010MM07";"     497"
"2647";"A047597";"2010MM08";"     495"
"2648";"A047597";"2010MM09";"     445"
"2650";"A047597";"2010MM10";"     525"
"2651";"A047597";"2010MM11";"     565"
"2652";"A047597";"2010MM12";"     427"
"2655";"A047597";"2011MM01";"     477"
"2656";"A047597";"2011MM02";"     511"
"2657";"A047597";"2011MM03";"     538"
"2659";"A047597";"2011MM04";"     444"
"2660";"A047597";"2011MM05";"     559"
"2661";"A047597";"2011MM06";"     433"
"2663";"A047597";"2011MM07";"     459"
"2664";"A047597";"2011MM08";"     492"
"2665";"A047597";"2011MM09";"     526"
"2667";"A047597";"2011MM10";"     523"
"2668";"A047597";"2011MM11";"     636"
"2669";"A047597";"2011MM12";"     519"
"2672";"A047597";"2012MM01";"     671"
"2673";"A047597";"2012MM02";"     599"
"2674";"A047597";"2012MM03";"     579"
"2676";"A047597";"2012MM04";"     593"
"2677";"A047597";"2012MM05";"     684"
"2678";"A047597";"2012MM06";"     599"
"2680";"A047597";"2012MM07";"     721"
"2681";"A047597";"2012MM08";"     516"
"2682";"A047597";"2012MM09";"     556"
"2684";"A047597";"2012MM10";"     700"
"2685";"A047597";"2012MM11";"     579"
"2686";"A047597";"2012MM12";"     552"
"2689";"A047597";"2013MM01";"     734"
"2690";"A047597";"2013MM02";"     760"
"2691";"A047597";"2013MM03";"     714"
"2693";"A047597";"2013MM04";"     698"
"2694";"A047597";"2013MM05";"     800"
"2695";"A047597";"2013MM06";"     712"
"2697";"A047597";"2013MM07";"     782"
"2698";"A047597";"2013MM08";"     610"
"2699";"A047597";"2013MM09";"     596"
"2701";"A047597";"2013MM10";"     748"
"2702";"A047597";"2013MM11";"     581"
"2703";"A047597";"2013MM12";"     641"
"2706";"A047597";"2014MM01";"     598"
"2707";"A047597";"2014MM02";"     609"
"2708";"A047597";"2014MM03";"     526"
"2710";"A047597";"2014MM04";"     716"
"2711";"A047597";"2014MM05";"     552"
"2712";"A047597";"2014MM06";"     464"
"2714";"A047597";"2014MM07";"     631"
"2715";"A047597";"2014MM08";"     465"
"2716";"A047597";"2014MM09";"     539"
"2718";"A047597";"2014MM10";"     537"
"2719";"A047597";"2014MM11";"     488"
"2720";"A047597";"2014MM12";"     520"
"2723";"A047597";"2015MM01";"     477"
"2724";"A047597";"2015MM02";"     480"
"2725";"A047597";"2015MM03";"     645"
"2727";"A047597";"2015MM04";"     455"
"2728";"A047597";"2015MM05";"     379"
"2729";"A047597";"2015MM06";"     477"
"2731";"A047597";"2015MM07";"     424"
"2732";"A047597";"2015MM08";"     316"
"2733";"A047597";"2015MM09";"     381"
"2735";"A047597";"2015MM10";"     376"
"2736";"A047597";"2015MM11";"     389"
"2737";"A047597";"2015MM12";"     472"
"2740";"A047597";"2016MM01";"     376"
"2741";"A047597";"2016MM02";"     453"
"2742";"A047597";"2016MM03";"     444"
"2744";"A047597";"2016MM04";"     362"
"2745";"A047597";"2016MM05";"     383"
"2746";"A047597";"2016MM06";"     365"
"2748";"A047597";"2016MM07";"     349"
"2749";"A047597";"2016MM08";"     321"
"2750";"A047597";"2016MM09";"     280"
"2752";"A047597";"2016MM10";"     284"
"2753";"A047597";"2016MM11";"     470"
"2754";"A047597";"2016MM12";"     312"
"2757";"A047597";"2017MM01";"     380"
"2758";"A047597";"2017MM02";"     276"
"2759";"A047597";"2017MM03";"     294"
"2761";"A047597";"2017MM04";"     248"
"2762";"A047597";"2017MM05";"     319"
"2763";"A047597";"2017MM06";"     283"
"2765";"A047597";"2017MM07";"     251"
"2766";"A047597";"2017MM08";"     263"
"2767";"A047597";"2017MM09";"     224"
"2769";"A047597";"2017MM10";"     293"
"2770";"A047597";"2017MM11";"     242"
"2771";"A047597";"2017MM12";"     218"
"2774";"A047597";"2018MM01";"     313"
"2775";"A047597";"2018MM02";"     221"
"2776";"A047597";"2018MM03";"     252"
"2778";"A047597";"2018MM04";"     252"
"2779";"A047597";"2018MM05";"     299"
"2780";"A047597";"2018MM06";"     235"
"2782";"A047597";"2018MM07";"     287"
"2783";"A047597";"2018MM08";"     247"
"2784";"A047597";"2018MM09";"     213"
"2786";"A047597";"2018MM10";"     306"
"2787";"A047597";"2018MM11";"     263"
"2788";"A047597";"2018MM12";"     257"
"2791";"A047597";"2019MM01";"     271"
"2792";"A047597";"2019MM02";"     237"
"2793";"A047597";"2019MM03";"     259"
"2795";"A047597";"2019MM04";"     316"
"2796";"A047597";"2019MM05";"     249"
"2797";"A047597";"2019MM06";"     253"
"2799";"A047597";"2019MM07";"     312"
"2800";"A047597";"2019MM08";"     244"
"2801";"A047597";"2019MM09";"     240"
"2803";"A047597";"2019MM10";"     289"
"2804";"A047597";"2019MM11";"     270"
"2805";"A047597";"2019MM12";"     269"
"2808";"A047597";"2020MM01";"     254"
"2809";"A047597";"2020MM02";"     257"
"2810";"A047597";"2020MM03";"     290"
"2812";"A047597";"2020MM04";"     321"
"2813";"A047597";"2020MM05";"     262"
"2814";"A047597";"2020MM06";"     264"
"2816";"A047597";"2020MM07";"     194"
"2817";"A047597";"2020MM08";"     166"
"2818";"A047597";"2020MM09";"     212"
"2820";"A047597";"2020MM10";"     162"
"2821";"A047597";"2020MM11";"     168"
"2822";"A047597";"2020MM12";"     153"
"2825";"A047597";"2021MM01";"     135"
"2826";"A047597";"2021MM02";"     107"
"2827";"A047597";"2021MM03";"     165"
"2829";"A047597";"2021MM04";"     119"
"2830";"A047597";"2021MM05";"     124"
"2831";"A047597";"2021MM06";"     138"
"2833";"A047597";"2021MM07";"     103"
"2834";"A047597";"2021MM08";"     110"
"2835";"A047597";"2021MM09";"     113"
"2837";"A047597";"2021MM10";"     104"
"2838";"A047597";"2021MM11";"     185"
"2839";"A047597";"2021MM12";"     134"
"2842";"A047597";"2022MM01";"     112"
"2843";"A047597";"2022MM02";"     149"
"2844";"A047597";"2022MM03";"     168"
"2846";"A047597";"2022MM04";"      87"
"2847";"A047597";"2022MM05";"     177"
"2848";"A047597";"2022MM06";"     129"
"2850";"A047597";"2022MM07";"     119"
"2851";"A047597";"2022MM08";"     149"
"2852";"A047597";"2022MM09";"     143"
"2854";"A047597";"2022MM10";"     182"
"2855";"A047597";"2022MM11";"     224"
"2856";"A047597";"2022MM12";"     215"
"2859";"A047597";"2023MM01";"     225"
