"h_1","h_3","h_6","h_9","h_12","h_24"
6,6,6,6,6,6
5.9,5.9,5.9,5.9,5.9,5.9
5.6,5.6,5.6,5.6,5.6,5.6
5.2,5.2,5.2,5.2,5.2,5.2
5.1,5.1,5.1,5.1,5.1,5.1
5,5,5,5,5,5
5.1,5.1,5.1,5.1,5.1,5.1
5.2,5.2,5.2,5.2,5.2,5.2
5.5,5.5,5.5,5.5,5.5,5.5
5.7,5.7,5.7,5.7,5.7,5.7
5.8,5.8,5.8,5.8,5.8,5.8
5.3,5.3,5.3,5.3,5.3,5.3
5.2,5.2,5.2,5.2,5.2,5.2
4.8,4.8,4.8,4.8,4.8,4.8
5.4,5.4,5.4,5.4,5.4,5.4
5.2,5.2,5.2,5.2,5.2,5.2
5.1,5.1,5.1,5.1,5.1,5.1
5.4,5.4,5.4,5.4,5.4,5.4
5.5,5.5,5.5,5.5,5.5,5.5
5.6,5.6,5.6,5.6,5.6,5.6
5.5,5.5,5.5,5.5,5.5,5.5
6.1,6.1,6.1,6.1,6.1,6.1
6.1,6.1,6.1,6.1,6.1,6.1
6.6,6.6,6.6,6.6,6.6,6.6
6.6,6.6,6.6,6.6,6.6,6.6
6.9,6.9,6.9,6.9,6.9,6.9
6.9,6.9,6.9,6.9,6.9,6.9
7,7,7,7,7,7
7.1,7.1,7.1,7.1,7.1,7.1
6.9,6.9,6.9,6.9,6.9,6.9
7,7,7,7,7,7
6.6,6.6,6.6,6.6,6.6,6.6
6.7,6.7,6.7,6.7,6.7,6.7
6.5,6.5,6.5,6.5,6.5,6.5
6.1,6.1,6.1,6.1,6.1,6.1
6,6,6,6,6,6
5.8,5.8,5.8,5.8,5.8,5.8
5.5,5.5,5.5,5.5,5.5,5.5
5.6,5.6,5.6,5.6,5.6,5.6
5.6,5.6,5.6,5.6,5.6,5.6
5.5,5.5,5.5,5.5,5.5,5.5
5.5,5.5,5.5,5.5,5.5,5.5
5.4,5.4,5.4,5.4,5.4,5.4
5.7,5.7,5.7,5.7,5.7,5.7
5.6,5.6,5.6,5.6,5.6,5.6
5.4,5.4,5.4,5.4,5.4,5.4
5.7,5.7,5.7,5.7,5.7,5.7
5.5,5.5,5.5,5.5,5.5,5.5
5.7,5.7,5.7,5.7,5.7,5.7
5.9,5.9,5.9,5.9,5.9,5.9
5.7,5.7,5.7,5.7,5.7,5.7
5.7,5.7,5.7,5.7,5.7,5.7
5.9,5.9,5.9,5.9,5.9,5.9
5.6,5.6,5.6,5.6,5.6,5.6
5.6,5.6,5.6,5.6,5.6,5.6
5.4,5.4,5.4,5.4,5.4,5.4
5.5,5.5,5.5,5.5,5.5,5.5
5.5,5.5,5.5,5.5,5.5,5.5
5.7,5.7,5.7,5.7,5.7,5.7
5.5,5.5,5.5,5.5,5.5,5.5
5.6,5.6,5.6,5.6,5.6,5.6
5.4,5.4,5.4,5.4,5.4,5.4
5.4,5.4,5.4,5.4,5.4,5.4
5.3,5.3,5.3,5.3,5.3,5.3
5.1,5.1,5.1,5.1,5.1,5.1
5.2,5.2,5.2,5.2,5.2,5.2
4.9,4.9,4.9,4.9,4.9,4.9
5,5,5,5,5,5
5.1,5.1,5.1,5.1,5.1,5.1
5.1,5.1,5.1,5.1,5.1,5.1
4.8,4.8,4.8,4.8,4.8,4.8
5,5,5,5,5,5
4.9,4.9,4.9,4.9,4.9,4.9
5.1,5.1,5.1,5.1,5.1,5.1
4.7,4.7,4.7,4.7,4.7,4.7
4.8,4.8,4.8,4.8,4.8,4.8
4.6,4.6,4.6,4.6,4.6,4.6
4.6,4.6,4.6,4.6,4.6,4.6
4.4,4.4,4.4,4.4,4.4,4.4
4.4,4.4,4.4,4.4,4.4,4.4
4.3,4.3,4.3,4.3,4.3,4.3
4.2,4.2,4.2,4.2,4.2,4.2
4.1,4.1,4.1,4.1,4.1,4.1
4,4,4,4,4,4
4,4,4,4,4,4
3.8,3.8,3.8,3.8,3.8,3.8
3.8,3.8,3.8,3.8,3.8,3.8
3.8,3.8,3.8,3.8,3.8,3.8
3.9,3.9,3.9,3.9,3.9,3.9
3.8,3.8,3.8,3.8,3.8,3.8
3.8,3.8,3.8,3.8,3.8,3.8
3.8,3.8,3.8,3.8,3.8,3.8
3.7,3.7,3.7,3.7,3.7,3.7
3.7,3.7,3.7,3.7,3.7,3.7
3.6,3.6,3.6,3.6,3.6,3.6
3.8,3.8,3.8,3.8,3.8,3.8
3.9,3.9,3.9,3.9,3.9,3.9
3.8,3.8,3.8,3.8,3.8,3.8
3.8,3.8,3.8,3.8,3.8,3.8
3.8,3.8,3.8,3.8,3.8,3.8
3.8,3.8,3.8,3.8,3.8,3.8
3.9,3.9,3.9,3.9,3.9,3.9
3.8,3.8,3.8,3.8,3.8,3.8
3.8,3.8,3.8,3.8,3.8,3.8
3.8,3.8,3.8,3.8,3.8,3.8
4,4,4,4,4,4
3.9,3.9,3.9,3.9,3.9,3.9
3.8,3.8,3.8,3.8,3.8,3.8
3.7,3.7,3.7,3.7,3.7,3.7
3.8,3.8,3.8,3.8,3.8,3.8
3.7,3.7,3.7,3.7,3.7,3.7
3.5,3.5,3.5,3.5,3.5,3.5
3.5,3.5,3.5,3.5,3.5,3.5
3.7,3.7,3.7,3.7,3.7,3.7
3.7,3.7,3.7,3.7,3.7,3.7
3.5,3.5,3.5,3.5,3.5,3.5
3.4,3.4,3.4,3.4,3.4,3.4
3.4,3.4,3.4,3.4,3.4,3.4
3.4,3.4,3.4,3.4,3.4,3.4
3.4,3.4,3.4,3.4,3.4,3.4
3.4,3.4,3.4,3.4,3.4,3.4
3.4,3.4,3.4,3.4,3.4,3.4
3.4,3.4,3.4,3.4,3.4,3.4
3.4,3.4,3.4,3.4,3.4,3.4
3.4,3.4,3.4,3.4,3.4,3.4
3.5,3.5,3.5,3.5,3.5,3.5
3.5,3.5,3.5,3.5,3.5,3.5
3.5,3.5,3.5,3.5,3.5,3.5
3.7,3.7,3.7,3.7,3.7,3.7
3.7,3.7,3.7,3.7,3.7,3.7
3.5,3.5,3.5,3.5,3.5,3.5
3.5,3.5,3.5,3.5,3.5,3.5
3.9,3.9,3.9,3.9,3.9,3.9
4.2,4.2,4.2,4.2,4.2,4.2
4.4,4.4,4.4,4.4,4.4,4.4
4.6,4.6,4.6,4.6,4.6,4.6
4.8,4.8,4.8,4.8,4.8,4.8
4.9,4.9,4.9,4.9,4.9,4.9
5,5,5,5,5,5
5.1,5.1,5.1,5.1,5.1,5.1
5.4,5.4,5.4,5.4,5.4,5.4
5.5,5.5,5.5,5.5,5.5,5.5
5.9,5.9,5.9,5.9,5.9,5.9
6.1,6.1,6.1,6.1,6.1,6.1
5.9,5.9,5.9,5.9,5.9,5.9
5.9,5.9,5.9,5.9,5.9,5.9
6,6,6,6,6,6
5.9,5.9,5.9,5.9,5.9,5.9
5.9,5.9,5.9,5.9,5.9,5.9
5.9,5.9,5.9,5.9,5.9,5.9
6,6,6,6,6,6
6.1,6.1,6.1,6.1,6.1,6.1
6,6,6,6,6,6
5.8,5.8,5.8,5.8,5.8,5.8
6,6,6,6,6,6
6,6,6,6,6,6
5.8,5.8,5.8,5.8,5.8,5.8
5.7,5.7,5.7,5.7,5.7,5.7
5.8,5.8,5.8,5.8,5.8,5.8
5.7,5.7,5.7,5.7,5.7,5.7
5.7,5.7,5.7,5.7,5.7,5.7
5.7,5.7,5.7,5.7,5.7,5.7
5.6,5.6,5.6,5.6,5.6,5.6
5.6,5.6,5.6,5.6,5.6,5.6
5.5,5.5,5.5,5.5,5.5,5.5
5.6,5.6,5.6,5.6,5.6,5.6
5.3,5.3,5.3,5.3,5.3,5.3
5.2,5.2,5.2,5.2,5.2,5.2
4.9,4.9,4.9,4.9,4.9,4.9
5,5,5,5,5,5
4.9,4.9,4.9,4.9,4.9,4.9
5,5,5,5,5,5
4.9,4.9,4.9,4.9,4.9,4.9
4.9,4.9,4.9,4.9,4.9,4.9
4.8,4.8,4.8,4.8,4.8,4.8
4.8,4.8,4.8,4.8,4.8,4.8
4.8,4.8,4.8,4.8,4.8,4.8
4.6,4.6,4.6,4.6,4.6,4.6
4.8,4.8,4.8,4.8,4.8,4.8
4.9,4.9,4.9,4.9,4.9,4.9
5.1,5.1,5.1,5.1,5.1,5.1
5.2,5.2,5.2,5.2,5.2,5.2
5.1,5.1,5.1,5.1,5.1,5.1
5.1,5.1,5.1,5.1,5.1,5.1
5.1,5.1,5.1,5.1,5.1,5.1
5.4,5.4,5.4,5.4,5.4,5.4
5.5,5.5,5.5,5.5,5.5,5.5
5.5,5.5,5.5,5.5,5.5,5.5
5.9,5.9,5.9,5.9,5.9,5.9
6,6,6,6,6,6
6.6,6.6,6.6,6.6,6.6,6.6
7.2,7.2,7.2,7.2,7.2,7.2
8.1,8.1,8.1,8.1,8.1,8.1
8.1,8.1,8.1,8.1,8.1,8.1
8.6,8.6,8.6,8.6,8.6,8.6
8.8,8.8,8.8,8.8,8.8,8.8
9,9,9,9,9,9
8.8,8.8,8.8,8.8,8.8,8.8
8.6,8.6,8.6,8.6,8.6,8.6
8.4,8.4,8.4,8.4,8.4,8.4
8.4,8.4,8.4,8.4,8.4,8.4
8.4,8.4,8.4,8.4,8.4,8.4
8.3,8.3,8.3,8.3,8.3,8.3
8.2,8.2,8.2,8.2,8.2,8.2
7.9,7.9,7.9,7.9,7.9,7.9
7.7,7.7,7.7,7.7,7.7,7.7
7.6,7.6,7.6,7.6,7.6,7.6
7.7,7.7,7.7,7.7,7.7,7.7
7.4,7.4,7.4,7.4,7.4,7.4
7.6,7.6,7.6,7.6,7.6,7.6
7.8,7.8,7.8,7.8,7.8,7.8
7.8,7.8,7.8,7.8,7.8,7.8
7.6,7.6,7.6,7.6,7.6,7.6
7.7,7.7,7.7,7.7,7.7,7.7
7.8,7.8,7.8,7.8,7.8,7.8
7.8,7.8,7.8,7.8,7.8,7.8
7.5,7.5,7.5,7.5,7.5,7.5
7.6,7.6,7.6,7.6,7.6,7.6
7.4,7.4,7.4,7.4,7.4,7.4
7.2,7.2,7.2,7.2,7.2,7.2
7,7,7,7,7,7
7.2,7.2,7.2,7.2,7.2,7.2
6.9,6.9,6.9,6.9,6.9,6.9
7,7,7,7,7,7
6.8,6.8,6.8,6.8,6.8,6.8
6.8,6.8,6.8,6.8,6.8,6.8
6.8,6.8,6.8,6.8,6.8,6.8
6.4,6.4,6.4,6.4,6.4,6.4
6.4,6.4,6.4,6.4,6.4,6.4
6.3,6.3,6.3,6.3,6.3,6.3
6.3,6.3,6.3,6.3,6.3,6.3
6.1,6.1,6.1,6.1,6.1,6.1
6,6,6,6,6,6
5.9,5.9,5.9,5.9,5.9,5.9
6.2,6.2,6.2,6.2,6.2,6.2
5.9,5.9,5.9,5.9,5.9,5.9
6,6,6,6,6,6
5.8,5.8,5.8,5.8,5.8,5.8
5.9,5.9,5.9,5.9,5.9,5.9
6,6,6,6,6,6
5.9,5.9,5.9,5.9,5.9,5.9
5.9,5.9,5.9,5.9,5.9,5.9
5.8,5.8,5.8,5.8,5.8,5.8
5.8,5.8,5.8,5.8,5.8,5.8
5.6,5.6,5.6,5.6,5.6,5.6
5.7,5.7,5.7,5.7,5.7,5.7
5.7,5.7,5.7,5.7,5.7,5.7
6,6,6,6,6,6
5.9,5.9,5.9,5.9,5.9,5.9
6,6,6,6,6,6
5.9,5.9,5.9,5.9,5.9,5.9
6,6,6,6,6,6
6.28837898746036,6.32544081419676,6.35286428675387,6.36972443186539,6.2535836339568,5.96407013875597
6.3340619350251,6.38307040372708,6.35733161852919,6.38045231443697,6.22810003945904,6.00701115530628
6.29486620212013,6.33649103032146,6.33498680224108,6.26753951012806,6.09329178331308,5.88949566542683
6.91135992872273,7.15838108608423,7.36199966519291,7.26981012946794,7.05768280687638,6.71755966619473
7.66897017249332,8.12893553473235,8.24250143402602,8.23778549509035,7.90413466547916,7.61433709031524
7.80028259698314,8.16432573302151,8.08158284510484,7.98425549950219,7.60559895353801,7.23827088805704
8.00039914292599,8.15654355915688,8.11548829770247,7.84652976208337,7.49595837447859,7.12675637120408
7.85242897480249,7.76709168271906,7.57001871550627,7.22674539885338,7.05558475353801,7.09543958329362
7.4507247773293,7.23720456531659,6.91071068417467,6.69247746682888,6.53136731838304,6.86596069876138
7.42776038472972,7.19887836841726,6.95950108881872,6.73733145113209,6.619015360856,7.08349459170317
7.42915268653663,7.26927674443769,6.97150097817657,6.83535215972842,6.76997777971255,7.36955232707051
7.11627243696534,6.91123647461118,6.55535293300263,6.43844286711353,6.45512584499879,7.23104737958057
7.38859172400974,7.31191573603113,7.18136367533466,7.07807719153559,7.0477881856514,7.82953557524969
7.43212739818046,7.33136750883889,7.10545161223347,7.0153384157782,7.10056867695028,7.91313435722203
7.30993141028244,7.23622300919692,7.0154638174206,7.05058172174285,7.0454877819921,7.93444107286215
7.22093077311966,7.06038100079068,6.87246268252948,6.78012131699458,6.92551114471571,7.86450418782302
7.40233803543172,7.35753259482571,7.26325012336625,7.34141026183665,7.4141674089781,8.34021819036152
7.54233958244384,7.52536065383316,7.41530753925831,7.48648789778876,7.63036373927442,8.49847411380615
7.16253773710041,7.04484281571355,6.87348386089497,6.98258944818296,7.11810450600884,8.08044799170011
7.35750910087608,7.27116923342971,7.32863428102831,7.36176087980274,7.52046737598147,8.42344063020803
7.60573882884872,7.66547875589812,7.68955678301605,7.82762688108356,8.01679048035478,8.81533658565857
7.89582023304617,8.11078611662998,8.17010593357828,8.42886128687461,8.4945513593133,9.16095296026983
8.43378627116695,8.71895026590305,8.91605327380209,9.08578448046587,9.15002407272832,9.57235923375702
8.66819303956353,8.92922560006141,9.07650943381354,9.23101694722083,9.34172850709319,9.5697710137101
8.73619515815466,8.91540375149535,9.04377714335948,9.15498145239446,9.29800224764755,9.42351199678475
9.01801548936077,9.19653609158493,9.37523366579417,9.49185920232418,9.6359005403726,9.54671821822008
9.1202441145243,9.26033992284919,9.35183935874981,9.53985911721616,9.68047747159607,9.41466385022827
9.37116888066368,9.55093207396089,9.69979832596504,9.94817647441292,9.98760179768431,9.53912285867115
9.53545947816527,9.68921233013575,9.80554877905906,9.97442766293671,10.064462440001,9.4489914904725
9.6697007190051,9.83403644897217,9.99162555421863,10.1701073950401,10.1822748676692,9.42052948168623
9.92340126423956,10.0812213601037,10.2783009470494,10.3632698151075,10.3888874242416,9.43722004611183
9.88167929035919,9.99023692956702,10.0730339593399,10.1561474870205,10.1431630914667,9.17682781041491
10.1575349243649,10.3480007308136,10.5026968346023,10.556694581682,10.4596013517323,9.34262043684295
10.5304013501234,10.7915350836821,10.8951828160069,10.9408518375025,10.8177847522759,9.48521313347845
10.9344151842601,11.2454864772246,11.3535114133452,11.3972755738958,11.1431862561401,9.60445926759182
11.004370615529,11.1601036941546,11.1569293649576,11.046941989147,10.7870899425718,9.25497961278664
10.4621978337842,10.3467674752165,10.166118473198,9.94597000806352,9.71563739776925,8.50656535921011
10.3608970001367,10.176493411695,10.0188716245281,9.75902910663803,9.53550897750286,8.51178349993425
10.25394347812,10.053670548527,9.76111062481595,9.53490019863765,9.40480071469309,8.50223155694697
10.0810149044587,9.93889579262281,9.59493480233103,9.4379302492857,9.22659770006641,8.39921205772111
10.0534225942933,9.87953976340352,9.57795831163706,9.30728083220442,9.10824907320113,8.28325007135596
10.0395562783897,9.87452637515539,9.57018075977425,9.3185070144221,9.1049637411902,8.31421403327902
9.32742662172832,8.94963854183055,8.3948770758731,8.06176320164752,7.95311141795725,7.57376545902693
9.28298331124078,8.99988635408994,8.66160569958653,8.411048454711,8.21589925622857,7.87187449714858
9.1502595175371,8.81387714420323,8.36678599515991,8.08334796849335,8.09702826998027,7.80402913361052
8.57483023391996,8.20692583165495,7.68148839232379,7.55852439311875,7.48829002594484,7.44354116819643
8.36966495863378,7.98592448557528,7.59615361860754,7.32299251410066,7.33940956023245,7.31460558340206
8.11328451662857,7.74846827397694,7.36162343042522,7.21968198049379,7.26972803684185,7.37334051868722
7.82631442996259,7.4949158200615,7.1037796242277,7.03069064882916,7.10741285104263,7.26541279800519
7.63910715695434,7.37808211894227,7.08842193302436,7.04232998069652,7.10897020599505,7.2847457277256
7.68923084203025,7.52874272749587,7.35734989606422,7.34111234649677,7.42337567542932,7.52010212676678
7.63398611658482,7.52373103431278,7.38413736452418,7.41589392655973,7.494385187482,7.57902268525256
7.34574358894486,7.17994853325416,7.00752385782231,7.02344527731846,7.09963384068622,7.26319931728727
7.12325016728851,6.93730143424575,6.81120044702045,6.79350776753065,6.89230372096487,7.17800692929634
7.42421679722576,7.4181301536783,7.44897353335583,7.52149824228601,7.62628652308611,7.73077921916801
7.51700519210216,7.58786001057343,7.57887888279239,7.70368844988493,7.81193442602005,7.80483359805731
7.31220591172561,7.33537071977317,7.30704533224769,7.40997028961629,7.44236823874956,7.49341847350252
7.44879044508089,7.47560382384728,7.5556124650067,7.57328460284704,7.62192140454534,7.61767328275636
7.22894327722691,7.1740091568647,7.11240641066023,7.14794645542906,7.26639154566518,7.40557666500582
7.24327969304391,7.20992858071952,7.2167000588246,7.33074996066322,7.3674075094973,7.47462662764971
7.32914351676412,7.33526481070239,7.37864797236869,7.41732108397299,7.51384920680225,7.56437027413201
7.18423632103268,7.18526748837915,7.16983966350351,7.26868053204569,7.33354642706694,7.44764172056065
7.21107286039489,7.21453247170634,7.25503695990089,7.29971127450183,7.3711185878606,7.4565815649487
7.30611416874359,7.3520213526087,7.40702776174832,7.47652742029482,7.55890642873122,7.58475561881834
7.21828648038156,7.24452448132535,7.23758179544547,7.30786906928292,7.39966368401257,7.44847592348245
7.40499715029422,7.4974073393674,7.59262581661557,7.67930655365435,7.71455987248319,7.63392474418062
7.47335703717973,7.54758638157532,7.59795464622457,7.64297253965252,7.72029256989456,7.60622664133428
7.11273599513673,7.05979612542163,6.97674058468377,7.03606236796724,7.10125917388627,7.16708715906621
7.0803142061573,7.01226029591581,7.01435037742681,7.0218880921876,7.09717128286137,7.17750963955709
7.07862976408333,7.03259665714033,7.0118710929055,7.05420517403161,7.19157952173435,7.26717973290336
6.95389211273871,6.9173110506904,6.8768733128182,6.99174924481089,7.09378886170752,7.18114214586464
6.9922995725351,6.98757597137244,7.02318048581095,7.09458555736051,7.18023302175796,7.19794717904757
6.70085529204908,6.61019803783989,6.5485285286938,6.58191804508666,6.71887674121342,6.87805622748413
7.12469584487585,7.23980904569196,7.41277967066949,7.55517031150941,7.60019106651235,7.50569366497393
7.30473935718471,7.44664556971277,7.53173435942124,7.6252630876889,7.73887315884742,7.54620764396387
7.11807986166614,7.2160159286854,7.25389109089541,7.40964124813127,7.38355048769647,7.23656057388633
7.29220022821872,7.36339031084745,7.49648527084855,7.48647319633642,7.50392355702586,7.29282785957052
7.22435433893457,7.25615574708526,7.2786065690593,7.31594436304004,7.37070527780767,7.21405984861892
7.00672186998717,6.97046118391552,6.92497671321457,6.96355920576328,7.00000958415628,6.93742339781276
6.88630228143592,6.81142766369875,6.78483372535678,6.78501503997443,6.83237717470806,6.82624915171217
6.96571333886104,6.94846541601862,6.95696440637621,6.99116232182517,7.06613712390091,7.02046482481312
6.98633258070143,7.01056572479544,7.00539384959617,7.07796528513123,7.14490810971846,7.057065383308
6.90904389455596,6.91263949791918,6.90539230884682,6.9593009970715,6.9894031089708,6.90602551851423
6.61237918946028,6.50278070983781,6.43153368475318,6.41215337839002,6.48032574656405,6.55279069125715
6.53583063182608,6.43881295438169,6.41072415566543,6.42967341466548,6.5077837443958,6.61824434432843
6.56172290939643,6.51731382896172,6.4968537503016,6.54596434010315,6.67239749751599,6.75335120147483
6.560359290876,6.57460136708034,6.57313913657195,6.68393035405276,6.7600684379362,6.78518636516676
6.32080159736566,6.25355231756062,6.20132355332749,6.22772485953155,6.32136492514495,6.43874429350725
6.25464838645651,6.18856174111396,6.20024120987627,6.25067912302969,6.32386489864889,6.46979482287144
6.18674791410173,6.12092674465365,6.10334590651631,6.14233490005911,6.29295686381966,6.46632347554594
6.04017804832549,5.99480537395295,5.96850915662197,6.08152604934443,6.19185340716971,6.39293009227103
5.99142152265401,5.94809611938792,5.96127216259516,6.02598483179034,6.14562036491782,6.34619949553431
5.87142773558148,5.82494923417019,5.82848929944146,5.91383382101533,6.0476989386331,6.28510195945192
5.97408964790941,5.99795217810778,6.07848017713039,6.19675147243938,6.31812209043789,6.47936718296483
5.81900924797786,5.80941269479074,5.81913852336714,5.91141533660685,6.05998454775965,6.27662638162066
5.67608093638697,5.64804767453966,5.68201162625365,5.7891832912178,5.8915996038531,6.15499217233156
5.70404117955277,5.69016717790316,5.76099871324618,5.84275543361797,5.98990241400456,6.24574164651656
5.67766834312126,5.70258097078604,5.76014686373389,5.90609241501219,6.05321861058994,6.29812014057926
5.71189281015213,5.76867491328764,5.86302489355181,6.00112638231448,6.11963331132135,6.3182847384236
5.43045371120179,5.3900231934854,5.40074902113719,5.4793158539621,5.61415383299871,5.94670955802243
5.56476806107868,5.59288797492591,5.73233101211294,5.86946013602317,5.97092029310563,6.23170812250454
5.44150213454367,5.43566724512463,5.47237808506771,5.56268645021642,5.75295060394967,6.08003671988032
5.35006298376697,5.38313974992563,5.45347089957897,5.62964750434534,5.73034959831503,6.0536044748454
5.6484069247155,5.75550982026056,5.94752629724555,6.06230779642223,6.19960168418814,6.37784447849489
5.44000126192905,5.4942479587272,5.54714395648931,5.68355569091528,5.82797158842428,6.10262273082582
5.41439053346954,5.45877459387099,5.57178571530327,5.70226298611544,5.77948963400245,6.05931191375137
5.34539940641381,5.34083238680767,5.41755401625614,5.48543791289583,5.64493603430275,5.98873496518021
5.26905131657096,5.28829087898916,5.35179574584284,5.50309316225385,5.64425153841304,6.02162590883951
5.41862907921756,5.49242139888162,5.6315582439182,5.77209143767906,5.91534599476615,6.2141727395191
5.23658270486088,5.2566406147449,5.30996037869754,5.43683095231548,5.58697194118991,5.97489984601668
5.00002484387168,4.9518260369147,4.99020646884841,5.09264989929335,5.22162647828699,5.73835434017072
5.17850947449506,5.20801616104376,5.35638013537395,5.48526202037891,5.64644878557522,6.09731317354066
5.20993818178216,5.29097991740436,5.39461646964872,5.5733270660425,5.76217981659513,6.18836707518048
5.32031367821145,5.46422191434813,5.63414482505773,5.84254601393433,5.93474444849913,6.29279728489344
5.29515682118326,5.38048385341847,5.52555748695028,5.63043088232551,5.74825075949115,6.15436027658816
5.22144558100603,5.28118103004298,5.40671271061753,5.54018826366424,5.64281884918488,6.11554786465134
5.33589931462338,5.42212224058689,5.5793108490734,5.70441902713469,5.83915277683171,6.27384280925195
5.33208847488362,5.42864522437635,5.54712619658339,5.69707945714056,5.83445283002828,6.2744485568111
5.44202490877926,5.56883952442789,5.73060825920594,5.87973785705664,5.98441298091869,6.37478369647061
5.47015362032991,5.57343729898387,5.71259473538676,5.83059246333254,5.95819851322021,6.3519648209309
5.44028243850948,5.52026410594836,5.63676727777099,5.77334846484173,5.88654566803692,6.30990305410226
5.34619418268802,5.37306488041799,5.45340487145104,5.55602239587768,5.69730507605139,6.18677913374965
5.20350347189106,5.1920940328164,5.24545099070391,5.36037109285225,5.51584291233669,6.08558850803108
5.3888052909159,5.45480776528058,5.60475040111855,5.76024989301941,5.92373727636932,6.39387673126537
5.43724731244659,5.53135815247901,5.65262955517948,5.82044749635694,5.99922112371386,6.43828492209055
5.23409217639685,5.26990344356149,5.34269893694872,5.49566597233784,5.62844922102342,6.16457963727436
5.51722767445406,5.6287992234134,5.85171058798764,6.00885714326253,6.13623926069918,6.54289450973817
5.75877005532637,5.94667628183521,6.15687597055285,6.34132765974913,6.51374873103111,6.80894979880291
5.96635023613259,6.23039164347139,6.4654422413849,6.70496280300136,6.76430407628998,6.94581198246345
6.05139965080334,6.25037651508265,6.46920866780351,6.59337697699826,6.64692547742311,6.82343958989141
6.28327457055129,6.49948994547869,6.75481093280814,6.89969999929675,6.9258204738331,7.02064117266688
6.41980858703225,6.6162944546542,6.80848264751874,6.91209222850086,6.97516107449663,7.03291269929059
6.47438788687101,6.65861396450741,6.81845869243002,6.94064628661855,6.941633630405,6.98345943805344
6.70469255171086,6.88528959998068,7.07768134030964,7.14625464123049,7.15888594035515,7.11636083954401
6.88293413013085,7.07682149525501,7.23747776299982,7.32198516974973,7.33062205415892,7.21565260638274
6.79722420060903,6.90612483383853,6.96620048088956,7.00697410179579,7.00298938684055,6.94437745470435
6.94784669239204,7.05236169145456,7.16732627608576,7.20569910060288,7.17116046342205,7.06022515527836
6.97069342411566,7.0315065387566,7.07247178284466,7.07203141977344,7.10262670346294,7.00101349511868
6.8094415418402,6.81680970482095,6.79042258062405,6.81830650559489,6.8038807846752,6.78131428464442
6.91699131806227,6.92741228549593,6.96420941047857,6.95805587933973,6.96424069799306,6.89425872055527
6.90580575163197,6.91450784709382,6.90672592263293,6.91369772167103,6.9490190724924,6.88628747783975
6.99126880230576,7.04415685879537,7.06924150284541,7.11511641327532,7.10314031611226,6.98363400761622
7.03973309278085,7.08219447053317,7.10352245700276,7.10980850596473,7.11156854405226,6.9668299571728
7.30641882814362,7.4338485164005,7.53343313776345,7.58960050609289,7.54329954226603,7.26501807850127
7.38022201790585,7.48759033849602,7.53142559530487,7.53554666337816,7.5133761377976,7.19978196781573
7.43465265774542,7.53145602728796,7.58186059371976,7.60182656203736,7.50660140869693,7.17239633627974
7.47420656617446,7.5119633227118,7.53420327332799,7.47296108462197,7.42626952122578,7.09572943832868
7.40444980689675,7.41151861311606,7.37614816373288,7.34162678256018,7.27434939134974,6.99655451412075
7.60645078101254,7.66400734428994,7.688978321607,7.65815997266038,7.58713470302762,7.20922442894687
7.82864002141346,7.94466298155529,7.9802437388146,7.96470211093903,7.88584252527855,7.39191749955944
7.75962127499501,7.81657301823551,7.77168219936696,7.72051059204731,7.61313572839926,7.15892392036321
7.63468397197007,7.5917516984318,7.51759781413493,7.41417825749934,7.29650668559459,6.92681998565271
7.59028050474699,7.50386357058857,7.40883575742174,7.28872183934437,7.22373206624815,6.89801222302852
7.25540992160038,7.08237188725104,6.86234441619796,6.74789578157488,6.7190868612631,6.56773193922926
7.30162002083196,7.19221065984842,7.07837397825437,7.01754278317173,6.95203584151596,6.75549825458847
7.36759872227446,7.30046022069901,7.20019671459512,7.11846948412141,7.12206818432252,6.87284853023757
7.24679901152189,7.18736480170523,7.0630576386126,7.03627042023541,6.9791874851699,6.76648144234997
7.09346434567108,6.97213040835814,6.8427241277164,6.74936135707119,6.71107718771875,6.56123107886745
6.93745275747233,6.78800054449524,6.64904524932496,6.56890882644268,6.55786356217586,6.48110903197519
7.0236650258573,6.94960364567379,6.87530640195282,6.83822731603859,6.84598995566653,6.7088159930642
7.06268160547536,7.0448846142657,6.98182328290031,6.97156039824393,6.97139255748612,6.78928974333265
6.99195726775953,6.96416493852117,6.89709646877953,6.88038262625782,6.84363244458555,6.67684740280263
6.8978043444722,6.82531782612325,6.75406289381967,6.70135690051866,6.68161027908993,6.56149506573913
6.76432357925142,6.66110415987001,6.56284751982648,6.51409565087931,6.52084721570586,6.47009313694045
6.64576359333067,6.53855310824815,6.4351146589244,6.40259324745897,6.42057966710478,6.41956729999809
6.74496021613156,6.70800054735009,6.68209991405122,6.68260613301352,6.69281147253186,6.62717343872229
6.59204465337172,6.5266021290803,6.43998168047771,6.41957624732194,6.45322815720362,6.44830004357372
6.45714236925084,6.37594057155101,6.30430121561727,6.30239031473967,6.2963395633039,6.34741574920277
6.57427538068636,6.53839527152564,6.53973635302747,6.52406111439375,6.56312082539073,6.55497223073975
6.57156517248163,6.57446954416251,6.55153377629718,6.5829604166001,6.61496230008355,6.59907818475301
6.50154118127276,6.49394123673403,6.46777692744191,6.48999775211413,6.4885294853235,6.49175434847036
6.40769797374988,6.3556953709905,6.32506730758241,6.30765166557349,6.32544674845039,6.37718857391034
6.07612852008738,5.92590234015225,5.79870936584723,5.75794054298859,5.82125931292595,6.04061045027247
6.01340759597053,5.89213095352519,5.82745760719548,5.83390013532144,5.89526046046066,6.1374551206313
6.05015313564397,5.98699405154053,5.95678576008918,5.97678471901175,6.08772645644494,6.29301826591816
5.95504354450156,5.92158636624616,5.88449827385982,5.95543005384962,6.02456520871406,6.24978297658775
5.89588588270462,5.85636365902859,5.84936489846231,5.89017953939455,5.96424743869624,6.19396972800362
5.78262721715553,5.71788481429413,5.69946816922871,5.73720442248954,5.83725061619755,6.11617596645677
5.56474169241094,5.46198107903118,5.40466417098162,5.44748949910108,5.56423047982818,5.93624951223781
5.44490465219952,5.34695639172121,5.32014565096664,5.38220629478925,5.50429450006372,5.9163079647857
5.55215156949921,5.53492544002226,5.59393159163261,5.69205581669886,5.82849408094098,6.1721712470313
5.39170625781658,5.36673902636808,5.36834754183132,5.46919288642356,5.61411552557323,6.01009936064991
5.37724604289165,5.38133799991332,5.45064863654028,5.57191392733301,5.67163268763267,6.05249558446558
5.81123354494688,5.96268259864378,6.18911941607151,6.32818908905804,6.45287606007002,6.62317533560832
5.66882977474435,5.77851654675758,5.85960752673743,5.99709375158179,6.11615148458666,6.34339996296534
5.64372191975059,5.72602976806105,5.85127054268178,5.98682542191785,6.01495228483698,6.24514387142456
5.76998439880601,5.83851631520627,5.98511305978569,6.03763725621119,6.16120959124319,6.34716469839422
5.70155579494359,5.76562954994145,5.83970251391655,5.96251601660601,6.05798029676778,6.27080498725282
5.63847264501169,5.6740799492593,5.74137894743355,5.83342990242592,5.90858554471201,6.139551643488
5.52283960052277,5.50692262260055,5.55244712814382,5.61412871422985,5.70891996370988,5.99698923505464
5.58471528808699,5.60460196297537,5.68833245644114,5.78039676078772,5.88317757264417,6.1393234977714
5.60641327380464,5.65610497976543,5.73215667072957,5.83453717686558,5.94748589295865,6.17609033047716
5.61725091324383,5.68088459228158,5.77049044390546,5.88524918161374,5.96020969449693,6.16806772492285
5.54355415025238,5.56504724223219,5.63241301272903,5.69858089226674,5.79640142121076,6.0314590032172
5.50190725687179,5.5142771279522,5.57786841698529,5.66282084846929,5.75642417373833,6.01056439343256
5.60510560790801,5.65988124458932,5.76046986672776,5.85988732525859,5.96631985322761,6.16330148604787
5.62145281817323,5.6943568262326,5.77883995065324,5.89280015689764,5.98367965983668,6.15932673046992
5.34194131772235,5.31073065832034,5.30858973606867,5.37219056866029,5.4586194050271,5.7586416924059
5.48027076387141,5.4930011181797,5.60423286395043,5.69582321695361,5.77508801409001,6.01303042931216
5.1272171355927,5.03246411144577,4.97777197337677,5.00645726282279,5.18352477595115,5.57771926278772
5.1107727604576,5.07810581412134,5.1294703231722,5.27041271610814,5.33773664384358,5.7292784019035
5.22390666112764,5.23474343643208,5.32232301488299,5.3831417825364,5.56632116194266,5.87455447224016
5.3556809124006,5.47533295271265,5.61011178428945,5.80238964688413,5.88956888515551,6.13088038182869
5.48663544594477,5.62156836261665,5.77709630374646,5.89317524089925,5.9895717345494,6.13887134506425
5.35689131253631,5.42501183000176,5.52038748437613,5.62788977193049,5.68711779239169,5.90351158949384
5.24555262942744,5.24385668327444,5.31142222679541,5.36590887418535,5.45839705695001,5.73104879193809
5.18890527327777,5.17666060973668,5.23075989505811,5.3084349813369,5.42204491646099,5.73023111373348
5.09232662020146,5.07534474448145,5.10429972694746,5.18900932238838,5.31442236411933,5.65325497037188
4.88984192837986,4.83246346063161,4.83115753009799,4.90808037797254,5.02394338681847,5.43856166364894
4.96937781192001,4.96354587598069,5.04738166123531,5.14713786672008,5.27026338833425,5.63632961987144
4.90054921347401,4.90282087660187,4.9477697791589,5.04864792372037,5.20417436638405,5.58790716251568
4.78601348236308,4.78577685845404,4.83372142055606,4.96056038778481,5.06731783421072,5.48124068712517
4.91124339426491,4.95364040608904,5.0823343898667,5.19062066056283,5.32233967807986,5.66098855779584
4.71950737729761,4.7142607118886,4.7525874930547,4.85164936085015,5.00599117830781,5.42400574011046
4.58737976480203,4.56222482548616,4.61357641868681,4.72913802373616,4.84533415038153,5.30244380596171
4.69668738265691,4.72021901332305,4.83905934638009,4.9476715047508,5.11045591188577,5.50679515244607
4.59903676298185,4.6268852829942,4.69030781073968,4.8311165836804,4.99205150571506,5.42129931080989
4.60745740817431,4.65478760836899,4.76818596002721,4.9202415466586,5.03484210231748,5.43209884930528
4.73281477684341,4.8154709120081,4.97675750718273,5.11070253435757,5.25272389361711,5.5819093372763
4.34273281031093,4.2965224934727,4.2981808009115,4.39438441109556,4.54645208656987,5.04221911942254
4.3635957415093,4.35085261668467,4.46105150461273,4.59203867151975,4.70396082305225,5.17881999529934
4.50394021565832,4.55814838157766,4.69687546177021,4.81418788129979,5.01960411501932,5.42560915351302
4.4920348053163,4.58938377351894,4.71167854280058,4.9154947512678,5.04506319453431,5.4435847087094
4.56786087590692,4.67457453922575,4.8438395716512,4.98628343968045,5.09833217551753,5.41954106549182
4.64795613352903,4.7592048682167,4.9378263453599,5.07657409796874,5.19785220250101,5.49394020305234
4.5534121879745,4.61908267972531,4.729758132377,4.85350737344707,4.98329186058106,5.31895329635269
4.429163753634,4.44642985620453,4.53447755604748,4.65025096949519,4.75736685170881,5.14257363539124
4.41306375616907,4.4269778560849,4.52584893602986,4.62685468052486,4.76539625760918,5.15529524498907
4.29784435104613,4.29571397357456,4.35651652806119,4.47274969079658,4.62323860651079,5.06021512409523
4.38922905526859,4.44520445904781,4.57462146226221,4.72510935304092,4.84790098535441,5.23393051900842
4.24048898694641,4.24974302273931,4.31626316790002,4.41680299504743,4.5712704740141,4.99898264208481
4.28504025806116,4.3314497542279,4.46124161724244,4.61372454838884,4.71954650023897,5.13089922231566
4.24105748697036,4.27239374913827,4.36946179646574,4.46407010106494,4.63073603636566,5.04816155441521
4.28585262146545,4.36056311962416,4.49437361860284,4.66597426630854,4.77353026477956,5.18145129676171
4.35429114145413,4.44158120851877,4.58654359823529,4.70730143780171,4.84700070528603,5.20343400827022
4.2306142168735,4.27626351614331,4.37039313151768,4.50356391992561,4.61555687624337,5.03427581020119
4.22887146591933,4.2661267410724,4.38436867727748,4.49160062114386,4.61195042340058,5.03010458704187
4.11675360404954,4.12153742997122,4.19512592026511,4.29553638754355,4.44371316918879,4.92431372730373
4.09109219347788,4.11099096065486,4.20205880578772,4.3351193786247,4.46354187445818,4.96426811813823
4.01720409925391,4.02513257311693,4.10080820485526,4.20954338728726,4.35877713342777,4.88948402369075
3.99145243258926,4.01571988927645,4.11103875184155,4.24896529073501,4.37936559379189,4.93441829604879
4.11188967719303,4.18816059342665,4.33782011363391,4.48001163581709,4.6267783312181,5.12972811027356
4.03515094984593,4.0923097419668,4.19829891740521,4.33528581909264,4.47765422909758,5.01684939632838
3.83179244585755,3.81881230754877,3.88120757258518,3.98438840655796,4.11100099601623,4.74045583117453
3.98700070621199,4.03839900211137,4.19655168922749,4.32759923748101,4.47492286886557,5.05426988681547
4.01899396677301,4.10359748816414,4.22750029611187,4.37540229950938,4.56343368793792,5.13413096577937
4.02509923189695,4.12394623007767,4.26215758270582,4.44866241527804,4.56112919537718,5.1266347389278
4.16460861137859,4.28082765107227,4.47120610675379,4.60975260914207,4.73867940813302,5.24263230587832
3.95515113166427,3.98276241124943,4.06442511304471,4.18150677325111,4.33578817311346,4.94696417688415
3.90483762998911,3.9201472259702,4.03000966341163,4.16458349058829,4.29372248702781,4.93604171189508
3.91420578348339,3.94158287989513,4.05576590566795,4.16988140075875,4.36365230412802,4.99774023720949
3.8916924282043,3.94338402214064,4.05499263147173,4.22798455042141,4.39987229137629,5.04391567768854
4.21948362863071,4.39327927895307,4.63332307697853,4.83816418541624,4.9952548612404,5.47790973390131
4.28812031285896,4.46024556257566,4.6570259359495,4.84088160776538,5.00982845064175,5.45086559786521
4.37273825735606,4.54087880055328,4.76059762040203,4.96066798298075,5.05890973034907,5.46810543966179
4.49642908145226,4.65168955877196,4.87397302376004,5.01984108788881,5.15643967940551,5.51720305442587
4.36358013132767,4.4441641222,4.57604100165022,4.72504345613926,4.85479510293143,5.29779665588852
4.53055562870838,4.65620949478444,4.85933749531819,5.02627748045017,5.13477046123818,5.51207444638315
4.66011073185972,4.80760758059103,5.0038778669607,5.15509060680378,5.3023832371385,5.63006015142378
4.94657186284576,5.17921853795822,5.44336228709791,5.66299242382684,5.73876460333314,5.95342257606944
5.12906688215326,5.36487890282627,5.61956902743684,5.7727140768762,5.85312152439042,5.98248919726414
5.3953931269961,5.6647988401749,5.94869901749977,6.13024450153815,6.14777334132057,6.19417012527531
5.64026691772785,5.90775548651636,6.17553261640522,6.29939001240017,6.33523667715075,6.29377146681412
5.8143305169511,6.06359669837086,6.29941630909543,6.4334293192455,6.42127606801104,6.33862647094297
5.83664134731429,6.00146033226371,6.16519761227138,6.21857116786263,6.21735397423752,6.13894784923944
5.77484631036124,5.85670138916844,5.94990803297721,5.98135189988161,5.97215285802257,5.95866573885495
5.74098652128529,5.77351141972162,5.82266099738031,5.82981960602289,5.85276438153122,5.87671329487688
5.89849145776991,5.97934969532285,6.06318407880765,6.120087209312,6.13516736617834,6.11264973945525
5.84813575111235,5.89221087226011,5.91406658854727,5.93857215101078,5.96562356691408,5.95715464243875
5.81607253598886,5.83659147190016,5.86364126475724,5.89392611524841,5.87527193681323,5.88517201690398
5.82325517816768,5.82524300718338,5.84542231404027,5.83332440774298,5.86592691217451,5.87382240301644
5.68920810754387,5.6523560760532,5.61747769740734,5.62976232628619,5.65872577883769,5.73835304752575
5.68398980434597,5.65895627563342,5.65311433183213,5.66643762800505,5.6906815986475,5.76131054758372
5.68834727594829,5.67671026711219,5.67494724441168,5.69151641300406,5.73605634260609,5.80057381787292
5.88025688137802,5.95168866127806,6.0216752262816,6.0904450827384,6.10911648855091,6.08876907587294
6.04120916505228,6.15296855002734,6.24308377886814,6.30030987933066,6.31592583034047,6.20855422160427
5.86170495490183,5.88088086162691,5.88386273590542,5.89811013590515,5.88560553893469,5.85300604064565
5.91097171322197,5.92476177857512,5.97036969571691,5.97369219616739,5.95527373248857,5.91318978714089
5.90751793994955,5.90961568911263,5.91528042081743,5.90703989282384,5.94923359880664,5.92681777088033
5.979222081353,6.02412065171057,6.05573739635664,6.11073241902836,6.09942012015726,6.05236345458602
6.13600467741325,6.21998018556178,6.29154586446855,6.31168278452659,6.30809529811704,6.16933902021447
6.33017941410069,6.45746248321826,6.55831364051161,6.60515380824283,6.57307738824032,6.36010410741885
6.27612137202837,6.34014810591518,6.36914742390478,6.36131130608418,6.33359538680092,6.13965160569713
6.13095745373664,6.11383972893403,6.09253009128607,6.06323102663842,6.01195558755736,5.89938592899812
6.09757080368477,6.05297876296325,6.02075654152861,5.9683124385212,5.96527010559284,5.88322407265529
5.96826997288843,5.89584630067707,5.81422793123363,5.78624566793326,5.79863525900516,5.78903937236701
5.76846702511537,5.65334868603917,5.54294885183334,5.5065755577047,5.51139485920779,5.57297904638389
5.64847143929567,5.52347195045262,5.42889421356209,5.38717406429308,5.41138433687402,5.51540220505357
5.63346634791447,5.55001926484158,5.48392620143789,5.47453510486288,5.52438780931437,5.63101624695065
5.55608914793046,5.49000476916486,5.42409376761594,5.43522848857131,5.48071405426846,5.59824615832596
5.76156596844664,5.79782272365777,5.84424218186589,5.89831890455896,5.91078570557345,5.91917675367764
5.63603812751023,5.62292432549869,5.59767948519254,5.59605770744995,5.64620314842958,5.68512979353926
5.57991273457447,5.56020308286148,5.55877376139884,5.5934196675656,5.57942220779364,5.64836227001802
5.60876705387703,5.59327001554644,5.60348573220547,5.5885128105044,5.64319484025746,5.68786161966916
5.47488487570717,5.43424625128793,5.39552797598246,5.42565336300765,5.46001420903002,5.57488397577691
5.39037856720794,5.33689784210538,5.30941667372121,5.31493821806462,5.3469448858416,5.47586080413356
5.37179945455033,5.33211672516655,5.32259621177596,5.33722911391642,5.38637919260056,5.52366894440927
5.47177332641983,5.49253618165014,5.52410292493757,5.57641735797795,5.62711236022954,5.71719630960137
5.41446581847483,5.42361454815197,5.43140449815235,5.47087497088176,5.5145562855036,5.60877227958899
5.40505737380834,5.41287889274327,5.44359636673236,5.48135329740848,5.49832815918847,5.58890530684161
5.31375415237366,5.28473567382307,5.28138352060946,5.2827120210071,5.34094367114279,5.4665162219378
5.36858704035753,5.37923528704128,5.41071396925917,5.46739170757199,5.50283565148479,5.61677469390547
5.22079281547295,5.18350244443459,5.15736658353728,5.16606183558169,5.23522161573562,5.39259671454791
5.16884399908323,5.13601512417301,5.13783255898248,5.18594421501001,5.21129488214198,5.39395706827519
5.10041387043378,5.05195577762478,5.0407573304902,5.04341956798926,5.1290677683652,5.32630420005016
4.96032831755569,4.89907744374991,4.8665891821296,4.91393209957836,4.97522693699048,5.23649311160184
4.97713477474882,4.94834329194,4.96410226492589,5.00311785890519,5.07739302288737,5.31098904243969
4.88386421088882,4.84857724439843,4.84180049207592,4.88776183518645,4.97487188442939,5.24100887484826
4.97378661388605,4.99836836644283,5.05628064855799,5.13919751906353,5.20240868636809,5.421552441852
5.0191091393538,5.06313374157174,5.12695117921067,5.19228861384277,5.2773392063224,5.46197078696646
5.01349053738004,5.05872153219776,5.12337058543965,5.20858222287146,5.25699887364426,5.44401338428552
4.93561376597369,4.9407115155984,4.98269238186148,5.02208047306374,5.0860051456303,5.29570172800972
4.70116617875669,4.63031195042716,4.60585522857234,4.63049456864401,4.70276391449152,5.02315608416122
4.75638546139157,4.73416756464451,4.77180125645269,4.83093120546306,4.91374772390577,5.2176214535143
4.69091497324228,4.67123561077397,4.67994488245666,4.73701634686715,4.85674003138237,5.17809908839365
4.67861461279382,4.68719624036676,4.73031409399928,4.82885842820045,4.89467994470785,5.21291356414488
4.62267991421795,4.61333406044472,4.65407259171044,4.6985902336267,4.79956463246099,5.12169105661844
4.58065034777112,4.57897337360469,4.62052771538758,4.70515471936073,4.79010272949264,5.14392885455355
4.69942074354454,4.75172266292328,4.84473754384123,4.93756788586364,5.03692920978724,5.33450691965941
4.72146527758382,4.78536484756195,4.87111342748431,4.97581041701624,5.0654058587108,5.35222566057088
4.54104434536185,4.53528668334495,4.56800886778087,4.62914398053302,4.70654345787461,5.06332064071561
4.39915894353058,4.34702234950304,4.36905099156732,4.41149951446762,4.50144684158407,4.93199625391174
4.46468157450753,4.46153682921698,4.5218200736501,4.60090085905891,4.72638334504964,5.14729820151467
4.39228826012433,4.39583696945804,4.42573967328149,4.52535486080432,4.65374648318488,5.10280343405513
4.59239954101467,4.6865381497169,4.82524070288349,4.96991880457769,5.04669256692817,5.40614999518531
4.56539936210049,4.62880029032752,4.72589804955338,4.80599398020531,4.92756976065126,5.29456105015905
4.41749782536238,4.43078948425859,4.48906333129453,4.59098491002824,4.66185548123073,5.12063204160242
4.51491969461085,4.55563574937684,4.66828414445136,4.74468419627876,4.85230386214542,5.28459752404714
4.4100231464754,4.42215119069638,4.46996685402659,4.56238840343657,4.69126435822892,5.20213823730002
4.59173532405,4.68680910296003,4.82618936360225,4.97253240110581,5.05269589356377,5.49770657092402
4.75713825443831,4.88856453584334,5.05041753064496,5.16452400521919,5.280566738376,5.66598939625305
4.65730310419832,4.73526563732566,4.83358766887997,4.9509952878628,5.02567693566613,5.47100176916312
4.74403343343177,4.82847026861879,4.96983818318267,5.06125059312793,5.13105224049348,5.56057841959326
4.7375522752783,4.79726510996958,4.89495972727548,4.97466808855875,5.09124672471262,5.55859607067753
4.7160761941756,4.76922803484454,4.85191580418442,4.9647935184502,5.05241544403707,5.54680844141247
5.02193460975612,5.17285089935675,5.36133237079077,5.49335120792901,5.57933488984844,5.96120546726068
5.07497229893496,5.208506659563,5.34638203507119,5.46178638687373,5.56748813779266,5.93197598462467
4.96661312650759,5.03393238290962,5.1269202707149,5.22861481422308,5.27598060519925,5.69226681374853
5.13560049356548,5.23285907121639,5.38381113876534,5.46102150737222,5.53921076495754,5.90899546720563
5.03897511423316,5.07735212688823,5.13538646800572,5.20681996663975,5.33059649148067,5.7422171761436
5.39130515802916,5.56045849594215,5.75450607274977,5.92219531277415,5.97500296984222,6.25743862831541
5.69861673314751,5.92480345289651,6.14894516948925,6.27660961092159,6.39346557388512,6.54320299981039
5.89050069141651,6.1289115636318,6.35534011533998,6.54132282876871,6.56813417983779,6.6373847091674
6.2328986564381,6.50888775249692,6.79690703939393,6.93476240120139,6.9702171933134,6.90590595415074
6.22738499910566,6.40538750865706,6.58144160545221,6.67512498222077,6.69907531971006,6.63897120315757
6.5662229579866,6.80685372330726,7.06148352951113,7.202989379369,7.18030359140544,6.99951917838571
6.91616899505387,7.19507706239435,7.46753949046793,7.58170896102115,7.60823674442202,7.28247053867094
7.4102909776968,7.79221749712931,8.14739337578263,8.34715725216532,8.29653317806766,7.77932956127361
8.00573444431879,8.48749403030899,8.9361882231583,9.1020217700292,9.04698542717191,8.29227995958409
8.52797871513031,9.04024173013712,9.48820171218649,9.66382797858864,9.53691334412664,8.58312624695367
8.96135011352116,9.4514216628234,9.85005010178362,9.95612162739538,9.78391406302202,8.67144295766846
9.23395910369589,9.63173568450695,9.92072763927229,9.94647080138356,9.73005175402789,8.52881307564215
9.5905317631961,9.94032315123374,10.1885079245431,10.1627197987807,9.92659879382877,8.61549380187596
9.67372008206437,9.88357474271191,9.9741998773797,9.85000490972672,9.59558219662685,8.27337661036051
9.59924470189767,9.66627312599511,9.61098658919982,9.41485893424982,9.09463929845952,7.82783238703635
9.63396725849445,9.6391502146677,9.52043131945753,9.26983215853953,8.96361333454095,7.71048609519617
9.78882221239363,9.80117445871164,9.66535498020618,9.44414089832507,9.15328621035805,7.84758676835344
10.0155884760584,10.0715918827927,9.96689593422414,9.76865663973692,9.46855194956574,8.0899157858459
9.94932491661775,9.92185217641766,9.73360182377644,9.46155895849561,9.13384470013342,7.79431665704686
9.89462994365159,9.80573378996241,9.57499232964567,9.26787635236848,8.92406917359624,7.6164709022253
9.76145333970512,9.59294603261149,9.27232566877212,8.91285621395551,8.61171429455812,7.36174245270915
9.70651213984038,9.53158508928812,9.19015777968737,8.87479802614964,8.55844591923718,7.32810070939432
9.83105200595365,9.7168181602735,9.44715890693607,9.1628764709567,8.86341304445594,7.60078686218715
9.85722260958742,9.74641031290395,9.48076811336064,9.21175089628195,8.90483102026415,7.63368441354048
9.56757959758065,9.34659772202614,8.97318618049376,8.6331763505299,8.3049224818277,7.14382078019402
9.29589133787178,9.00098079741979,8.58437167029461,8.19703712373702,7.87177092886776,6.82603382039113
9.25032625213746,8.9820029481996,8.59913648083625,8.24177892461132,7.9831145735207,6.95540989521628
9.36775275700085,9.19770050608656,8.90018100007758,8.64244089393839,8.39973785127429,7.31853119496802
9.4458136606348,9.35279596450126,9.10726669168546,8.87772853727445,8.6257028007211,7.51489295330577
9.37420218537322,9.26142849412495,9.00713150370671,8.74872891557789,8.47678624590523,7.39489227763564
9.75352321717391,9.77502552385332,9.67750013270715,9.50227511994453,9.24282350391741,8.03837265211204
9.3352051312382,9.14944308341737,8.81061981693283,8.48347447629535,8.25401372210142,7.18006570027617
8.99999993947243,8.72572908021675,8.34101704824171,8.03549759295078,7.68329605261891,6.74882067030216
8.88928096441144,8.59875507178007,8.22230219236197,7.8351016030917,7.62747749851217,6.75980841931788
8.81567656762183,8.56139099710818,8.18073488626133,7.93932381544853,7.71796254917212,6.84696252575892
9.01262440539559,8.90784307144136,8.691158870701,8.49354568399157,8.27719598477629,7.34006100107892
8.96994421028944,8.86762689855722,8.65103762347399,8.43242875783322,8.20970974012214,7.28840987050255
9.05930068504424,9.00147363103417,8.84034310843922,8.648148105836,8.40335261415312,7.4594477958591
8.98581073030573,8.88466997171159,8.67482333862096,8.42924068809013,8.22037940162943,7.30377614021539
8.94338665876923,8.83479229547735,8.61165206345997,8.40023048465369,8.15737464299909,7.25659858938139
8.9638670713381,8.86283956303846,8.65836788916926,8.42482035205889,8.216527893243,7.31143329599363
8.74965952122364,8.57250334877496,8.28176567263343,8.03063974579401,7.80677401885425,6.97560789131339
8.52133752211832,8.29022939383508,7.96458448369315,7.68741389614978,7.45305910615408,6.71400014682656
8.38720172317219,8.1455936043752,7.81916006293787,7.54434944005613,7.34619111944341,6.65596448044545
8.1788623905814,7.91379286403758,7.55768310120585,7.29428842421897,7.11784704792247,6.48701732334258
8.17621436458139,7.98348785009523,7.71043572261982,7.50362780502902,7.3289806108887,6.68972994463048
8.12163005328296,7.9537186183469,7.70688517974423,7.49562857696407,7.35624925042205,6.72768730514555
8.11931769251072,7.99613805895088,7.79152170452683,7.6325086654264,7.46840122383034,6.83662752287553
8.15726980155296,8.07183575341098,7.91139311843866,7.75038468485998,7.60761697867894,6.95928859097523
8.1592775685192,8.08685421349571,7.93262469193217,7.79471137165056,7.64123012259466,6.98454548074623
8.17555509816934,8.11482939663922,7.98104698422631,7.83817160292065,7.68588409120649,7.02239427799638
8.07599223705787,7.97725085326904,7.80873942762723,7.64245771687092,7.48750576236774,6.85795928961081
7.75427033823389,7.54908764173594,7.28116608128544,7.05779902512729,6.89394291428166,6.38053182116974
7.6928068198135,7.51018220545443,7.27617876560686,7.08373933512198,6.93489872633961,6.44353994355489
7.61091746622031,7.43554946837872,7.19527631971246,7.00801687164643,6.91525325943365,6.43454103946115
7.80995640632467,7.7630484779978,7.64779621795209,7.57481702519563,7.45237532812525,6.89096995998121
8.00864477097527,8.03770284671302,8.00625161303201,7.92807263779957,7.83273941161545,7.20154202805171
7.72188678329313,7.63435998399583,7.47492524874291,7.34265242036822,7.18873906363409,6.6602353010951
7.46286454725892,7.298150511204,7.08667294484561,6.88809938290129,6.72540054090281,6.30572749470265
7.50307269210234,7.36438426358212,7.18589607085128,7.01444353529219,6.92158588978747,6.47816668404574
7.42269268870667,7.2824918469113,7.07927729567158,6.94944291477063,6.86487407198337,6.42641986750266
7.44760279777194,7.37078476848449,7.2401755538112,7.15055754044205,7.0247893410568,6.58031388449646
7.28384538191154,7.1626238566431,6.9948553161642,6.83510450094288,6.74107357238504,6.36196371702051
7.1260794198692,6.97372543858186,6.77454181376174,6.63456791321675,6.52170137502262,6.19074382660339
7.1312493771383,7.01287451197993,6.8584670866786,6.72632905625619,6.65398595550707,6.32330428899246
7.13914770930766,7.05098636228655,6.9204383211446,6.83483907270579,6.76047487421259,6.41607892995809
6.87291709711721,6.72164182973962,6.52313545904106,6.38894533527884,6.30543824353231,6.0526713439363
6.62525864265414,6.42925894819595,6.20443678795216,6.0458254644658,5.95477019474488,5.79429701894684
6.49815272748359,6.29748348074663,6.07745436335541,5.91904362373338,5.88201560643311,5.76551638000486
6.59064996024675,6.47665758539376,6.34486000698544,6.28973105440052,6.25873228093338,6.0989405246435
6.66772783511151,6.62816201639844,6.56521767269085,6.5398375508068,6.51610411056907,6.3291718865042
6.19552623724492,6.02272048663281,5.8066108012908,5.68780263262276,5.63530109907056,5.6100964540554
6.20885759643005,6.08544378543642,5.97220122435406,5.88474906475848,5.83441026019505,5.82383449081096
6.03663864703309,5.85946636978581,5.68233110869285,5.55584550227667,5.60352555748094,5.63844029005175
6.09124207193759,6.00987076411204,5.91635423801335,5.94314929540434,5.90902552923174,5.9120546665977
6.107062154037,6.06931660409232,6.03296935123201,5.99508119399008,6.03041915294856,6.04738368157898
5.86537547271144,5.76286118929026,5.64643942138382,5.62036605066339,5.60308406699136,5.68951909164538
5.66121540431063,5.52361435905466,5.3900403112225,5.30790875131538,5.32243493885426,5.48828077743988
5.71294445971386,5.62104516307766,5.55366178605702,5.53428254017003,5.5707130149374,5.71330781270291
5.5618956545363,5.45274426692709,5.34782797285431,5.32817048480285,5.38110094467377,5.5712030073219
5.64782495283729,5.62859199763953,5.62921145028079,5.67996219254487,5.69748447243973,5.86098291996031
5.51472018001078,5.45887709582439,5.41720794613715,5.39705214584842,5.4699063543213,5.68853571432757
5.34985367898699,5.26585667998087,5.1937194565028,5.20956792401524,5.23048366435067,5.49262353534932
5.37234696933225,5.32602543072085,5.31124726401333,5.30960675887218,5.38737583510099,5.6510745576499
5.56030719707808,5.5918116781874,5.66082911850786,5.75046649608708,5.82542248638043,6.01542038778893
5.3386935565117,5.31172973567722,5.28380780133186,5.32084052388316,5.38691004448873,5.65613442595492
5.1818340207255,5.1320067820916,5.10048606070615,5.12571464036116,5.15253376113636,5.47463555611056
5.07685708195726,4.98888962488898,4.93909989477516,4.90869361506066,5.01372689203632,5.37056149878312
4.92558653992143,4.81232489672881,4.72928190242069,4.75884958814942,4.83554065739662,5.22112571867409
4.96075050668317,4.92023991196936,4.92069302890453,4.97428050622962,5.07023265589038,5.45082756180446
5.08248681880757,5.10911330129784,5.18579602289346,5.28103146222811,5.3911237175893,5.73291244167148
5.02099555018176,5.04067190219357,5.09199500611933,5.18457820789078,5.28366285221129,5.64446954224938
4.81238459908717,4.77980872669518,4.77200920598634,4.82690566215504,4.90345955385614,5.33137613445706
4.87516522372168,4.8745121307257,4.92899211845513,4.99106711720582,5.10041521713897,5.51319564596126
4.98811237947249,5.02327023505884,5.11447697478176,5.21791616568,5.35257658723882,5.72038711183883
5.1203638302717,5.22142574203081,5.36563496790009,5.52770631375765,5.62239069532048,5.95405778603254
4.87251950561493,4.89215914683734,4.9238678585821,4.99491065227093,5.08431002373116,5.50623108734679
4.88791331117161,4.90900464222302,4.97999737982979,5.06010027128743,5.13779334555868,5.55932732127091
4.80760149517478,4.78125992095086,4.80134124183214,4.83531800549651,4.97672191852613,5.42173679741885
4.86009050780529,4.8803415138293,4.94804372592549,5.07702261534972,5.15779625846167,5.577940264945
5.0396255779493,5.13748187960567,5.28763542036961,5.40248346718848,5.53044968081925,5.91753919681055
4.9377241042456,4.98839562917579,5.06598656784499,5.18103656259685,5.26998343993903,5.6831265451859
4.73049470617519,4.7195108281033,4.72654239026408,4.77996742070453,4.86030499221876,5.35029569238176
4.67746425918262,4.6440086866381,4.65728708188399,4.69691318613921,4.80317634633485,5.31193307776347
4.66921723965661,4.63770628778878,4.66030256186111,4.72610134939436,4.85367392788382,5.35930461833034
4.58490406915837,4.56122904389113,4.57653921660562,4.6682467812134,4.77441696920415,5.30751598028678
4.39966647534122,4.34818757520532,4.32934010812168,4.38231928652656,4.49162764774486,5.09694694025194
4.36340985951709,4.31877080397263,4.33338059355793,4.3942111346055,4.52456453718206,5.14278106967312
4.3722300727808,4.34901118389011,4.39044994248112,4.4768448060907,4.63566335157302,5.24663028070611
4.28761191359469,4.27386127794374,4.30768624893611,4.42088343757109,4.55640639289335,5.19484164266255
4.30232351185628,4.32551829547265,4.40520393236345,4.52166666445251,4.66347653150668,5.31168151394047
4.40694193232558,4.46682276733712,4.59701659671608,4.73419239427985,4.89889311604238,5.51345103832668
4.32649626013383,4.36389362603918,4.45089345872645,4.58725039019025,4.73786347392936,5.37358112589797
4.21893296991934,4.23660282988444,4.30468712127619,4.42352732223142,4.5540944674348,5.23217380232356
4.20427768701828,4.21645821677704,4.29777020307354,4.39839929427741,4.56068123401087,5.24640432782572
4.09021842345716,4.06926382451287,4.11006674616846,4.21652667092237,4.38094090329393,5.09200634400638
0.0661616063517911,0.187831949627611,0.329359040511458,0.434890244959196,0.512645342468077,0.875225836489545
